Gene_set,Term,Overlap,P-value,Adjusted P-value,Old P-value,Old Adjusted P-value,Odds Ratio,Combined Score,Genes
ChEA_2016,HNF4A 19822575 ChIP-Seq HepG2 Human,148/6083,4.020896473997702e-12,2.557290157462538e-09,0,0,2.2582583248348334,59.25560597659851,NCKAP1;SCARB1;GMFB;ZFYVE9;CSE1L;ZFAND6;ZBTB20;F11R;TMEM140;COMT;YY1;GOLGA5;SCP2;SESN1;BBX;ANKS1A;PDE8B;TNS3;PTRF;ANKRD46;HUS1;ANXA11;ATG12;PIAS1;INPP4A;ALDH3A2;DYNC1LI2;MXRA7;PPIG;KIF20B;IL6ST;SKAP2;RTN3;SDC3;PIK3R1;AAAS;STK3;KCNV2;PDZD2;NTHL1;GRK4;RREB1;ZC3H14;TRPM3;KLHDC10;HEXIM1;SMAD2;SMAD3;HSPA4;ST8SIA3;PHKB;MRPL24;LSM4;MED13L;EXT1;SETX;EXT2;WNK1;GNAQ;NMT2;DYNLRB1;CPEB3;SERINC3;FERMT2;ZCCHC2;BMPR1A;DENND1B;CNTNAP2;RNF14;QPRT;FAM69A;VLDLR;WASL;ITGAE;PPP1R9A;EEA1;NIPBL;AKAP10;LASP1;CHL1;SPIN1;ME1;PHACTR2;TLK1;CD36;UBXN4;TEAD1;SPTAN1;CEP290;AASS;HTATIP2;HIST1H1C;NCOA2;NCOA3;AKTIP;DENND2A;CACYBP;VEZF1;PEX1;AES;SLC25A16;TGFBR3;PTP4A2;ZEB1;TST;TMEM33;ACOX1;RASA1;EHHADH;PLSCR4;SYNC;CUEDC1;RHOQ;PCYOX1;DDR2;CSTB;NFAT5;TUFT1;WRB;PRIM1;PON2;ZBTB48;TOB2;TOB1;EHBP1;NSL1;TRAK2;AURKA;LEPROTL1;CTNNA1;FAM63A;FYN;PAK2;ATF7IP;SPEN;NQO1;KCNB1;BAD;TPD52L2;KTN1;ALDH4A1;TJP1;NELL2;RAB14;SCD;SCLY;PTPN4;TRIM33
ChEA_2016,NUCKS1 24931609 ChIP-Seq HEPATOCYTES Mouse,28/588,7.996666718830383e-08,2.542940016588061e-05,0,0,3.5183823529411766,57.49619390966223,NCKAP1;CSE1L;UBE3A;PIK3R1;WASL;MTDH;YY1;SESN1;NBN;SMAD2;NCOA2;USP8;SMAD3;BAD;WWP1;MINA;AES;TJP1;TGFBR3;GNAQ;MAFG;RASA1;TCF4;DYNLRB1;IL6ST;RHOQ;VAMP3;ALDH9A1
ChEA_2016,CREB1 23762244 ChIP-Seq HIPPOCAMPUS Rat,67/2393,2.676711139836158e-07,4.770701307501258e-05,0,0,2.147874927577414,32.50487981489841,KDM5A;POP4;CSE1L;ZFAND6;ZBTB20;YY1;NIPBL;SLC39A6;BBX;NEK1;UBXN4;TEAD1;FBXO9;NCOA2;USP8;AKTIP;ATRX;H2AFV;ATG12;SLC25A16;RAP2A;TMEM33;PPIG;STAMBP;CD46;RHOQ;VAMP3;SIDT2;LEPROT;PRIM1;VPS4B;CSTF2T;AAAS;TOB2;CLCN3;TOB1;PAPSS2;TRAK2;AURKA;NTHL1;TPR;SCAI;KLHDC10;HEXIM1;MOAP1;RRM1;BAD;USP22;NR1D2;PARVA;MRPL24;TPD52L2;MED13L;KTN1;EXT1;RAB14;NOVA1;SSPN;NDUFAF3;PIN1;TCF4;ESYT1;DYNLRB1;PTPN4;FERMT2;ZCCHC2;MON1B
ChEA_2016,PPARG 20887899 ChIP-Seq 3T3-L1 Mouse,89/3565,3.000441073900162e-07,4.770701307501258e-05,0,0,1.9687280144416144,29.568988227542075,KDM5A;CLIC5;DENND1B;SCARB1;CNTNAP2;YWHAB;POP4;ZFAND6;CELF2;FAM69A;ZBTB20;WASL;ITGAE;F11R;TMEM140;PPP1R9A;EEA1;UCHL1;NIPBL;LASP1;CCDC91;SCP2;BBX;TLK1;CD36;NBN;TNPO1;TNS3;PTRF;USP8;LYPLA1;NCOA3;DENND2A;EBF2;PEX1;WIPI2;MYRIP;TGFBR3;PTP4A2;TMBIM4;ACOX1;EHHADH;STAMBP;DDR2;ALDH9A1;RTN3;NFAT5;SP140;WRB;PRIM1;PON2;VPS4B;NPR3;CSTF2T;PIK3R1;TOB1;MTDH;MYL12B;CST3;COMMD9;PDZD2;GRK4;TPR;RREB1;TRPM3;KLHDC10;HEXIM1;SMAD2;ATF7IP;NQO1;RRM1;CAV1;NEK7;PARVA;PHKB;TPD52L2;MED13L;NOVA1;GNAQ;PSMC2;SSPN;YIPF6;TCF4;TLL1;NDUFAF1;ESYT1;DYNLRB1;SERINC3;ZCCHC2
ChEA_2016,CHD1 26751641 Chip-Seq LNCaP Human,56/2000,3.247297311631219e-06,0.0004130562180394911,0,0,2.096269311205559,26.491996479266152,NCKAP1;ZFYVE9;KIAA1033;CHD4;F11R;PPP1R9A;SCP2;SESN1;ARL6IP5;ZNF124;RAB2A;USP8;ANXA11;CACYBP;ATP11B;PEX1;ATG12;SLC25A16;TGFBR3;TMBIM4;PPIG;CUEDC1;PCYOX1;SIDT2;ALDH9A1;RTN3;LEPROT;NPR3;ZBTB48;KCNA4;CSTF2T;AAAS;CLCN3;TROVE2;TOB1;NSL1;COMMD9;DNAJB4;RNF130;HSPA4;USP22;NEK7;TPD52L2;MED13L;SCD;CAPZA1;GNAQ;NMT2;RAB9A;PKN2;ESYT1;FERMT2;ZCCHC2;TRIM33;SLC25A36;BMPR1A
ChEA_2016,WT1 25993318 ChIP-Seq PODOCYTE Human,81/3464,1.6572672018724424e-05,0.0017567032339847,0,0,1.783935795010508,19.637129029053057,NCKAP1;CLIC5;DENND1B;SCARB1;CELF2;QPRT;WBP1L;ZBTB20;CHD4;WASL;F11R;PPP1R9A;PCSK5;SCP2;SCRN1;SESN1;BBX;PHACTR2;ARHGEF40;TNS3;TEAD1;PTRF;NCOA2;NCOA3;DENND2A;EBF2;HUS1;ANXA11;AES;PIAS1;INPP4A;TGFBR3;PTP4A2;ZEB1;KAT6B;FEZ2;TRIM16;SKAP2;NFAT5;LEPROT;TUFT1;CCDC69;NPR3;PIK3R1;UQCR10;ATP2C1;TOB1;MYL12B;STK3;LRP6;RMND5B;PDZD2;DNAJB4;CTNNA1;FYN;RREB1;TRPM3;KLHDC10;HEXIM1;SMAD2;SPEN;NTRK2;GSTM1;SMAD3;AMMECR1;WWP1;PARVA;PHKB;NPM3;LSM4;MED13L;EXT1;TJP1;MSRA;GNAQ;SSPN;PIN1;TCF4;CDK13;CPEB3;FERMT2
ChEA_2016,KDM5B 21448134 ChIP-Seq MESCs Mouse,85/3724,2.365751464041051e-05,0.0021494541873287,0,0,1.7449018066552913,18.586396974463373,KDM5A;NCKAP1;CNTNAP2;CSE1L;UBE3A;CHD4;WASL;ITGAE;YY1;SCPEP1;NIPBL;AKAP10;CHL1;PPAT;MLX;NEK1;TLK1;UBXN4;TNPO1;TNS3;TEAD1;PTRF;FBXO9;RAB2A;USP8;NCOA3;AKTIP;ATRX;EBF2;HUS1;H2AFV;ATP11B;VEZF1;ATG12;ALDH3A2;DYNC1LI2;PPIG;KIF20B;IL6ST;CUEDC1;NFAT5;PARG;PRIM1;VPS4B;TTK;UQCR10;EHBP1;MTDH;AURKA;TPR;CTNNA1;RNF130;PAK2;ZC3H14;MEST;BPTF;SMAD2;ATF7IP;NQO1;RRM1;HSPA4;USP22;NAGA;PARVA;TPD52L2;KTN1;SETX;TJP1;MSRA;RAB14;WNK1;CAPZA1;CDC16;PSMC2;PIN1;PKN2;TLL1;DYNLRB1;CPEB3;FBXL5;GRSF1;FERMT2;TRIM33;SLC25A36;MON1B
ChEA_2016,ZFX 18555785 ChIP-Seq MESCs Mouse,76/3249,3.31254186373282e-05,0.0026334707816675,0,0,1.7672155688622757,18.229199064163016,NCKAP1;YWHAB;RNF14;CSE1L;ZFAND6;QPRT;UBE3A;WASL;COMT;EEA1;NIPBL;GOLGA5;BBX;PHACTR2;TLK1;TNS3;TEAD1;FBXO9;HIST1H1C;USP8;LYPLA1;ANKRD46;AKTIP;DENND2A;ATRX;GTPBP8;CACYBP;ATP11B;AES;PIAS1;ALDH3A2;DYNC1LI2;TST;TMEM33;ACOX1;EHHADH;FKBP9;TCTA;CUEDC1;VAMP3;SIDT2;CSTB;WRB;VPS4B;TOB2;TOB1;MTDH;STK3;BAG5;DNAJB4;TPR;RGS20;PAK2;ZC3H14;BPTF;KCNB1;HSPA4;USP22;NEK7;WWP1;LSM4;SMAD5;TPD52L2;SETX;TJP1;EXT2;RAB14;GNAQ;SSPN;PKN2;DYNLRB1;SERINC3;GRSF1;PTPN4;TRIM33;SLC25A36
ChEA_2016,DMRT1 23473982 ChIP-Seq TESTES Mouse,54/2072,3.826209702712075e-05,0.0026573061501503,0,0,1.9233967463559671,19.56296598793877,NCKAP1;YWHAB;ZBTB20;CHD4;ITGAE;F11R;SLC4A4;YY1;SESN1;SPIN1;ME1;TLK1;ARHGEF40;TNS3;TEAD1;H2AFV;ATP11B;AES;PIAS1;INPP4A;TGFBR3;PTP4A2;MXRA7;STAMBP;CUEDC1;PARG;VPS4B;SDC3;PIK3R1;TOB2;SLC5A3;TOB1;EHBP1;MTDH;LRP6;LEPROTL1;DNAJB4;FYN;RREB1;TRPM3;BPTF;SPEN;NTRK2;HSPA4;NEK7;PHKB;NPM3;EXT1;SSPN;NMT2;TCF4;PTPN4;ZCCHC2;MON1B
ChEA_2016,RUNX1 21571218 ChIP-Seq MEGAKARYOCYTES Human,107/5071,4.178154324135765e-05,0.0026573061501503,0,0,1.6457895813588406,16.59458829119701,SCARB1;ZFYVE9;CSE1L;ZBTB20;F11R;YY1;CCDC91;GOLGA5;PPAT;ZNF329;SLC39A6;TNS3;ANKRD46;GTPBP8;DYNC1LI2;KLRF1;MXRA7;PPIG;TCTA;IL6ST;SDC3;PIK3R1;MYL12B;COMMD9;PDZD2;GRK4;ZNF148;RREB1;ZC3H14;SCAI;KLHDC10;HEXIM1;SMAD2;MOAP1;SMAD3;NEK7;MRPL24;LSM4;MED13L;SETX;MSRA;WNK1;GNAQ;CDC16;TCF4;FBXL5;ZCCHC2;DENND1B;CNTNAP2;YWHAB;KIAA1033;CHD4;WASL;PPP1R9A;EEA1;SCPEP1;LASP1;SCRN1;SPIN1;MLX;ME1;PHACTR2;UBXN4;HRAS;NCOA2;LYPLA1;NCOA3;AKTIP;DENND2A;H2AFV;VEZF1;DYNLL1;PTP4A2;TMBIM4;RASA1;CUEDC1;ALDH9A1;NFAT5;LEPROT;PRIM1;CSTF2T;TOB2;CLCN3;EHBP1;NSL1;TRAK2;CST3;RMND5B;LEPROTL1;CTNNA1;FYN;RNF130;PAK2;ATF7IP;NTRK2;RRM1;BAD;USP22;NPM3;TPD52L2;ERP44;GLB1L;RAB14;SCD;PKN2;ESYT1;PTPN4
ChEA_2016,CLOCK 20551151 ChIP-Seq 293T Human,18/407,4.7097851887657455e-05,0.0027231121636863,0,0,3.1686812886287807,31.57046893971175,HEXIM1;SCARB1;ANKRD46;ZFAND6;NPR3;MINA;F11R;DYNLL1;COMT;TOB2;TPD52L2;MTDH;LASP1;TMEM33;DNAJB4;SLC39A6;VAMP3;HIST1H1C
ChEA_2016,SMARCA4 23332759 ChIP-Seq OLIGODENDROCYTES Mouse,62/2522,5.267706227357969e-05,0.0027918843004997,0,0,1.825647332103573,17.98505515032091,NCKAP1;UBE2D4;CELF2;ZBTB20;PPP1R9A;EEA1;UCHL1;LASP1;PPAT;ARL6IP5;BBX;PHACTR2;NBN;PDE8B;TEAD1;RAB2A;NCOA2;AKTIP;HUS1;CACYBP;PIAS1;INPP4A;TGFBR3;RAP2A;ZEB1;RASA1;EHHADH;PLSCR4;FKBP9;KIF20B;IL6ST;CUEDC1;PON2;SDC3;KCNA4;CLCN3;SLC5A3;PAPSS2;MYL12B;TRAK2;CST3;PDZD2;DNAJB4;CTNNA1;FYN;TRPM3;MOAP1;NTRK2;HSPA4;CAV1;NEK7;EXT1;TJP1;NELL2;WNK1;GNAQ;PKN2;TCF4;SERINC3;FERMT2;ZCCHC2;MON1B
ChEA_2016,DACH1 20351289 ChIP-Seq MDA-MB-231 Human,46/1698,6.341240035964504e-05,0.0030913507509927,0,0,1.9785323444738896,19.12419909040693,CSTB;TUFT1;KIAA1033;WASL;TOB2;LRP6;AURKA;RMND5B;NIPBL;AKAP10;LASP1;SCRN1;GRK4;SESN1;FAM63A;TEAD1;RNF130;PAK2;HIST1H1C;SMAD3;KCNB1;HSPA4;BAD;NCOA3;USP22;DENND2A;ANXA11;ATP11B;VEZF1;MINA;WIPI2;DYNLL1;ATG12;EXT1;ALDH3A2;DYNC1LI2;GLB1L;WNK1;MAFG;SSPN;FKBP9;SCLY;CPEB3;SERINC3;SKAP2;BMPR1A
ChEA_2016,YAP1 20516196 ChIP-Seq MESCs Mouse,58/2329,6.804860143694668e-05,0.0030913507509927,0,0,1.8393651902718795,17.6492394387603,SCARB1;CNTNAP2;ZFYVE9;ZFAND6;ZBTB20;PPP1R9A;CHRDL1;EEA1;SCPEP1;NIPBL;AKAP10;LASP1;SCRN1;CHL1;SPIN1;PHACTR2;TLK1;CD36;TNS3;FBXO9;HIST1H1C;NCOA2;ANXA11;ATP11B;PIAS1;TGFBR3;TMEM33;TMEM106B;CUEDC1;SKAP2;NFAT5;PIK3R1;TOB1;PAPSS2;PDZD2;CTNNA1;RREB1;BPTF;KLHDC10;HEXIM1;ATF7IP;NTRK2;SMAD3;HSPA4;USP22;AMMECR1;PARVA;PHKB;LSM4;TJP1;NELL2;MSRA;CDC16;PKN2;TLL1;CPEB3;TRIM33;SLC25A36
ChEA_2016,NCOR 22465074 ChIP-Seq MACROPHAGES Mouse,51/2000,0.00011327861633529252,0.0048030133326164,0,0,1.8654422719095984,16.94877449829927,YWHAB;RNF14;HFE;FAM69A;ITGAE;EEA1;YY1;AKAP10;SESN1;UBXN4;TNS3;CEP290;NCOA2;NCOA3;VEZF1;WIPI2;AES;PTP4A2;RAP2A;TMBIM4;TRIM16;IL6ST;RHOQ;ALDH9A1;RTN3;NFAT5;LEPROT;SP140;PON2;CCDC69;SDC3;TOB1;EHBP1;MTDH;RMND5B;RNF130;SPEN;GSTM1;HSPA4;NAGA;TPD52L2;MED13L;EXT1;TJP1;GLB1L;RAB14;TCF4;ESYT1;CDK13;ZCCHC2;TRIM33
ChEA_2016,AR 22383394 ChIP-Seq PROSTATE CANCER Human,48/1857,0.0001348714485197794,0.0053611400786612,0,0,1.8838084708731475,16.786972318503757,NCKAP1;CLIC5;CNTNAP2;PARG;ZFYVE9;ZFAND6;ZBTB20;TTK;WASL;SLC4A4;CHRDL1;TOB1;SCPEP1;UCHL1;AKAP10;PDZD2;SCRN1;NTHL1;PPAT;DNAJB4;SLC39A6;NEK1;TNS3;USP8;HSPA4;NCOA3;ATRX;EBF2;PARVA;MYRIP;KTN1;PIAS1;SETX;TJP1;TGFBR3;ERP44;WNK1;TMEM33;NOVA1;RASA1;TLL1;MXRA7;CPEB3;FBXL5;FERMT2;ZCCHC2;TRIM33;SLC25A36
ChEA_2016,CREM 20920259 ChIP-Seq GC1-SPG Mouse,116/5776,0.00015179044397562613,0.0056787483746175,0,0,1.563834690428637,13.750813518308462,NCKAP1;SCARB1;GMFB;POP4;CSE1L;UBE3A;YY1;CCDC91;GOLGA5;SESN1;SLC39A6;NEK1;NBN;FBXO9;RAB2A;USP8;ANXA11;ATP11B;ATG12;PIAS1;INPP4A;COX7A2L;DYNC1LI2;FEZ2;PPIG;IL6ST;SKAP2;SIDT2;RTN3;AAAS;SLC5A3;MTDH;BAG5;TPR;ZC3H14;KLHDC10;HEXIM1;SMAD2;MOAP1;HSPA4;NR1D2;LSM4;SMAD5;MED13L;EXT1;SETX;WNK1;GNAQ;MAFG;NMT2;NDUFAF3;PIN1;CPEB3;FBXL5;SERINC3;GRSF1;ZCCHC2;MON1B;BMPR1A;KDM5A;RNF14;CHD4;WASL;NIPBL;SPIN1;ME1;TLK1;UBXN4;TNPO1;TEAD1;NCOA2;LYPLA1;PLA2G12A;NCOA3;AKTIP;CACYBP;VEZF1;WIPI2;DYNLL1;SLC25A16;RAP2A;ZEB1;TMEM33;RASA1;VAMP3;NFAT5;WRB;VPS4B;ZBTB48;CSTF2T;TTK;TOB2;CLCN3;ATP2C1;TOB1;NSL1;TRAK2;LRP6;AURKA;LEPROTL1;DNAJB4;RNF130;PAK2;ATF7IP;SPEN;RRM1;USP22;NPM3;TPD52L2;TJP1;NELL2;YIPF6;PKN2;PTPN4;TRIM33;SLC25A36
ChEA_2016,TCF4 23295773 ChIP-Seq U87 Human,83/3812,0.00016505983272475496,0.005832114089608,0,0,1.6381666672845665,14.267125278724103,KDM5A;CLIC5;DENND1B;CNTNAP2;ZBTB20;WASL;ITGAE;PPP1R9A;PCSK5;SCPEP1;NIPBL;CCDC91;GOLGA5;SCRN1;CHL1;PPAT;SESN1;BBX;NEK1;TLK1;CD36;UBXN4;PDE8B;TNPO1;TNS3;TEAD1;SPTAN1;AASS;ZNF124;NCOA2;ANKRD46;NCOA3;ATP11B;WIPI2;MYRIP;PIAS1;INPP4A;TGFBR3;PTP4A2;COX7A2L;RASA1;KLRF1;TRIM16;KIF20B;SYNC;IL6ST;CUEDC1;SKAP2;DDR2;NFAT5;PARG;PRIM1;CCDC69;SDC3;HIGD1A;PAPSS2;EHBP1;NSL1;LRP6;PDZD2;DNAJB4;RNF130;TRPM3;BPTF;ATF7IP;MOAP1;HSPA4;NEK7;ERAP1;PHKB;SETX;ALDH4A1;TJP1;NELL2;EXT2;MSRA;WNK1;SSPN;TLL1;ESYT1;PTPN4;ZCCHC2;BMPR1A
ChEA_2016,GATA4 21415370 ChIP-Seq HL-1 Mouse,51/2039,0.0001823790376058501,0.0061048983114379,0,0,1.824828489006327,15.71072111674697,NCKAP1;POP4;SLC4A4;AKAP10;CCDC91;ARL6IP5;NEK1;PHACTR2;NBN;TNPO1;ANXA11;GTPBP8;TGFBR3;PLSCR4;IL6ST;DDR2;ALDH9A1;NFAT5;PCOLCE2;WRB;PON2;VPS4B;CSTF2T;PIK3R1;CLCN3;NSL1;MTDH;CST3;KCNV2;PDZD2;GRK4;DNAJB4;TPR;RREB1;ATF7IP;NQO1;SMAD3;CAV1;NEK7;LSM4;SMAD5;MED13L;EXT2;RAB14;CAPZA1;PSMC2;SSPN;SERINC3;PTPN4;ZCCHC2;MON1B
ChEA_2016,SPI1 23547873 ChIP-Seq NB4 Human,72/3198,0.0001925324633172632,0.0061225323334889,0,0,1.67431053641782,14.324138147490796,DENND1B;SCARB1;YWHAB;RNF14;POP4;CSE1L;CELF2;QPRT;KIAA1033;F11R;COMT;SLC4A4;EEA1;NIPBL;AKAP10;LASP1;SCP2;MLX;TLK1;ARHGEF40;TNPO1;SPTAN1;RAB2A;SCAF11;WIPI2;ATG12;PIAS1;SLC25A16;PTP4A2;TMBIM4;TST;TMEM33;PPIG;STAMBP;KIF20B;CD46;CUEDC1;VAMP3;LEPROT;PON2;VPS4B;PIK3R1;AAAS;TOB2;ATP2C1;EHBP1;MYL12B;TRAK2;COMMD9;BAG5;FAM63A;RREB1;PAK2;KLHDC10;SMAD2;SPEN;NAGA;NR1D2;MRPL24;LSM4;TPD52L2;MED13L;SETX;WNK1;CAPZA1;NDUFAF3;SCLY;CPEB3;GRSF1;PTPN4;TRIM33;MON1B
ChEA_2016,MITF 21258399 ChIP-Seq MELANOMA Human,112/5578,0.0002181126986167052,0.0066056988723916,0,0,1.551377568099898,13.078886513091785,NCKAP1;SCARB1;GMFB;UBE2D4;ZFYVE9;CSE1L;ZBTB20;COMT;SLC4A4;GOLGA5;PPAT;SESN1;SLC39A6;BBX;NBN;ANKS1A;TNS3;RAB2A;ANKRD46;HUS1;DNAJB14;COX7A2L;DYNC1LI2;MXRA7;FKBP9;SKAP2;SIDT2;RTN3;AAAS;MTDH;STK3;KCNV2;COMMD9;NTHL1;GRK4;RREB1;SCAI;TRPM3;BPTF;HEXIM1;SMAD3;HSPA4;CAV1;NR1D2;PARVA;MINA;MED13L;EXT1;MSRA;CDC16;PIN1;TCF4;DYNLRB1;CPEB3;FBXL5;ZCCHC2;CLIC5;RNF14;QPRT;FAM69A;KIAA1033;CHD4;WASL;CHRDL1;EEA1;AKAP10;LASP1;SCRN1;CHL1;MLX;TEAD1;CEP290;NCOA2;NCOA3;DENND2A;ATRX;H2AFV;CACYBP;VEZF1;MYRIP;DYNLL1;SLC25A16;TGFBR3;PTP4A2;TMBIM4;ACOX1;EHHADH;TMEM106B;CUEDC1;RHOQ;DDR2;ALDH9A1;CSTB;PCOLCE2;TOB2;TRAK2;CTNNA1;FAM63A;RGS20;FYN;RNF130;ATF7IP;NQO1;NTRK2;KCNB1;TPD52L2;SCD;PKN2;SCLY;PTPN4;TRIM33;SLC25A36
ChEA_2016,STAT3 23295773 ChIP-Seq U87 Human,71/3165,0.00024133153799215225,0.0069766753710458,0,0,1.664054671247068,13.8604752941841,CLIC5;DENND1B;CNTNAP2;ZBTB20;UBE3A;CHD4;WASL;SLC4A4;PCSK5;SCPEP1;LASP1;CCDC91;CHL1;PPAT;BBX;NEK1;TLK1;CD36;NBN;PDE8B;TNPO1;TNS3;TEAD1;AASS;ZNF124;RAB2A;USP8;DENND2A;PEX1;MYRIP;RASA1;EHHADH;FEZ2;SKAP2;DDR2;NFAT5;SP140;CCDC69;TOB1;PAPSS2;EHBP1;TRAK2;STK3;LRP6;KCNV2;PDZD2;CTNNA1;FYN;SCAI;TRPM3;BPTF;FKTN;RRM1;KCNB1;HSPA4;CAV1;NAGA;PARVA;LSM4;EXT1;SETX;TJP1;NELL2;MSRA;GNAQ;RAB9A;TLL1;CPEB3;GRSF1;ZCCHC2;BMPR1A
ChEA_2016,TRIM28 19339689 ChIP-ChIP MESCs Mouse,69/3072,0.0002925323134037106,0.0074420220529903,0,0,1.66081105042144,13.513912269108577,YWHAB;RNF14;CSE1L;UBE3A;VLDLR;WASL;EEA1;YY1;NIPBL;AKAP10;LASP1;GOLGA5;NBN;TNPO1;TEAD1;FBXO9;LYPLA1;ANKRD46;CACYBP;WIPI2;DYNLL1;SLC25A16;DYNC1LI2;TMEM106B;IL6ST;VAMP3;NFAT5;PARG;CCDC69;NPR3;AAAS;HIGD1A;CLCN3;TROVE2;MTDH;STK3;AURKA;BAG5;DNAJB4;TPR;CTNNA1;RGS20;RREB1;MEST;ATF7IP;NQO1;NTRK2;GSTM1;SMAD3;KCNB1;HSPA4;USP22;NEK7;NR1D2;PHKB;NPM3;TPD52L2;SETX;GNAQ;MAFG;CDC16;PSMC2;NMT2;TLL1;SCLY;CPEB3;TRIM33;SLC25A36;BMPR1A
ChEA_2016,NRF2 20460467 ChIP-Seq MEFs Mouse,31/1055,0.000282085412614837,0.0074420220529903,0,0,2.1018093633829,17.178719838588382,CSTB;HFE;FAM69A;ZBTB48;KCNA4;ZBTB20;CSTF2T;SLC4A4;MTDH;EEA1;SCPEP1;CTNNA1;FYN;CEP290;HIST1H1C;GSTM3;NQO1;GSTM2;GSTM1;SMAD3;AKTIP;NEK7;NR1D2;KTN1;EXT1;MAFG;SSPN;TCF4;SYNC;DDR2;BMPR1A
ChEA_2016,NFE2L2 20460467 ChIP-Seq MEFs Mouse,31/1055,0.000282085412614837,0.0074420220529903,0,0,2.1018093633829,17.178719838588382,CSTB;HFE;FAM69A;ZBTB48;KCNA4;ZBTB20;CSTF2T;SLC4A4;MTDH;EEA1;SCPEP1;CTNNA1;FYN;CEP290;HIST1H1C;GSTM3;NQO1;GSTM2;GSTM1;SMAD3;AKTIP;NEK7;NR1D2;KTN1;EXT1;MAFG;SSPN;TCF4;SYNC;DDR2;BMPR1A
ChEA_2016,FOXM1 26456572 ChIP-Seq MCF-7 Human,49/2000,0.0004009746688611118,0.0088555754652042,0,0,1.7759837125102869,13.891056054944034,CLIC5;SLC4A4;EEA1;YY1;UCHL1;CCDC91;SLC39A6;PDE8B;TEAD1;NCOA2;ANKRD46;NCOA3;CACYBP;ATP11B;MYRIP;DYNLL1;PTP4A2;FEZ2;TMEM106B;IL6ST;CUEDC1;PIK3R1;CLCN3;PAPSS2;EHBP1;MYL12B;TRAK2;STK3;RMND5B;RNF130;PAK2;KLHDC10;ATF7IP;NQO1;SMAD3;HSPA4;MINA;MED13L;KTN1;EXT1;TJP1;NELL2;EXT2;NOVA1;GNAQ;PSMC2;SSPN;PIN1;SLC25A36
ChEA_2016,CEBPB 26923725 Chip-Seq HEMANGIOBLAST Mouse,22/652,0.0003637453361507825,0.0088555754652042,0,0,2.3954550645198127,18.969744145600163,KDM5A;GSTM2;LEPROT;SMAD3;WRB;CSE1L;CAV1;ERAP1;KCNA4;PHKB;PIK3R1;WASL;ITGAE;MYL12B;PTP4A2;COX7A2L;AKAP10;PDZD2;TMEM33;SSPN;BBX;BPTF
ChEA_2016,PRDM5 23873026 ChIP-Seq MEFs Mouse,30/1029,0.0004037919630360421,0.0088555754652042,0,0,2.0799688577466355,16.25414700708463,HFE;PON2;TTK;WASL;PPP1R9A;SCRN1;SESN1;LEPROTL1;PRRG1;SPIN1;PHACTR2;NBN;TNS3;RREB1;SPTAN1;MEST;KLHDC10;NCOA2;LYPLA1;ATRX;ERAP1;PEX1;WIPI2;SETX;RASA1;PSMC2;TMEM106B;RAB9A;CDK13;SKAP2
ChEA_2016,FOXO3 22982991 ChIP-Seq MACROPHAGES Mouse,49/2000,0.0004009746688611118,0.0088555754652042,0,0,1.7759837125102869,13.891056054944034,KDM5A;DENND1B;SCARB1;YWHAB;POP4;CSE1L;UBE3A;WASL;SCPEP1;AKAP10;ME1;PHACTR2;SPTAN1;LYPLA1;NCOA3;ANXA11;H2AFV;ATG12;ALDH3A2;ACOX1;RASA1;PPIG;CD46;SKAP2;NFAT5;CSTF2T;PIK3R1;CLCN3;NSL1;MTDH;LRP6;GRK4;LEPROTL1;TPR;CTNNA1;SMAD2;HSPA4;BAD;ERAP1;WWP1;NR1D2;NPM3;EXT1;CDC16;YIPF6;NMT2;TCF4;CDK13;MON1B
ChEA_2016,FOXA2 19822575 ChIP-Seq HepG2 Human,66/2968,0.0005416888318503283,0.0114838032352269,0,0,1.6326317835621764,12.278727864134838,FAM69A;ZBTB20;WASL;TMEM140;PPP1R9A;LASP1;CCDC91;CHL1;ZNF329;BBX;PHACTR2;TLK1;CD36;NBN;ANKS1A;TNS3;TEAD1;PTRF;NCOA2;NCOA3;VEZF1;MYRIP;AES;INPP4A;ALDH3A2;RAP2A;ACOX1;RASA1;STAMBP;CUEDC1;ZNF552;PCOLCE2;TUFT1;PRIM1;PON2;NPR3;ZBTB48;EHBP1;STK3;GRK4;FAM63A;FYN;ZNF148;RREB1;PAK2;ZC3H14;KLHDC10;SMAD3;HSPA4;NR1D2;PHKB;LSM4;MED13L;KTN1;EXT1;TJP1;NELL2;GNAQ;NMT2;DYNLRB1;CPEB3;SERINC3;PTPN4;FERMT2;TRIM33;SLC25A36
ChEA_2016,OLIG2 23332759 ChIP-Seq OLIGODENDROCYTES Mouse,49/2040,0.0006258664294555362,0.0128403564236684,0,0,1.736381445588815,12.808198221967256,CELF2;ZBTB20;UBE3A;VLDLR;TMEM140;PPP1R9A;EEA1;ARL6IP5;BBX;NEK1;PHACTR2;TEAD1;SPTAN1;NCOA2;HUS1;PIAS1;TGFBR3;RAP2A;ZEB1;TMEM33;RASA1;EHHADH;PLSCR4;TMEM106B;EXOC3;KIF20B;IL6ST;RHOQ;PIK3R1;SLC5A3;PAPSS2;TRAK2;PRRG1;PAK2;ZC3H14;TRPM3;SMAD2;RRM1;WWP1;PHKB;MINA;EXT1;TJP1;GNAQ;SSPN;NMT2;PKN2;PTPN4;MON1B
ChEA_2016,CEBPB 21427703 ChIP-Seq 3T3-L1 Mouse,48/2000,0.0007287658688210138,0.0144842216428176,0,0,1.7318501170960188,12.511158956394183,CSTB;SCARB1;RTN3;NFAT5;LEPROT;YWHAB;ZBTB48;UBE3A;TMEM140;SLC4A4;MYL12B;LRP6;LASP1;COMMD9;LEPROTL1;TPR;FAM63A;UBXN4;RREB1;TEAD1;HTATIP2;KLHDC10;RAB2A;SPEN;NQO1;USP8;GSTM2;GSTM1;SMAD3;AKTIP;NEK7;ERAP1;H2AFV;SMAD5;TPD52L2;ALDH4A1;TJP1;PTP4A2;WNK1;TMEM33;MAFG;TMEM106B;ESYT1;DYNLRB1;IL6ST;RHOQ;ZCCHC2;SIDT2
ChEA_2016,TEAD4 22529382 ChIP-Seq TROPHECTODERM Mouse,53/2293,0.0008964940374076343,0.0172778850845835,0,0,1.6725347021399652,11.73620764242987,GMFB;YWHAB;RNF14;CELF2;WASL;F11R;PCSK5;CCDC91;PPAT;NEK1;PHACTR2;NBN;TNPO1;TNS3;TEAD1;FBXO9;NCOA3;HUS1;MYRIP;INPP4A;SLC25A16;TGFBR3;FEZ2;FKBP9;IL6ST;CCDC69;SDC3;PIK3R1;MTDH;MYL12B;RMND5B;PDZD2;BAG5;CTNNA1;RREB1;KLHDC10;SMAD2;SPEN;HSPA4;USP22;PHKB;MINA;SMAD5;SETX;EXT2;RAB14;CDC16;NMT2;PKN2;TCF4;SERINC3;GRSF1;FERMT2
ChEA_2016,CTNNB1 20460455 ChIP-Seq HCT116 Human,28/988,0.00097245336941237,0.0177760854932878,0,0,2.009497549019608,13.937248906498628,YWHAB;ZBTB20;PCSK5;TROVE2;EHBP1;STK3;NIPBL;LASP1;SCRN1;FYN;ANKS1A;TEAD1;RNF130;SPEN;SMAD3;EBF2;ANXA11;MED13L;TJP1;TGFBR3;MSRA;ERP44;PTP4A2;RAP2A;GNAQ;CUEDC1;FERMT2;DDR2
ChEA_2016,ELF5 23300383 ChIP-Seq T47D Human,30/1087,0.00097824369852999,0.0177760854932878,0,0,1.959739304110165,13.580506849602951,DENND1B;GMFB;PARG;YWHAB;F11R;TOB1;MTDH;COMMD9;SCRN1;CD36;ZNF148;TNS3;RAB2A;ANKRD46;HSPA4;NCOA3;WWP1;ANXA11;NPM3;MRPL24;TPD52L2;MED13L;RAP2A;TMBIM4;ACOX1;NDUFAF1;DYNLRB1;CPEB3;CUEDC1;MON1B
ChEA_2016,FOXM1 26100407 CHIP-SEQ Hek293 flp-in Human,46/1934,0.0011456089138973,0.0202390908121866,0,0,1.7085780061390632,11.57018097215393,KDM5A;CLIC5;LEPROT;PRIM1;SDC3;KIAA1033;PIK3R1;F11R;AAAS;TOB2;MYL12B;EEA1;NIPBL;KCNV2;SCRN1;SESN1;FYN;RREB1;HIST1H1C;HEXIM1;RAB2A;ATF7IP;SPEN;NCOA2;ANKRD46;HSPA4;EBF2;CACYBP;VEZF1;DYNLL1;MRPL24;EXT1;NELL2;PTP4A2;TMBIM4;WNK1;CAPZA1;SSPN;TCF4;ZNF358;ESYT1;IL6ST;PTPN4;RHOQ;TRIM33;ZNF552
ChEA_2016,RXR 22158963 ChIP-Seq LIVER Mouse,47/2000,0.0012939200327313,0.0209296693560172,0,0,1.6881072799726375,11.226046575325592,SCARB1;GMFB;FAM69A;ZBTB48;PIK3R1;WASL;TMEM140;TOB2;CLCN3;PAPSS2;LRP6;KCNV2;SCP2;PPAT;DNAJB4;SPIN1;ME1;TLK1;TEAD1;RNF130;SCAI;AASS;FBXO9;GSTM3;GSTM2;LYPLA1;PLA2G12A;GSTM1;SMAD3;ANKRD46;NCOA3;NEK7;WWP1;NR1D2;LSM4;ALDH4A1;ALDH3A2;TGFBR3;ERP44;TST;ACOX1;MAFG;EHHADH;DYNLRB1;IL6ST;FERMT2;ALDH9A1
ChEA_2016,UTX 26944678 Chip-Seq JUKART Human,47/2000,0.0012939200327313,0.0209296693560172,0,0,1.6881072799726375,11.226046575325592,CELF2;QPRT;CSTF2T;CHD4;TTK;ITGAE;CLCN3;SLC5A3;TOB1;PAPSS2;EHBP1;MTDH;MYL12B;TRAK2;EEA1;LASP1;SCRN1;LEPROTL1;DNAJB4;NEK1;FAM63A;HIST1H1C;HEXIM1;SMAD2;GSTM1;AKTIP;H2AFV;NR1D2;CACYBP;ATP11B;VEZF1;LSM4;INPP4A;EXT1;TJP1;PTP4A2;TMBIM4;WNK1;NOVA1;CAPZA1;NMT2;MXRA7;ESYT1;FBXL5;SYNC;CD46;TRIM33
ChEA_2016,KLF4 18555785 ChIP-Seq MESCs Mouse,55/2444,0.0013163314060388,0.0209296693560172,0,0,1.6266818154637326,10.789628630386469,YWHAB;RNF14;COMT;EEA1;SPIN1;SLC39A6;NCOA3;GTPBP6;ANXA11;AES;SLC25A16;RAP2A;TST;TMEM33;FKBP9;SKAP2;VAMP3;CSTB;NFAT5;SDC3;KCNA4;PIK3R1;HIGD1A;TOB2;CLCN3;TROVE2;TOB1;MTDH;LRP6;CST3;LEPROTL1;CTNNA1;FYN;RREB1;RNF130;ZC3H14;BPTF;HEXIM1;SMAD2;SMAD3;KCNB1;BAD;USP22;NEK7;PHKB;MINA;NPM3;LSM4;CDC16;NMT2;PKN2;TCF4;SERINC3;GRSF1;BMPR1A
ChEA_2016,FOXA1 26769127 Chip-Seq PDAC-Cell line Human,47/2000,0.0012939200327313,0.0209296693560172,0,0,1.6881072799726375,11.226046575325592,DENND1B;NFAT5;ZFYVE9;TUFT1;PRIM1;HFE;ZBTB48;KIAA1033;CHD4;PIK3R1;F11R;SLC5A3;EEA1;LASP1;GOLGA5;SCP2;SCRN1;SESN1;ARL6IP5;FAM63A;NBN;TNPO1;TEAD1;HEXIM1;RAB2A;NCOA3;NEK7;ANXA11;VEZF1;KTN1;INPP4A;PTP4A2;RAP2A;TMBIM4;WNK1;SCD;PKN2;TLL1;NDUFAF1;ESYT1;STAMBP;DYNLRB1;CPEB3;CD46;IL6ST;BMPR1A;ALDH9A1
ChEA_2016,NR3C1 23031785 ChIP-Seq PC12 Mouse,26/918,0.0014848694673905,0.0228763600324226,0,0,2.0007855716670484,13.029972801919817,PARG;KCNA4;ZBTB20;PIK3R1;EEA1;UCHL1;GOLGA5;CTNNA1;BBX;TEAD1;PAK2;TRPM3;LYPLA1;PARVA;EXT1;ZEB1;SCD;GNAQ;PLSCR4;SSPN;TLL1;IL6ST;CUEDC1;FERMT2;MON1B;DDR2
ChEA_2016,EOMES 20176728 ChIP-ChIP TSCs Mouse,42/1744,0.001510703021009,0.0228763600324226,0,0,1.7214494575465251,11.181124362540151,NFAT5;LEPROT;YWHAB;TUFT1;F11R;PPP1R9A;EHBP1;STK3;RMND5B;NIPBL;LASP1;CCDC91;CTNNA1;FYN;TNPO1;RREB1;TEAD1;ZC3H14;HIST1H1C;NCOA2;SMAD3;HSPA4;USP22;ATRX;GTPBP6;HUS1;GTPBP8;CACYBP;VEZF1;PEX1;SMAD5;TPD52L2;ATG12;KTN1;EXT1;TGFBR3;MSRA;RAP2A;TMBIM4;PKN2;STAMBP;BMPR1A
ChEA_2016,ASH2L 23239880 ChIP-Seq MESCs Mouse,70/3336,0.0017506264235053,0.0258929861709165,0,0,1.5314305492691498,9.72118666050467,KDM5A;GMFB;CSE1L;WASL;PPP1R9A;EEA1;YY1;SCPEP1;LASP1;ARL6IP5;SPIN1;MLX;TNPO1;TNS3;TEAD1;HTATIP2;HUS1;H2AFV;GTPBP8;ATP11B;ATG12;PIAS1;PTP4A2;COX7A2L;TMBIM4;TST;TMEM33;RASA1;EHHADH;KIF20B;IL6ST;CUEDC1;SKAP2;NFAT5;LEPROT;CSTF2T;PIK3R1;AAAS;TOB2;TOB1;NSL1;MTDH;MYL12B;RMND5B;LEPROTL1;RREB1;KLHDC10;FKTN;HEXIM1;ATF7IP;SPEN;NTRK2;SMAD3;HSPA4;ST8SIA3;MRPL24;TPD52L2;MED13L;MSRA;GLB1L;CAPZA1;YIPF6;TLL1;NDUFAF1;DYNLRB1;CDK13;CPEB3;SERINC3;GRSF1;FERMT2
ChEA_2016,STAT3 18555785 ChIP-Seq MESCs Mouse,46/1997,0.0021787426028073,0.0310218939776454,0,0,1.6475580865052042,10.097895632105828,SCARB1;CNTNAP2;NFAT5;POP4;PRIM1;CELF2;SDC3;UBE3A;PIK3R1;EPX;PPP1R9A;MTDH;EEA1;YY1;UCHL1;GOLGA5;TPR;ARL6IP5;TNS3;RREB1;PAK2;SMAD2;ATF7IP;NQO1;BAD;NCOA3;HUS1;NR1D2;PHKB;WIPI2;KTN1;EXT1;SLC25A16;COX7A2L;RAP2A;RAB14;FEZ2;PKN2;TCF4;NDUFAF1;FBXL5;SERINC3;RHOQ;TRIM33;SLC25A36;SKAP2
ChEA_2016,PU 27001747 Chip-Seq BMDM Mouse,46/2000,0.0022437218914649,0.0310218939776454,0,0,1.6447505218449536,10.032351917004258,DENND1B;CSTB;GMFB;VPS4B;CCDC69;PIK3R1;ITGAE;F11R;TROVE2;NSL1;MYL12B;TRAK2;EEA1;RMND5B;AKAP10;LASP1;SESN1;PHACTR2;FYN;UBXN4;TNS3;RNF130;CEP290;HEXIM1;NCOA2;LYPLA1;HSPA4;NEK7;HUS1;VEZF1;AES;INPP4A;EXT1;ALDH3A2;SLC25A16;PTP4A2;RAP2A;GLB1L;MAFG;EHHADH;ESYT1;SCLY;PTPN4;RHOQ;ZCCHC2;ALDH9A1
ChEA_2016,BRD4 27068464 Chip-Seq AML-cells Mouse,46/2000,0.0022437218914649,0.0310218939776454,0,0,1.6447505218449536,10.032351917004258,NCKAP1;DENND1B;CSTB;SP140;VPS4B;SDC3;ITGAE;TOB2;TOB1;YY1;RMND5B;AKAP10;LASP1;ARL6IP5;UBXN4;TNS3;RNF130;BPTF;KLHDC10;HIST1H1C;SPEN;NCOA2;LYPLA1;HSPA4;NCOA3;USP22;NEK7;ERAP1;NAGA;CACYBP;VEZF1;NPM3;LSM4;SMAD5;AES;GLB1L;WNK1;MAFG;PSMC2;TCF4;TRIM16;ESYT1;KIF20B;PTPN4;BMPR1A;ALDH9A1
ChEA_2016,PAX3-FKHR 20663909 ChIP-Seq RHABDOMYOSARCOMA Human,28/1063,0.0028172997866518,0.0381234609427788,0,0,1.85642227905655,10.900867765039994,SCARB1;SDC3;KCNA4;ZBTB20;CSTF2T;PIK3R1;VLDLR;PPP1R9A;TRAK2;EEA1;CHL1;FYN;ANKS1A;TNS3;TRPM3;HTATIP2;HIST1H1C;NEK7;ATP11B;MED13L;TGFBR3;COX7A2L;DYNC1LI2;ZEB1;RASA1;EHHADH;PKN2;TRIM33
ChEA_2016,WT1 20215353 ChIP-ChIP NEPHRON PROGENITOR Mouse,39/1663,0.0035503515754385,0.0470421583745606,0,0,1.663184417643395,9.381538722936313,NCKAP1;NFAT5;CCDC69;UBE3A;CHD4;PIK3R1;VLDLR;WASL;PPP1R9A;SLC4A4;TOB1;EHBP1;MTDH;LASP1;SPIN1;BBX;FYN;RREB1;PTRF;HIST1H1C;HEXIM1;NCOA2;PLA2G12A;SMAD3;GTPBP6;PARVA;VEZF1;DYNLL1;ALDH4A1;TGFBR3;DYNC1LI2;RAP2A;WNK1;TMEM106B;PIN1;SYNC;RHOQ;TRIM33;SKAP2
ChEA_2016,GATA6 25053715 ChIP-Seq YYC3 Human,45/2000,0.0037989917412588,0.049309362192666,0,0,1.6017752369489997,8.926724756200057,RTN3;NFAT5;GMFB;YWHAB;RNF14;TUFT1;POP4;F11R;EPX;TOB2;TOB1;EHBP1;TRAK2;NIPBL;FAM63A;SPTAN1;FBXO9;HTATIP2;BPTF;HIST1H1C;SPEN;GSTM3;NQO1;LYPLA1;USP22;WWP1;ANXA11;CACYBP;ATP11B;MED13L;TJP1;ALDH3A2;TGFBR3;EXT2;PTP4A2;RAP2A;RAB14;CAPZA1;MAFG;ESYT1;CDK13;CD46;SERINC3;TRIM33;BMPR1A
ChEA_2016,SOX17 20123909 ChIP-Seq XEN Mouse,44/1947,0.0038907594776055,0.049490460555143,0,0,1.607388005780347,8.919638602058516,CNTNAP2;NFAT5;LEPROT;PCOLCE2;ZFAND6;ZBTB20;CSTF2T;TTK;TOB2;CLCN3;EEA1;CST3;BBX;FYN;TEAD1;PAK2;ZC3H14;HIST1H1C;HEXIM1;SMAD2;ATF7IP;RRM1;ANKRD46;BAD;DENND2A;NEK7;GTPBP6;AMMECR1;MINA;WIPI2;KTN1;TGFBR3;MSRA;PTP4A2;WNK1;TMEM33;ACOX1;TCF4;DYNLRB1;CPEB3;CD46;RHOQ;SKAP2;BMPR1A
ChEA_2016,SMARCD1 25818293 ChIP-Seq ESCs Mouse,47/2119,0.0040578566049256,0.0499637486385512,0,0,1.5804859065728631,8.703894528127606,DENND1B;CNTNAP2;NFAT5;ZFYVE9;YWHAB;PON2;ZBTB20;VLDLR;PPP1R9A;CLCN3;ATP2C1;SLC4A4;PCSK5;EHBP1;NIPBL;KCNV2;GOLGA5;PDZD2;CHL1;SESN1;RGS20;FYN;PDE8B;ZC3H14;AASS;ATF7IP;NCOA2;GSTM2;LYPLA1;SCAF11;USP22;ATP11B;MYRIP;EXT1;NELL2;EXT2;MSRA;COX7A2L;ZEB1;RASA1;TLL1;MXRA7;FKBP9;PPIG;KIF20B;SYNC;SLC25A36
ChEA_2016,FLI1 21571218 ChIP-Seq MEGAKARYOCYTES Human,109/5834,0.0041469221375617,0.0499637486385512,0,0,1.3930588262191637,7.641469385473861,NCKAP1;SCARB1;POP4;F11R;YY1;GOLGA5;SCP2;ZNF329;ARL6IP5;SLC39A6;TNS3;PTRF;EBF2;ANXA11;DNAJB14;INPP4A;PPIG;TCTA;STAMBP;KIF20B;IL6ST;ZNF552;NPR3;PIK3R1;AAAS;MYL12B;COMMD9;BAG5;NTHL1;SCAI;TRPM3;KLHDC10;HEXIM1;SMAD2;MOAP1;HSPA4;PHKB;MRPL24;LSM4;MED13L;EXT1;SETX;MSRA;GNAQ;CDC16;NDUFAF3;NDUFAF1;DYNLRB1;FBXL5;SERINC3;GRSF1;ZCCHC2;MON1B;KDM5A;CNTNAP2;YWHAB;RNF14;KIAA1033;WASL;ITGAE;PPP1R9A;PCSK5;EEA1;SCPEP1;NIPBL;AKAP10;LASP1;SCRN1;SPIN1;MLX;CD36;UBXN4;HTATIP2;LYPLA1;AKTIP;DENND2A;PEX1;WIPI2;MYRIP;DYNLL1;PTP4A2;RAP2A;TMBIM4;TMEM33;EHHADH;CD46;ALDH9A1;NFAT5;PCOLCE2;VPS4B;CCDC69;CSTF2T;TTK;CLCN3;EHBP1;NSL1;CST3;PAK2;RRM1;BAD;TPD52L2;NELL2;ERP44;GLB1L;RAB14;CAPZA1;PSMC2;ESYT1;PTPN4
ChEA_2016,NANOG 21062744 ChIP-ChIP HESCs Human,23/840,0.0041636457198792,0.0499637486385512,0,0,1.9190973403620712,10.519271483741868,HEXIM1;SMAD2;NQO1;LEPROT;GMFB;YWHAB;TUFT1;CACYBP;PHKB;MINA;VLDLR;WIPI2;EHBP1;NSL1;MTDH;EXT1;CST3;RMND5B;UCHL1;CPEB3;GRSF1;TNPO1;SLC25A36
ChEA_2016,SFPI1 20887958 ChIP-Seq HPC-7 Mouse,51/2369,0.0049737301285565,0.0577069462699765,0,0,1.53587949728162,8.145667757703508,KDM5A;DENND1B;YWHAB;RNF14;CSE1L;VLDLR;EEA1;YY1;LASP1;NEK1;UBXN4;RAB2A;USP8;NCOA3;AES;SLC25A16;RAP2A;TMEM33;TMEM106B;PPIG;KIF20B;VAMP3;ALDH9A1;NFAT5;PARG;SP140;WRB;SLC5A3;NSL1;MYL12B;NTHL1;GRK4;TPR;CTNNA1;KLHDC10;FKTN;HEXIM1;SMAD2;BAD;PHKB;MINA;LSM4;TPD52L2;MED13L;SETX;CDC16;PSMC2;PIN1;ZCCHC2;TRIM33;MON1B
ChEA_2016,SALL4 18804426 ChIP-ChIP XEN Mouse,26/1005,0.0049903805736614,0.0577069462699765,0,0,1.8145508227522495,9.617560486710792,NCKAP1;LEPROT;VPS4B;TTK;PPP1R9A;CLCN3;EHBP1;STK3;CST3;BBX;LYPLA1;KCNB1;DENND2A;NEK7;MYRIP;SMAD5;KTN1;NELL2;MSRA;PTP4A2;WNK1;NMT2;IL6ST;CUEDC1;RHOQ;SLC25A36
ChEA_2016,TCF3 18467660 ChIP-ChIP MESCs Mouse,33/1388,0.0059196421573257,0.065468291612598,0,0,1.6733280815954228,8.583301720359392,NCKAP1;GMFB;PCOLCE2;CSE1L;NPR3;UBE3A;TTK;WASL;HIGD1A;PPP1R9A;MTDH;CST3;YY1;TNPO1;HTATIP2;SMAD2;LYPLA1;KCNB1;NEK7;AMMECR1;WIPI2;MYRIP;SMAD5;EXT1;NELL2;EXT2;GNAQ;PKN2;FBXL5;IL6ST;GRSF1;SLC25A36;VAMP3
ChEA_2016,SOX2 20726797 ChIP-Seq SW620 Human,54/2564,0.0059748140774335,0.065468291612598,0,0,1.5033524438830046,7.69746863846933,CLIC5;CETN2;QPRT;FAM69A;VLDLR;WASL;F11R;COMT;ARL6IP5;SLC39A6;NEK1;PHACTR2;TNS3;PTRF;ZNF124;HTATIP2;HUS1;DNAJB14;ALDH3A2;TGFBR3;RAP2A;TMBIM4;RASA1;FEZ2;MXRA7;TRIM16;TCTA;IL6ST;CUEDC1;RHOQ;VAMP3;ZNF552;CSTB;RTN3;PARG;PRIM1;CCDC69;TTK;PIK3R1;PAPSS2;TRAK2;LEPROTL1;FYN;ATF7IP;SMAD3;CAV1;WWP1;SMAD5;EXT1;TJP1;SSPN;RAB9A;ZCCHC2;MON1B
ChEA_2016,LXR 22158963 ChIP-Seq LIVER Mouse,44/2000,0.0062791914911454,0.065468291612598,0,0,1.559176891615542,7.905828335743581,DENND1B;SCARB1;LEPROT;GMFB;QPRT;PIK3R1;UQCR10;TMEM140;TOB2;SLC4A4;TOB1;PAPSS2;TRAK2;LRP6;SCP2;ME1;TLK1;FAM63A;CD36;RREB1;TEAD1;AASS;HTATIP2;HIST1H1C;SPEN;GSTM3;NCOA2;PLA2G12A;NR1D2;MYRIP;LSM4;ALDH4A1;ALDH3A2;TGFBR3;PTP4A2;ACOX1;EHHADH;FEZ2;TMEM106B;GRSF1;FERMT2;ZCCHC2;MON1B;PCYOX1
ChEA_2016,KLF6 26769127 Chip-Seq PDAC-Cell line Human,44/2000,0.0062791914911454,0.065468291612598,0,0,1.559176891615542,7.905828335743581,NCKAP1;RTN3;PCOLCE2;YWHAB;TUFT1;ZBTB48;KIAA1033;CHD4;YY1;LASP1;ARL6IP5;CTNNA1;TEAD1;HEXIM1;SPEN;GSTM3;NCOA2;CAV1;AKTIP;NEK7;WWP1;ANXA11;PARVA;CACYBP;VEZF1;MED13L;TJP1;TGFBR3;PTP4A2;MAFG;NMT2;PKN2;ESYT1;STAMBP;KIF20B;CDK13;FBXL5;SYNC;CD46;FERMT2;TRIM33;SLC25A36;VAMP3;BMPR1A
ChEA_2016,KDM2B 26808549 Chip-Seq DND41 Human,44/2000,0.0062791914911454,0.065468291612598,0,0,1.559176891615542,7.905828335743581,KDM5A;DENND1B;SCARB1;LEPROT;ZFYVE9;WRB;CELF2;ZBTB48;CHD4;PIK3R1;ITGAE;AAAS;PCSK5;TROVE2;TOB1;EHBP1;YY1;TNS3;HRAS;HEXIM1;SPEN;NCOA2;BAD;AKTIP;USP22;NEK7;CACYBP;WIPI2;LSM4;ALDH4A1;TGFBR3;PTP4A2;ZEB1;WNK1;SCD;MAFG;NMT2;PKN2;CDK13;ZCCHC2;TRIM33;SLC25A36;SIDT2;ALDH9A1
ChEA_2016,RARB 27405468 Chip-Seq BRAIN Mouse,44/2000,0.0062791914911454,0.065468291612598,0,0,1.559176891615542,7.905828335743581,DENND1B;CNTNAP2;CELF2;CHD4;PIK3R1;VLDLR;TOB1;RMND5B;UCHL1;LASP1;SCRN1;NTHL1;CHL1;CTNNA1;PDE8B;TRPM3;KLHDC10;HIST1H1C;HEXIM1;SMAD2;ATF7IP;SPEN;LYPLA1;KCNB1;HSPA4;AKTIP;ST8SIA3;GTPBP6;HUS1;WWP1;H2AFV;NR1D2;MINA;TPD52L2;KTN1;EXT1;SETX;TGFBR3;TST;EHHADH;CDK13;IL6ST;GRSF1;ZCCHC2
ChEA_2016,PPARG 23326641 ChIP-Seq C3H10T1-2 Mouse,22/838,0.0080758129277326,0.0828422100328702,0,0,1.8313937085625616,8.825269706026019,USP8;RTN3;NFAT5;WRB;CSE1L;WWP1;NR1D2;CACYBP;WIPI2;TOB1;NSL1;AURKA;EXT2;MSRA;RAP2A;CCDC91;TMBIM4;SESN1;TMEM106B;TEAD1;ZC3H14;FBXO9
ChEA_2016,PPARG 20176806 ChIP-Seq 3T3-L1 Mouse,40/1807,0.0082680348232164,0.0834677801200901,0,0,1.5613599756214358,7.487280714123856,CNTNAP2;CCDC69;ZBTB20;UBE3A;CHD4;TTK;PIK3R1;VLDLR;WASL;TMEM140;CCDC91;PDZD2;BAG5;SCRN1;TPR;CD36;RREB1;PTRF;SMAD2;NCOA3;CAV1;DENND2A;NR1D2;PARVA;EXT1;TGFBR3;MSRA;COX7A2L;RAP2A;ZEB1;TST;CAPZA1;SSPN;PKN2;TCF4;DYNLRB1;CPEB3;PTPN4;SKAP2;VAMP3
ChEA_2016,CEBPD 23245923 ChIP-Seq MEFs Mouse,15/504,0.0094695752359865,0.0941039039076165,0,0,2.0676999246582715,9.634801843831152,ZFAND6;CELF2;ZBTB20;ATP2C1;EXT1;EEA1;NIPBL;AKAP10;RASA1;BBX;PKN2;FYN;KIF20B;CPEB3;TRPM3
ChEA_2016,POU5F1 18555785 ChIP-Seq MESCs Mouse,16/555,0.0099782165235402,0.0947383323776528,0,0,2.0027698659489404,9.227463563768552,ATF7IP;MOAP1;NFAT5;KCNB1;WRB;ANXA11;CSTF2T;WIPI2;AAAS;NSL1;LRP6;AURKA;TGFBR3;TMBIM4;PSMC2;NDUFAF1
ChEA_2016,TCF7 22412390 ChIP-Seq EML Mouse,43/2000,0.0101292556630194,0.0947383323776528,0,0,1.5169510228671297,6.966335810329569,KDM5A;NFAT5;SP140;ZFAND6;CELF2;CHD4;TOB2;TOB1;LRP6;YY1;GOLGA5;BBX;NEK1;FAM63A;RREB1;HIST1H1C;SMAD2;NCOA2;GSTM2;PLA2G12A;SMAD3;NCOA3;NR1D2;CACYBP;DNAJB14;ATP11B;SMAD5;MED13L;AES;KTN1;INPP4A;SETX;MSRA;PTP4A2;WNK1;RASA1;EHHADH;NMT2;PKN2;CDK13;CUEDC1;ZCCHC2;TRIM33
ChEA_2016,FOXA1 26743006 Chip-Seq LNCaP-abl Human,43/2000,0.0101292556630194,0.0947383323776528,0,0,1.5169510228671297,6.966335810329569,DENND1B;RTN3;PRIM1;ZFAND6;VPS4B;FAM69A;F11R;TOB1;LRP6;SCP2;SESN1;DNAJB4;ME1;BBX;TLK1;ZNF148;UBXN4;TNPO1;CEP290;HEXIM1;SMAD2;ATF7IP;RRM1;SMAD3;NEK7;WWP1;NR1D2;CACYBP;ATP11B;SLC25A16;CDC16;NMT2;TMEM106B;TCF4;ESYT1;SCLY;CPEB3;CD46;IL6ST;CUEDC1;SLC25A36;VAMP3;ALDH9A1
ChEA_2016,KDM2B 26808549 Chip-Seq HPB-ALL Human,43/2000,0.0101292556630194,0.0947383323776528,0,0,1.5169510228671297,6.966335810329569,NCKAP1;LEPROT;ZFYVE9;CCDC69;FAM69A;ZBTB48;PIK3R1;WASL;ITGAE;AAAS;TOB2;TOB1;EEA1;YY1;SCRN1;SESN1;ZNF148;UBXN4;RREB1;HRAS;ZC3H14;HEXIM1;SPEN;BAD;NEK7;ERAP1;H2AFV;CACYBP;VEZF1;MED13L;KTN1;PIAS1;ALDH4A1;TJP1;PTP4A2;WNK1;GNAQ;PKN2;DYNLRB1;CDK13;ZCCHC2;TRIM33;ALDH9A1
ChEA_2016,VDR 23849224 ChIP-Seq CD4+ Human,47/2231,0.0103192142502581,0.09503290958002,0,0,1.4899086420825551,6.814466165887576,NCKAP1;RTN3;UBE2D4;POP4;VPS4B;CSTF2T;AAAS;TMEM140;TOB2;NSL1;MTDH;YY1;NIPBL;GOLGA5;SCP2;LEPROTL1;DNAJB4;TPR;ARL6IP5;NEK1;ANKS1A;ZNF148;UBXN4;CEP290;HIST1H1C;MOAP1;ANKRD46;HSPA4;ATRX;WWP1;DNAJB14;MRPL24;LSM4;EXT1;SLC25A16;DYNC1LI2;CDC16;PSMC2;TMEM106B;PKN2;NDUFAF1;STAMBP;SCLY;CDK13;SERINC3;PTPN4;ZNF552
ChEA_2016,SMAD4 21799915 ChIP-Seq A2780 Human,51/2464,0.0104595969663544,0.09503290958002,0,0,1.467348049470988,6.691452448928335,NCKAP1;CLIC5;DENND1B;CNTNAP2;GMFB;ZFYVE9;ZBTB20;ITGAE;SLC4A4;NIPBL;CCDC91;TEAD1;FBXO9;HTATIP2;MYRIP;INPP4A;ZEB1;TMEM33;PLSCR4;FKBP9;KIF20B;CD46;SKAP2;DDR2;SDC3;KCNA4;PIK3R1;MTDH;LRP6;PDZD2;ZNF148;RREB1;ZC3H14;TRPM3;KLHDC10;FKTN;ATF7IP;NEK7;AMMECR1;WWP1;PHKB;MINA;EXT1;EXT2;MSRA;NOVA1;GNAQ;SSPN;CDK13;TRIM33;SLC25A36
ChEA_2016,BRD4 25478319 ChIP-Seq HGPS Human,48/2326,0.0136588638918783,0.1216882525361791,0,0,1.4567498641247545,6.254361209340382,NCKAP1;LEPROT;CSE1L;KCNA4;WBP1L;ZBTB20;PIK3R1;ITGAE;PPP1R9A;SLC4A4;MTDH;NIPBL;CCDC91;SCP2;SESN1;LEPROTL1;CTNNA1;TEAD1;PTRF;KLHDC10;FKTN;SMAD3;ANKRD46;HSPA4;CAV1;DENND2A;ANXA11;PARVA;PHKB;MRPL24;MED13L;PIAS1;EXT1;PTP4A2;COX7A2L;RAP2A;GNAQ;FEZ2;SSPN;TCF4;MXRA7;FKBP9;KIF20B;SYNC;CUEDC1;FERMT2;VAMP3;DDR2
ChEA_2016,NFE2L2 22581777 ChIP-Seq LYMPHOBLASTOID Human,15/527,0.0137760285890014,0.1216882525361791,0,0,1.972450657894737,8.451606395206493,SPEN;ANKRD46;CELF2;CCDC69;ATP2C1;EHBP1;STK3;SETX;EXT2;CCDC91;COMMD9;KAT6B;NEK1;TLK1;RREB1
ChEA_2016,ESRRB 18555785 ChIP-Seq MESCs Mouse,32/1434,0.0158479132455554,0.1278535484306031,0,0,1.558370770966849,6.459006518269131,RTN3;YWHAB;RNF14;SDC3;NPR3;CHD4;AAAS;COMT;HIGD1A;TOB1;GOLGA5;SPIN1;CTNNA1;PDE8B;PTRF;AASS;HIST1H1C;NCOA2;PLA2G12A;RRM1;GTPBP6;WWP1;ATP11B;MYRIP;TPD52L2;SETX;COX7A2L;RAB14;MAFG;TMEM106B;GRSF1;SLC25A36
ChEA_2016,NELFA 20434984 ChIP-Seq ESCs Mouse,42/2000,0.0159440183807249,0.1278535484306031,0,0,1.4750932370477707,6.104926403798475,SCARB1;RTN3;NFAT5;LEPROT;CSE1L;TTK;ITGAE;F11R;AAAS;TOB2;CLCN3;SLC5A3;TROVE2;TOB1;EEA1;UCHL1;DNAJB4;SLC39A6;NEK1;HIST1H1C;HEXIM1;USP8;HSPA4;NCOA3;AKTIP;WWP1;CACYBP;WIPI2;DYNLL1;ATG12;PIAS1;SETX;ALDH3A2;MSRA;TST;WNK1;EXOC3;PIN1;TCF4;SERINC3;TRIM33;PCYOX1
ChEA_2016,TCF4 22108803 ChIP-Seq LS180 Human,42/2000,0.0159440183807249,0.1278535484306031,0,0,1.4750932370477707,6.104926403798475,CLIC5;CNTNAP2;PCOLCE2;YWHAB;TOB2;PCSK5;NSL1;STK3;LRP6;CST3;YY1;UCHL1;NIPBL;SCRN1;CHL1;SESN1;DNAJB4;CTNNA1;ME1;CD36;TNS3;RREB1;TEAD1;SCAI;TRPM3;RAB2A;ATF7IP;NCOA2;SMAD3;CAV1;ATRX;MYRIP;COX7A2L;RAP2A;TMEM33;GNAQ;RASA1;TCF4;STAMBP;FERMT2;TRIM33;SLC25A36
ChEA_2016,MYB 26560356 Chip-Seq TH1 Human,42/2000,0.0159440183807249,0.1278535484306031,0,0,1.4750932370477707,6.104926403798475,DENND1B;CSTB;NFAT5;ZFYVE9;CELF2;FAM69A;CSTF2T;CHD4;F11R;TOB1;EEA1;YY1;NIPBL;BAG5;SESN1;DNAJB4;ARL6IP5;NEK1;PHACTR2;PDE8B;HRAS;HEXIM1;GSTM3;NCOA3;NEK7;ANXA11;GTPBP8;CACYBP;MRPL24;KTN1;PTP4A2;RAP2A;TMBIM4;SCD;GNAQ;PIN1;ESYT1;KIF20B;CPEB3;TRIM33;SIDT2;ALDH9A1
ChEA_2016,MAF 26560356 Chip-Seq TH1 Human,42/2000,0.0159440183807249,0.1278535484306031,0,0,1.4750932370477707,6.104926403798475,DENND1B;TUFT1;CELF2;FAM69A;ZBTB48;CSTF2T;AAAS;TOB1;EHBP1;LASP1;LEPROTL1;DNAJB4;ARL6IP5;TNPO1;BPTF;HEXIM1;ATF7IP;SPEN;GSTM3;NQO1;SMAD3;HSPA4;NCOA3;USP22;NEK7;ANXA11;NR1D2;NPM3;AES;PTP4A2;RAP2A;WNK1;CAPZA1;NMT2;TCF4;ESYT1;STAMBP;KIF20B;ZCCHC2;TRIM33;VAMP3;BMPR1A
ChEA_2016,GATA3 26560356 Chip-Seq TH2 Human,42/2000,0.0159440183807249,0.1278535484306031,0,0,1.4750932370477707,6.104926403798475,NFAT5;ZFYVE9;PRIM1;ZFAND6;CELF2;QPRT;PIK3R1;ITGAE;HIGD1A;TOB1;MTDH;TRAK2;SCPEP1;CCDC91;ZNF329;ARL6IP5;NEK1;NBN;ZNF148;TNPO1;PTRF;ZC3H14;GSTM3;H2AFV;GTPBP8;CACYBP;VEZF1;MED13L;KTN1;TJP1;ALDH3A2;PTP4A2;COX7A2L;ACOX1;SCD;GNAQ;CDC16;NMT2;STAMBP;IL6ST;DDR2;ZNF552
ChEA_2016,ELF3 26769127 Chip-Seq PDAC-Cell line Human,42/2000,0.0159440183807249,0.1278535484306031,0,0,1.4750932370477707,6.104926403798475,NCKAP1;LEPROT;GMFB;ZFYVE9;TUFT1;ZFAND6;ZBTB48;TOB2;PAPSS2;SCRN1;TPR;ARL6IP5;FAM63A;UBXN4;TEAD1;HTATIP2;SMAD3;NEK7;ANXA11;H2AFV;NR1D2;NPM3;MRPL24;ATG12;AES;INPP4A;SLC25A16;PTP4A2;DYNC1LI2;RAP2A;WNK1;NOVA1;CAPZA1;PKN2;TCF4;STAMBP;PTPN4;FERMT2;TRIM33;VAMP3;BMPR1A;ALDH9A1
ChEA_2016,ESR1 15608294 ChIP-ChIP MCF-7 Human,5/98,0.0160822073497614,0.1278535484306031,0,0,3.5733552032075817,14.758106182749096,SCARB1;NQO1;SDC3;COMT;HRAS
ChEA_2016,ESR1 20079471 ChIP-ChIP T-47D Human,8/216,0.0165761762082164,0.1301536798571066,0,0,2.5674394099051634,10.5259592928361,TJP1;PTP4A2;WWP1;NBN;CUEDC1;SLC25A36;MTDH;ZNF552
ChEA_2016,SPI1 22790984 ChIP-Seq ERYTHROLEUKEMIA Mouse,41/1962,0.0185015370370754,0.1434997262875611,0,0,1.465089168889273,5.8455614246237655,KDM5A;GMFB;YWHAB;VPS4B;CSTF2T;AAAS;COMT;ATP2C1;SLC5A3;CST3;SCP2;LEPROTL1;DNAJB4;TPR;PRRG1;SLC39A6;NEK1;PHACTR2;UBXN4;HEXIM1;SMAD2;LYPLA1;HSPA4;ATRX;NR1D2;CACYBP;NPM3;PIAS1;INPP4A;ALDH3A2;SLC25A16;COX7A2L;WNK1;CDC16;NMT2;EXOC3;PIN1;TRIM16;KIF20B;SERINC3;PTPN4
ChEA_2016,FOXM1 23109430 ChIP-Seq U2OS Human,9/267,0.0198416440967251,0.1520395860905684,0,0,2.3306161591944377,9.135950815760491,ATF7IP;RAP2A;SMAD3;DNAJB14;TTK;KIF20B;DYNLL1;RHOQ;AURKA
ChEA_2016,FOXP2 23625967 ChIP-Seq PFSK-1 AND SK-N-MC Human,21/863,0.0206213080479474,0.1561327609344595,0,0,1.6857712052716267,6.5432035471469066,SCARB1;SMAD3;YWHAB;NCOA3;HUS1;TOB2;EXT1;YY1;SLC25A16;TGFBR3;PTP4A2;RAP2A;LASP1;NEK1;FKBP9;CDK13;SERINC3;TNPO1;TNS3;SIDT2;KLHDC10
ChEA_2016,ZNF217 24962896 ChIP-Seq MCF-7 Human,33/1522,0.0209687334968736,0.1568954647530778,0,0,1.5116170267353852,5.841980836229648,DENND1B;SCARB1;TUFT1;PIK3R1;TOB1;PAPSS2;MTDH;STK3;SPIN1;SLC39A6;NBN;PDE8B;TNS3;RREB1;TEAD1;PAK2;BPTF;NTRK2;SMAD3;ANKRD46;WWP1;ATP11B;VEZF1;MED13L;INPP4A;EXT1;TJP1;ZEB1;NOVA1;GNAQ;IL6ST;CUEDC1;SLC25A36
ChEA_2016,MYB 21317192 ChIP-Seq ERMYB Mouse,22/923,0.0222312931215508,0.1622056552174795,0,0,1.6511549916559538,6.284715923321863,SCARB1;USP8;PLA2G12A;GSTM1;ZFAND6;TOB2;TOB1;PAPSS2;STK3;SETX;EEA1;ALDH3A2;RMND5B;BAG5;NDUFAF3;FAM63A;TCF4;TNS3;RREB1;PTRF;FBXO9;VAMP3
ChEA_2016,POU3F2 20337985 ChIP-ChIP 501MEL Human,36/1702,0.0227165464922969,0.1622056552174795,0,0,1.4760995307213796,5.586537358811288,DENND1B;CNTNAP2;ZFYVE9;HFE;NPR3;UBE3A;WASL;TMEM140;SLC4A4;NIPBL;KCNV2;CCDC91;CHL1;TPR;BBX;CD36;TNPO1;CEP290;SMAD2;ATF7IP;USP8;NEK7;DNAJB14;ATP11B;PEX1;KTN1;DYNC1LI2;RAP2A;RAB14;WNK1;NOVA1;PLSCR4;KLRF1;FBXL5;IL6ST;SLC25A36
ChEA_2016,FOXP1 21924763 ChIP-Seq HESCs Human,70/3724,0.0229648911866495,0.1622056552174795,0,0,1.3364984174579375,5.043662624623796,CNTNAP2;YWHAB;ZFAND6;UBE3A;CHD4;WASL;COMT;EEA1;YY1;ZNF329;ARL6IP5;NEK1;NBN;UBXN4;HRAS;CEP290;FBXO9;USP8;LYPLA1;ANKRD46;SCAF11;ANXA11;DYNLL1;SLC25A16;PTP4A2;RAP2A;TMEM106B;TRIM16;ZNF358;SYNC;IL6ST;SKAP2;SIDT2;CSTB;RTN3;TUFT1;WRB;AAAS;TOB2;CLCN3;TROVE2;NSL1;MYL12B;TRAK2;LRP6;RMND5B;GRK4;ZNF148;RNF130;MEST;BPTF;HEXIM1;SPEN;RRM1;KCNB1;BAD;USP22;WWP1;MRPL24;SMAD5;ALDH4A1;EXT2;RAB14;NDUFAF3;PKN2;TCF4;ESYT1;CPEB3;PTPN4;SLC25A36
ChEA_2016,RUNX2 22187159 ChIP-Seq PCA Human,65/3423,0.0234879862255384,0.1622056552174795,0,0,1.3460773256624383,5.049494391838817,KDM5A;CLIC5;YWHAB;ZFAND6;ZBTB20;PPP1R9A;PCSK5;CHRDL1;EEA1;UCHL1;CCDC91;GOLGA5;SPIN1;NEK1;TLK1;PDE8B;TNPO1;TNS3;TEAD1;FBXO9;RAB2A;ANKRD46;EBF2;MYRIP;ATG12;PIAS1;INPP4A;TGFBR3;RAP2A;TMEM106B;KIF20B;VAMP3;PCOLCE2;CLCN3;ATP2C1;PAPSS2;MTDH;STK3;LRP6;COMMD9;DNAJB4;CTNNA1;RGS20;FYN;ZNF148;RREB1;ZC3H14;ATF7IP;GSTM3;NTRK2;CAV1;NEK7;PHKB;LSM4;MED13L;EXT1;TJP1;NELL2;CAPZA1;GNAQ;YIPF6;TLL1;CPEB3;TRIM33;SLC25A36
ChEA_2016,FOXO1 25302145 ChIP-Seq T-LYMPHOCYTE Mouse,41/2000,0.0244838724856572,0.1622056552174795,0,0,1.433599208484354,5.318281251028319,ZFAND6;CELF2;FAM69A;PIK3R1;MTDH;NIPBL;ARL6IP5;BBX;TLK1;FYN;BPTF;KLHDC10;HEXIM1;SMAD2;NCOA2;LYPLA1;SMAD3;NEK7;WWP1;NR1D2;WIPI2;MYRIP;SMAD5;MED13L;SETX;MSRA;COX7A2L;DYNC1LI2;ZEB1;RAB14;RASA1;PKN2;NDUFAF1;ESYT1;FBXL5;IL6ST;PTPN4;TRIM33;SKAP2;DDR2;SIDT2
ChEA_2016,CEBPA 20513432 ChIP-Seq MACROPHAGES Mouse,41/2000,0.0244838724856572,0.1622056552174795,0,0,1.433599208484354,5.318281251028319,NCKAP1;CSTB;RTN3;NFAT5;SP140;PON2;UQCR10;HIGD1A;TOB2;NSL1;MTDH;AKAP10;TLK1;CD36;RNF130;PAK2;ZC3H14;KLHDC10;HEXIM1;RAB2A;ATF7IP;NCOA2;USP8;LYPLA1;BAD;USP22;WWP1;H2AFV;CACYBP;MYRIP;DYNLL1;AES;INPP4A;ALDH3A2;RAB14;MAFG;TMEM106B;MXRA7;TRIM16;FBXL5;IL6ST
ChEA_2016,DPY 21335234 ChIP-Seq ESCs Mouse,41/2000,0.0244838724856572,0.1622056552174795,0,0,1.433599208484354,5.318281251028319,NCKAP1;DENND1B;LEPROT;NPR3;PIK3R1;AAAS;TOB1;NSL1;MTDH;EEA1;SCPEP1;UCHL1;SESN1;BBX;PHACTR2;RGS20;UBXN4;RREB1;MEST;BPTF;HIST1H1C;SMAD2;NCOA2;LYPLA1;PLA2G12A;CACYBP;VEZF1;SMAD5;MED13L;AES;TST;ESYT1;FKBP9;SCLY;CD46;PTPN4;FERMT2;ZCCHC2;SLC25A36;SKAP2;ALDH9A1
ChEA_2016,MYB 26560356 Chip-Seq TH2 Human,41/2000,0.0244838724856572,0.1622056552174795,0,0,1.433599208484354,5.318281251028319,DENND1B;CSTB;CELF2;CCDC69;FAM69A;CSTF2T;F11R;TMEM140;SLC5A3;TOB1;EHBP1;EEA1;YY1;SCPEP1;SESN1;LEPROTL1;ARL6IP5;HRAS;HEXIM1;SMAD2;LYPLA1;RRM1;AKTIP;USP22;ANXA11;MINA;MRPL24;LSM4;TPD52L2;INPP4A;EXT1;EXT2;PTP4A2;DYNC1LI2;WNK1;CAPZA1;GNAQ;PKN2;TCTA;RHOQ;ZNF552
ChEA_2016,KLF4 26769127 Chip-Seq PDAC-Cell line Human,41/2000,0.0244838724856572,0.1622056552174795,0,0,1.433599208484354,5.318281251028319,DENND1B;LEPROT;TUFT1;PRIM1;SDC3;ZBTB48;KIAA1033;CSTF2T;F11R;PAPSS2;EEA1;CST3;CTNNA1;FAM63A;NBN;SPTAN1;SPEN;GSTM3;NCOA2;AKTIP;NEK7;ANXA11;VEZF1;NPM3;LSM4;KTN1;PTP4A2;WNK1;TMEM33;SCD;NMT2;PKN2;TCF4;ESYT1;STAMBP;SYNC;CUEDC1;TRIM33;VAMP3;BMPR1A;ALDH9A1
ChEA_2016,P300 27058665 Chip-Seq ZR-75-30cells Human,41/2000,0.0244838724856572,0.1622056552174795,0,0,1.433599208484354,5.318281251028319,DENND1B;SCARB1;LEPROT;GMFB;ZFYVE9;TUFT1;SDC3;FAM69A;ZBTB48;F11R;CLCN3;SLC5A3;EEA1;DNAJB4;ARL6IP5;TEAD1;RNF130;HTATIP2;SPEN;GSTM1;KCNB1;USP22;NEK7;ANXA11;ATG12;AES;TJP1;ALDH3A2;SLC25A16;TGFBR3;PTP4A2;WNK1;ESYT1;SYNC;RHOQ;ZCCHC2;TRIM33;VAMP3;DDR2;BMPR1A;ALDH9A1
ChEA_2016,SMRT 27268052 Chip-Seq Bcells Human,41/2000,0.0244838724856572,0.1622056552174795,0,0,1.433599208484354,5.318281251028319,CSTB;PCOLCE2;CSE1L;CELF2;PON2;CCDC69;FAM69A;PIK3R1;TOB2;CLCN3;PCSK5;SCPEP1;CHL1;SESN1;TLK1;TNS3;PTRF;FBXO9;HIST1H1C;SPEN;NCOA2;USP8;LYPLA1;ANKRD46;HSPA4;USP22;ANXA11;ATP11B;WIPI2;DYNLL1;PIAS1;EXT1;COX7A2L;RAP2A;TMEM33;EHHADH;SSPN;EXOC3;FKBP9;STAMBP;SKAP2
ChEA_2016,E2F1 18555785 ChIP-Seq MESCs Mouse,77/4172,0.0251577213738801,0.1649516576679151,0,0,1.315817714920854,4.845617707061708,SCARB1;GMFB;CSE1L;ZFAND6;CHD4;F11R;COMT;SCPEP1;LASP1;CCDC91;NEK1;TLK1;NBN;TNPO1;TNS3;PTRF;HIST1H1C;NCOA2;ANKRD46;AKTIP;ATRX;HUS1;ANXA11;GTPBP8;CACYBP;PEX1;DYNLL1;ATG12;PIAS1;ALDH3A2;COX7A2L;DYNC1LI2;TMEM33;MXRA7;SKAP2;ALDH9A1;RTN3;LEPROT;PCOLCE2;WRB;PRIM1;ZBTB48;CSTF2T;PIK3R1;TOB2;CLCN3;TOB1;STK3;AURKA;CST3;COMMD9;BAG5;PAK2;MEST;BPTF;ATF7IP;NQO1;RRM1;GSTM1;HSPA4;USP22;NEK7;AMMECR1;MRPL24;LSM4;TPD52L2;EXT1;SETX;ALDH4A1;TJP1;EXT2;WNK1;YIPF6;PKN2;SCLY;SERINC3;TRIM33
ChEA_2016,MEF2A 21415370 ChIP-Seq HL-1 Mouse,24/1048,0.0264315686456727,0.1715354863127331,0,0,1.5859375,5.762022100300513,NCKAP1;CLIC5;NQO1;NFAT5;NCOA3;CAV1;WWP1;ANXA11;CSTF2T;PEX1;LSM4;NSL1;MED13L;SETX;SLC25A16;PTP4A2;GRK4;DNAJB4;PSMC2;ARL6IP5;NDUFAF1;ZCCHC2;DDR2;BPTF
ChEA_2016,Nerf2 26677805 Chip-Seq MACROPHAGESS Mouse,29/1331,0.0279384488560113,0.1794833684083155,0,0,1.512127241088079,5.410015419798919,PON2;FAM69A;ZBTB20;UBE3A;TMEM140;MYL12B;LRP6;EEA1;BBX;FAM63A;FYN;CD36;TNS3;FBXO9;HTATIP2;SPEN;NQO1;GSTM1;SMAD3;DENND2A;DNAJB14;KTN1;EXT1;RAP2A;NOVA1;MAFG;SSPN;TRIM16;ZCCHC2
ChEA_2016,AR 19668381 ChIP-Seq PC3 Human,66/3519,0.0285075662205913,0.1813081211629607,0,0,1.3271031507347757,4.721283251885046,SCARB1;CNTNAP2;GMFB;RNF14;POP4;WASL;ITGAE;PPP1R9A;PCSK5;CHRDL1;YY1;NIPBL;LASP1;SCP2;SCRN1;CHL1;SPIN1;BBX;PHACTR2;CD36;TNS3;FBXO9;NCOA2;USP8;NCOA3;ATRX;EBF2;VEZF1;MYRIP;ALDH3A2;TGFBR3;RAP2A;PLSCR4;EXOC3;FKBP9;CD46;NFAT5;KCNA4;PIK3R1;PAPSS2;EHBP1;MTDH;KCNV2;PDZD2;ZNF148;RREB1;ATF7IP;NTRK2;SMAD3;CAV1;PARVA;PHKB;SMAD5;EXT1;ALDH4A1;NELL2;EXT2;MSRA;RAB14;NMT2;TLL1;CPEB3;SERINC3;PTPN4;TRIM33;BMPR1A
ChEA_2016,CEBPD 21427703 ChIP-Seq 3T3-L1 Mouse,36/1735,0.0292368528657252,0.1837961430225205,0,0,1.444780352078763,5.103434163175078,KDM5A;NFAT5;SP140;ZBTB20;PIK3R1;VLDLR;LRP6;EEA1;NIPBL;TNS3;RREB1;TEAD1;TRPM3;HEXIM1;RAB2A;SMAD2;SPEN;USP8;CAV1;AKTIP;DENND2A;EBF2;ANXA11;PARVA;CACYBP;MED13L;PIAS1;EXT1;TGFBR3;ZEB1;RASA1;PSMC2;TMEM106B;TLL1;PTPN4;ZCCHC2
ChEA_2016,NKX2-5 21415370 ChIP-Seq HL-1 Mouse,32/1507,0.0294767399187061,0.1837961430225205,0,0,1.4753351884644574,5.199308116572722,CLIC5;DENND1B;NFAT5;GMFB;CSE1L;PON2;UBE3A;LRP6;AKAP10;CCDC91;BAG5;NTHL1;GRK4;DNAJB4;TPR;RAB29;CAV1;PEX1;LSM4;TPD52L2;SETX;SLC25A16;COX7A2L;GLB1L;TMEM33;FBXL5;IL6ST;PTPN4;RHOQ;ZCCHC2;DDR2;ALDH9A1
ChEA_2016,SREBP1 19666523 ChIP-Seq LIVER Mouse,18/738,0.0301374194426778,0.1860912501509042,0,0,1.6826241134751774,5.892528963367444,CSTB;SCARB1;NTRK2;PCOLCE2;TUFT1;NEK7;CLCN3;SMAD5;EHBP1;TRAK2;MSRA;SCPEP1;AKAP10;RAP2A;COMMD9;TMBIM4;GRK4;TPR
ChEA_2016,KDM5A 27292631 Chip-Seq BREAST Human,23/1012,0.0316783849138835,0.1937255077425956,0,0,1.5709008479556712,5.422939326375457,KDM5A;HSPA4;BAD;WRB;ZBTB48;UBE3A;WIPI2;ATP2C1;MYL12B;YY1;EXT2;NIPBL;RAP2A;CCDC91;SESN1;EHHADH;TPR;DYNLRB1;CPEB3;MON1B;VAMP3;ZNF552;ALDH9A1
ChEA_2016,JUN 21703547 ChIP-Seq K562 Human,33/1585,0.0346383859418081,0.2098096519903805,0,0,1.4452391984246495,4.860039958581219,CNTNAP2;LEPROT;POP4;NPR3;KCNA4;PIK3R1;VLDLR;WASL;COMT;EEA1;NIPBL;KCNV2;CCDC91;SLC39A6;NBN;FBXO9;NTRK2;HSPA4;ST8SIA3;EXT1;SETX;TJP1;RAP2A;WNK1;FEZ2;TMEM106B;TCF4;TLL1;ZNF358;SCLY;RHOQ;MON1B;ALDH9A1
ChEA_2016,JARID1A 20064375 ChIP-Seq MESCs Mouse,43/2171,0.0353131995204142,0.2118791971224856,0,0,1.381608203387847,4.619404901516739,PARG;POP4;WRB;VPS4B;ZBTB48;CSTF2T;CHD4;AAAS;CLCN3;NSL1;AURKA;YY1;RMND5B;COMMD9;BAG5;NTHL1;TPR;MLX;SLC39A6;NEK1;NBN;FKTN;USP8;RRM1;HSPA4;GTPBP6;HUS1;CACYBP;PEX1;TPD52L2;ATG12;SLC25A16;COX7A2L;RAP2A;CAPZA1;CDC16;PSMC2;YIPF6;EXOC3;PIN1;TCF4;NDUFAF1;PPIG
ChEA_2016,ASXL1 24218140 ChIP-Seq BMDM Mouse,19/807,0.0358162803146644,0.2128892923376314,0,0,1.622775800711744,5.402793044798445,NCOA2;RTN3;LYPLA1;VPS4B;PHKB;EEA1;MSRA;DYNC1LI2;TMBIM4;CAPZA1;GNAQ;TCF4;CPEB3;UBXN4;SPTAN1;CEP290;ZCCHC2;TRIM33;SIDT2
ChEA_2016,TAL1 26923725 Chip-Seq HPCs Mouse,40/2000,0.0366733098543889,0.2139837162145996,0,0,1.3924646781789638,4.6030788977298975,SCARB1;CELF2;VPS4B;NPR3;KCNA4;PPP1R9A;CLCN3;EHBP1;NSL1;MTDH;TRAK2;STK3;GRK4;CTNNA1;NEK1;FYN;TEAD1;RNF130;NQO1;RRM1;ANKRD46;NCOA3;NEK7;PIAS1;MSRA;ZEB1;WNK1;NOVA1;GNAQ;FEZ2;CDC16;PLSCR4;TMEM106B;TLL1;TRIM16;CPEB3;ZCCHC2;TRIM33;VAMP3;BMPR1A
ChEA_2016,SOX2 27498859 Chip-Seq STOMACH Mouse,40/2000,0.0366733098543889,0.2139837162145996,0,0,1.3924646781789638,4.6030788977298975,NCKAP1;DENND1B;GMFB;PON2;UQCR10;F11R;TMEM140;CLCN3;TOB1;KCNV2;LASP1;SPIN1;NEK1;PHACTR2;RREB1;PTRF;HTATIP2;GSTM3;NQO1;PLA2G12A;GSTM1;AKTIP;DENND2A;NEK7;HUS1;AMMECR1;WWP1;H2AFV;NR1D2;DYNLL1;ALDH3A2;TGFBR3;ACOX1;GNAQ;YIPF6;PIN1;TCF4;FBXL5;CUEDC1;SLC25A36
ChEA_2016,MECOM 23826213 ChIP-Seq KASUMI Mouse,39/1951,0.039132697318886,0.2262581408619229,0,0,1.390155340739672,4.505211136702473,SCARB1;FAM69A;F11R;TMEM140;ATP2C1;MTDH;TRAK2;GRK4;LEPROTL1;DNAJB4;ARL6IP5;BBX;FAM63A;FYN;UBXN4;ARHGEF40;RREB1;RNF130;HTATIP2;BPTF;HEXIM1;MOAP1;WWP1;ANXA11;NAGA;GTPBP8;ATP11B;VEZF1;INPP4A;WNK1;CAPZA1;CDC16;PSMC2;EXOC3;TRIM16;ESYT1;TRIM33;SKAP2;MON1B
ChEA_2016,HOXC9 25013753 ChIP-Seq NEUROBLASTOMA BE2-C Human,40/2014,0.0402200762807115,0.2304501667975904,0,0,1.381497934689424,4.439290264163754,KDM5A;GMFB;POP4;PRIM1;CSE1L;QPRT;CHD4;WASL;UCHL1;NIPBL;GOLGA5;COMMD9;SCP2;NTHL1;ARL6IP5;SLC39A6;BBX;FAM63A;NBN;ZNF148;HIST1H1C;ATF7IP;NCOA3;HUS1;GTPBP8;LSM4;TPD52L2;EXT1;ERP44;RAB14;SCD;CDC16;PSMC2;NDUFAF1;PPIG;TCTA;STAMBP;CPEB3;CD46;SLC25A36
ChEA_2016,TP63 23658742 ChIP-Seq EP156T Human,67/3652,0.0413186869441404,0.2337556150173287,0,0,1.29258773741328,4.118753803799223,DENND1B;ZFYVE9;FAM69A;SLC4A4;PCSK5;EEA1;SCPEP1;NIPBL;SESN1;NEK1;PHACTR2;TLK1;TEAD1;AASS;RAB2A;NCOA2;ANKRD46;VEZF1;INPP4A;TGFBR3;COX7A2L;ZEB1;RASA1;CD46;CUEDC1;RHOQ;SKAP2;VPS4B;PIK3R1;SLC5A3;PAPSS2;MYL12B;TRAK2;KCNV2;COMMD9;RGS20;FYN;RNF130;ZC3H14;ATF7IP;SPEN;NTRK2;RRM1;SMAD3;HSPA4;NEK7;ERAP1;NR1D2;PARVA;SMAD5;EXT1;SETX;TJP1;MSRA;ERP44;RAB14;GNAQ;CDC16;SSPN;NMT2;PKN2;TLL1;CDK13;CPEB3;PTPN4;FERMT2;ZCCHC2
ChEA_2016,CDX2 20551321 ChIP-Seq CACO-2 Human,13/504,0.0415320510958461,0.2337556150173287,0,0,1.772085695835137,5.637518209606962,SPEN;SCARB1;SMAD3;ATP11B;PIK3R1;TOB1;LRP6;EEA1;TJP1;SLC25A16;PHACTR2;IL6ST;SLC25A36
ChEA_2016,FOXM1 25889361 ChIP-Seq OE33 AND U2OS Human,21/932,0.0421019328438708,0.2348844674447534,0,0,1.5523883715165894,4.917441077086538,HEXIM1;KDM5A;ATF7IP;SMAD3;SCAF11;CAV1;H2AFV;CSTF2T;TTK;PEX1;F11R;DYNLL1;CLCN3;MRPL24;AURKA;NIPBL;TST;PPIG;DYNLRB1;KIF20B;MON1B
ChEA_2016,ERG 20887958 ChIP-Seq HPC-7 Mouse,39/1969,0.0440425082737103,0.2435742196702592,0,0,1.375796557679709,4.296062350692224,KDM5A;CLIC5;CSTB;LEPROT;SP140;CSTF2T;CHD4;TTK;SLC5A3;MTDH;MYL12B;SESN1;NEK1;NBN;RAB2A;ATF7IP;LYPLA1;RRM1;NCOA3;ANXA11;DNAJB14;VEZF1;MINA;MED13L;SETX;ALDH4A1;PTP4A2;PLSCR4;YIPF6;NDUFAF3;TMEM106B;TRIM16;DYNLRB1;SCLY;IL6ST;ZCCHC2;TRIM33;MON1B;ALDH9A1
ChEA_2016,NR1I2 20693526 ChIP-Seq LIVER Mouse,21/939,0.0449624173445332,0.2465180813027857,0,0,1.539977042190831,4.776898381276381,SPEN;GSTM3;NCOA2;GSTM2;GSTM1;CAV1;DENND2A;PARVA;COMT;CLCN3;PAPSS2;KTN1;INPP4A;ALDH4A1;PDZD2;SCP2;TMEM33;GNAQ;SCLY;IL6ST;GRSF1
ChEA_2016,E2F4 21247883 ChIP-Seq LYMPHOBLASTOID Human,56/2998,0.0460644796894914,0.250401787030056,0,0,1.3073073965519162,4.023517141435087,DENND1B;ZFAND6;FAM69A;KIAA1033;UBE3A;CHD4;EEA1;YY1;AKAP10;HRAS;CEP290;AKTIP;CACYBP;DYNLL1;PIAS1;ALDH3A2;SLC25A16;TGFBR3;PTP4A2;DYNC1LI2;RAP2A;ZEB1;TMBIM4;KIF20B;CD46;RTN3;NFAT5;LEPROT;PRIM1;CSTF2T;AAAS;TROVE2;NSL1;BAG5;NTHL1;TPR;FAM63A;ZC3H14;ATF7IP;SPEN;NQO1;MOAP1;RRM1;BAD;USP22;PHKB;KTN1;WNK1;CAPZA1;CDC16;PKN2;NDUFAF1;CPEB3;TRIM33;MON1B;BMPR1A
ChEA_2016,PPARD 23208498 ChIP-Seq MDA-MB-231 Human,13/516,0.0484436876323945,0.2553889917742123,0,0,1.7287286732566274,5.233472342040346,PLA2G12A;VLDLR;CLCN3;EXT1;ERP44;LASP1;ZEB1;KAT6B;GNAQ;CDC16;TNS3;HIST1H1C;FKTN
ChEA_2016,RUNX1 17652178 ChIP-ChIP JURKAT Human,22/1003,0.0485612320029068,0.2553889917742123,0,0,1.5100506750562852,4.56779722883023,HEXIM1;NCKAP1;RRM1;SMAD3;ZFYVE9;KIAA1033;HUS1;H2AFV;CSTF2T;ATP11B;MRPL24;SMAD5;KTN1;TJP1;ACOX1;NMT2;FYN;MXRA7;SPTAN1;CEP290;SIDT2;HIST1H1C
ChEA_2016,SMARCA4 20176728 ChIP-ChIP TSCs Mouse,24/1118,0.0497261376003689,0.2553889917742123,0,0,1.478896749066052,4.438501269651918,SMAD2;KCNB1;HSPA4;TUFT1;CSE1L;HUS1;CHD4;VEZF1;DYNLL1;PPP1R9A;EHBP1;KTN1;STK3;EXT1;RAP2A;LASP1;TMBIM4;GNAQ;CTNNA1;PKN2;TCF4;TEAD1;VAMP3;BMPR1A
ChEA_2016,GFI1B 20887958 ChIP-Seq HPC-7 Mouse,37/1871,0.0501201225086973,0.2553889917742123,0,0,1.3704840134178653,4.102314618563205,DENND1B;NFAT5;RNF14;WRB;CSTF2T;UBE3A;TOB1;NSL1;MTDH;EEA1;YY1;SESN1;ARL6IP5;CTNNA1;FYN;NBN;SCAI;KLHDC10;HIST1H1C;RRM1;GSTM1;PEX1;NPM3;TPD52L2;RAP2A;TMBIM4;GNAQ;MAFG;CDC16;NMT2;NDUFAF3;TCF4;TRIM16;PPIG;RHOQ;ZCCHC2;ALDH9A1
ChEA_2016,YY1 23942234 ChIP-Seq MYOBLASTS AND MYOTUBES Mouse,30/1466,0.0516078199831974,0.2553889917742123,0,0,1.4131847725162487,4.18879564286624,WRB;CSTF2T;UBE3A;TOB2;NSL1;TRAK2;YY1;COMMD9;SCP2;BBX;TLK1;RGS20;BPTF;FKTN;ATF7IP;RRM1;BAD;ATRX;WWP1;GTPBP8;CACYBP;PEX1;MRPL24;PIAS1;NELL2;RAB14;CAPZA1;NMT2;TCF4;SKAP2
ChEA_2016,BACH1 22875853 ChIP-PCR HELA AND SCP4 Human,28/1352,0.052147905328163,0.2553889917742123,0,0,1.4287364492624846,4.220017794913908,CLIC5;CNTNAP2;ZFYVE9;PRIM1;HFE;PIK3R1;EPX;PPAT;ME1;PTRF;TRPM3;FBXO9;HIST1H1C;ATF7IP;NCOA2;NQO1;NTRK2;KCNB1;DENND2A;CACYBP;ATP11B;MYRIP;ACOX1;KLRF1;SCLY;IL6ST;PCYOX1;ZNF552
ChEA_2016,EKLF 21900194 ChIP-Seq ERYTHROCYTE Mouse,26/1239,0.0528034405713652,0.2553889917742123,0,0,1.4462002274628267,4.253533634764083,CSTB;SCARB1;VPS4B;CHD4;AAAS;TRAK2;STK3;CST3;PPAT;DNAJB4;TPR;TNPO1;RNF130;ZC3H14;SMAD2;NQO1;RRM1;HSPA4;AES;EXT2;COX7A2L;TMBIM4;CAPZA1;MAFG;PSMC2;ALDH9A1
ChEA_2016,PU.1 20176806 ChIP-Seq MACROPHAGES Mouse,39/2000,0.0535730388514151,0.2553889917742123,0,0,1.351685452531256,3.955990444016731,RTN3;NFAT5;SP140;PON2;CCDC69;WASL;AAAS;TOB1;SCPEP1;NIPBL;AKAP10;CD36;TNS3;PAK2;ZC3H14;SCAI;KLHDC10;LYPLA1;KCNB1;NCOA3;USP22;CACYBP;DYNLL1;TPD52L2;INPP4A;EXT1;ALDH3A2;RAB14;WNK1;GNAQ;CDC16;NMT2;TMEM106B;TRIM16;DYNLRB1;FBXL5;SYNC;IL6ST;SIDT2
ChEA_2016,MNX1 26342078 ChIP-Seq MIN6-4N Mouse,39/2000,0.0535730388514151,0.2553889917742123,0,0,1.351685452531256,3.955990444016731,CSTB;RTN3;PRIM1;CSE1L;VPS4B;CHD4;TOB2;TRAK2;YY1;SCPEP1;NIPBL;AKAP10;GOLGA5;PDZD2;TPR;SLC39A6;RGS20;FYN;TNS3;RREB1;PAK2;PTRF;CEP290;BPTF;HIST1H1C;NCOA2;LYPLA1;NEK7;EBF2;PEX1;SMAD5;INPP4A;PTP4A2;RAP2A;CDK13;FERMT2;RHOQ;VAMP3;ALDH9A1
ChEA_2016,P300 19829295 ChIP-Seq ESCs Human,39/2000,0.0535730388514151,0.2553889917742123,0,0,1.351685452531256,3.955990444016731,NCKAP1;CNTNAP2;LEPROT;KCNA4;CSTF2T;PIK3R1;PAPSS2;UCHL1;KCNV2;CCDC91;TPR;PRRG1;PHACTR2;TLK1;CD36;TNS3;TEAD1;TRPM3;AASS;ATF7IP;NQO1;ANKRD46;CAV1;USP22;EBF2;PHKB;KTN1;EXT1;NELL2;COX7A2L;RAP2A;CAPZA1;RASA1;TMEM106B;RAB9A;TLL1;FBXL5;ZCCHC2;SKAP2
ChEA_2016,ESET 19884257 ChIP-Seq ESCs Mouse,39/2000,0.0535730388514151,0.2553889917742123,0,0,1.351685452531256,3.955990444016731,SCARB1;LEPROT;PARG;PCOLCE2;CSE1L;NPR3;CHD4;PPP1R9A;TROVE2;MTDH;MYL12B;YY1;AKAP10;SCP2;SESN1;RGS20;PDE8B;TNS3;MEST;HEXIM1;ATF7IP;NQO1;KCNB1;NCOA3;AKTIP;WWP1;ANXA11;WIPI2;MYRIP;ALDH3A2;SLC25A16;EXT2;MSRA;ZEB1;GNAQ;PLSCR4;TLL1;TRIM33;SKAP2
ChEA_2016,ATF3 27146783 Chip-Seq COLON Human,39/2000,0.0535730388514151,0.2553889917742123,0,0,1.351685452531256,3.955990444016731,DENND1B;UBE2D4;ZFYVE9;POP4;SP140;CSE1L;TOB2;EHBP1;TRAK2;EEA1;LASP1;COMMD9;BAG5;SCRN1;SESN1;LEPROTL1;ME1;NEK1;NBN;TEAD1;SPTAN1;HIST1H1C;RRM1;CAV1;ANXA11;NR1D2;VEZF1;TPD52L2;EXT1;SLC25A16;ACOX1;MAFG;MXRA7;ESYT1;IL6ST;CUEDC1;RHOQ;ZCCHC2;SIDT2
ChEA_2016,FLI1 26923725 Chip-Seq HEMOGENIC-ENDOTHELIUM Mouse,39/2000,0.0535730388514151,0.2553889917742123,0,0,1.351685452531256,3.955990444016731,PCOLCE2;ZFYVE9;RNF14;CCDC69;QPRT;WASL;HIGD1A;ATP2C1;SLC5A3;SCPEP1;LASP1;BAG5;SCP2;BBX;TLK1;FYN;TEAD1;PAK2;ATF7IP;SMAD3;KCNB1;ST8SIA3;ANXA11;GTPBP8;MINA;SMAD5;KTN1;INPP4A;MSRA;PTP4A2;CAPZA1;CDC16;YIPF6;PIN1;TRIM16;SCLY;SYNC;SERINC3;CUEDC1
ChEA_2016,HIF1A 21447827 ChIP-Seq MCF-7 Human,9/321,0.0538083724807302,0.2553889917742123,0,0,1.921887390959556,5.616381879133246,SCARB1;AKAP10;NTHL1;SCD;NCOA3;CAV1;KLRF1;DYNLL1;TRIM33
ChEA_2016,OCT1 27270436 Chip-Seq PROSTATE Human,39/2000,0.0535730388514151,0.2553889917742123,0,0,1.351685452531256,3.955990444016731,RTN3;PIK3R1;COMT;TOB2;ATP2C1;NIPBL;SCRN1;RGS20;FYN;CD36;HRAS;SPTAN1;RNF130;PTRF;ZC3H14;FBXO9;RAB2A;SMAD2;ATF7IP;ANKRD46;HSPA4;CAV1;DENND2A;NEK7;WWP1;LSM4;KTN1;PIAS1;EXT1;EXT2;PTP4A2;RAP2A;RAB14;TMEM33;PKN2;TCF4;CPEB3;FBXL5;CD46
ChEA_2016,KDM2B 26808549 Chip-Seq JURKAT Human,39/2000,0.0535730388514151,0.2553889917742123,0,0,1.351685452531256,3.955990444016731,NCKAP1;DENND1B;RTN3;ZFYVE9;CELF2;CCDC69;FAM69A;ZBTB48;AAAS;TOB2;TOB1;LASP1;BBX;FAM63A;HRAS;PAK2;SPEN;KCNB1;USP22;ERAP1;H2AFV;ATP11B;LSM4;PIAS1;ALDH4A1;TJP1;TGFBR3;EXT2;PTP4A2;WNK1;PKN2;MXRA7;ESYT1;CDK13;SYNC;ZCCHC2;TRIM33;BMPR1A;ALDH9A1
ChEA_2016,NFI 21473784 ChIP-Seq ESCs Mouse,39/2000,0.0535730388514151,0.2553889917742123,0,0,1.351685452531256,3.955990444016731,KDM5A;YWHAB;PON2;VPS4B;UBE3A;TTK;WASL;ITGAE;F11R;NSL1;STK3;CST3;YY1;NIPBL;GRK4;TLK1;NBN;FBXO9;HTATIP2;HIST1H1C;HEXIM1;SPEN;LYPLA1;HSPA4;AKTIP;NEK7;GTPBP6;GTPBP8;PIAS1;EXT1;ERP44;PTP4A2;DYNC1LI2;RAP2A;GLB1L;WNK1;DYNLRB1;CDK13;SYNC
ChEA_2016,SIN3A 21632747 ChIP-Seq MESCs Mouse,25/1186,0.0545079591753433,0.2567930521149509,0,0,1.451648265601754,4.223437872719917,RNF14;WRB;VPS4B;TTK;HIGD1A;CCDC91;GOLGA5;NEK1;SCAI;TRPM3;SMAD2;RRM1;SCAF11;BAD;AKTIP;USP22;PHKB;MINA;NPM3;SLC25A16;PTP4A2;ACOX1;NDUFAF3;TRIM33;VAMP3
ChEA_2016,ATF3 23680149 ChIP-Seq GBM1-GSC Human,42/2189,0.056851649628347,0.2648417217927757,0,0,1.3309106270512667,3.816133405945037,SCARB1;RTN3;LEPROT;PARG;TUFT1;POP4;WRB;VLDLR;TMEM140;COMT;TROVE2;AURKA;UCHL1;LASP1;COMMD9;ARL6IP5;FAM63A;SPTAN1;HTATIP2;HIST1H1C;HEXIM1;SMAD3;CAV1;DENND2A;H2AFV;NR1D2;CACYBP;DNAJB14;VEZF1;WIPI2;TPD52L2;PTP4A2;ACOX1;RAB9A;MXRA7;ESYT1;PPIG;STAMBP;IL6ST;SERINC3;CUEDC1;RHOQ
ChEA_2016,TAF7L 23326641 ChIP-Seq C3H10T1-2 Mouse,20/912,0.0582984922185355,0.2648417217927757,0,0,1.5060858424087125,4.280565626417424,RNF14;WRB;NEK7;HUS1;TMEM140;TOB2;TOB1;TPD52L2;MTDH;LRP6;EXT1;CST3;MSRA;PTP4A2;DYNLRB1;PTPN4;RREB1;TEAD1;PTRF;ALDH9A1
ChEA_2016,MYC 18940864 ChIP-ChIP HL60 Human,17/746,0.0581619912866951,0.2648417217927757,0,0,1.5632382808145142,4.446667569823022,UBE2D4;POP4;WRB;ST8SIA3;ZBTB20;CACYBP;VLDLR;NPM3;MTDH;EXT2;PTP4A2;TMEM33;GRK4;SCLY;KIF20B;ZCCHC2;ZNF552
ChEA_2016,TCF7L2 21901280 ChIP-Seq H4IIE Rat,22/1023,0.057720045849636,0.2648417217927757,0,0,1.4782986797375286,4.216330689218103,RTN3;NTRK2;PLA2G12A;ZFAND6;AKTIP;QPRT;ZBTB20;WASL;F11R;HIGD1A;TRAK2;STK3;EXT1;CCDC91;TST;GNAQ;PSMC2;TCF4;SCLY;PTPN4;TEAD1;FBXO9
ChEA_2016,CEBPB 26923725 Chip-Seq MESODERM Mouse,23/1079,0.0574850868930348,0.2648417217927757,0,0,1.4659637895197462,4.18712934876126,SMAD2;KDM5A;CNTNAP2;GSTM2;LEPROT;SMAD3;PCOLCE2;ERAP1;HUS1;ATP11B;HIGD1A;PAPSS2;MYL12B;EXT1;SLC25A16;COX7A2L;PDZD2;TMEM33;EHHADH;TCF4;FYN;CPEB3;RREB1
ChEA_2016,EGR1 20690147 ChIP-Seq ERYTHROLEUKEMIA Human,106/6207,0.06074205001187,0.2720559423066855,0,0,1.2178956635467906,3.411470767611647,SCARB1;ZBTB20;COMT;YY1;SCP2;PPAT;SLC39A6;NBN;ANKS1A;PDE8B;TNS3;PTRF;ANXA11;DNAJB14;ATP11B;PIAS1;INPP4A;ALDH3A2;DYNC1LI2;FEZ2;PPIG;IL6ST;SIDT2;RTN3;SDC3;NPR3;MTDH;STK3;PDZD2;ZNF148;RREB1;ZC3H14;HEXIM1;SMAD2;MOAP1;SMAD3;HSPA4;CAV1;NR1D2;PARVA;LSM4;EXT1;SETX;MSRA;WNK1;GNAQ;MAFG;CDC16;PIN1;TCF4;DYNLRB1;CPEB3;FBXL5;GRSF1;CLIC5;DENND1B;CNTNAP2;YWHAB;FAM69A;CHD4;WASL;PPP1R9A;EEA1;SCPEP1;NIPBL;LASP1;SCRN1;ME1;PHACTR2;TNPO1;HRAS;SPTAN1;NCOA2;PLA2G12A;NCOA3;DENND2A;CACYBP;MYRIP;DYNLL1;AES;TGFBR3;PTP4A2;RASA1;EXOC3;ZNF358;CUEDC1;RHOQ;VAMP3;CSTB;NFAT5;CCDC69;EHBP1;CST3;CTNNA1;RGS20;FYN;MEST;NQO1;KCNB1;BAD;NPM3;TJP1;RAB14;SCD;SCLY;PTPN4
ChEA_2016,ELK1 19687146 ChIP-ChIP HELA Human,20/916,0.0604041929769948,0.2720559423066855,0,0,1.4990433673469388,4.207360156688552,NCKAP1;USP8;HSPA4;RNF14;TUFT1;AAAS;DYNLL1;NPM3;TROVE2;SCRN1;CAPZA1;DNAJB4;PSMC2;FYN;NDUFAF1;RREB1;RNF130;SLC25A36;MON1B;VAMP3
ChEA_2016,CREB1 20920259 ChIP-Seq GC1-SPG Mouse,56/3057,0.0622454187255508,0.2768397644017505,0,0,1.277093427873769,3.5460674440110243,CNTNAP2;GMFB;POP4;CSE1L;YY1;SCPEP1;NEK1;UBXN4;TEAD1;USP8;AKTIP;CACYBP;VEZF1;PEX1;ATG12;INPP4A;ALDH3A2;SLC25A16;COX7A2L;RAP2A;PPIG;CUEDC1;VAMP3;SIDT2;WRB;VPS4B;PIK3R1;AAAS;TOB2;CLCN3;TOB1;LRP6;DNAJB4;TPR;FYN;TRPM3;KLHDC10;HEXIM1;RRM1;HSPA4;USP22;NEK7;NAGA;PARVA;TPD52L2;EXT1;SETX;NELL2;ERP44;WNK1;YIPF6;CPEB3;SERINC3;GRSF1;ZCCHC2;SLC25A36
ChEA_2016,STAT3 24763339 ChIP-Seq IMN-ESCs Mouse,35/1788,0.0627256330496179,0.2770382126358126,0,0,1.3521725559418356,3.744145652350913,CNTNAP2;NFAT5;PCOLCE2;CCDC69;NPR3;PPP1R9A;ATP2C1;TOB1;MTDH;PDZD2;GRK4;PPAT;SPIN1;CTNNA1;TLK1;TNS3;RREB1;RNF130;SMAD2;ATF7IP;HSPA4;NCOA3;NEK7;ATRX;MED13L;EXT1;TJP1;MSRA;TMEM106B;TLL1;MXRA7;KIF20B;CDK13;IL6ST;ZCCHC2
ChEA_2016,SREBP2 21459322 ChIP-Seq LIVER Mouse,23/1095,0.0653970752623384,0.286845102529981,0,0,1.442844442049679,3.9350375323720974,RAB2A;LYPLA1;SCAF11;CAV1;PON2;HUS1;WWP1;H2AFV;DNAJB14;UQCR10;WIPI2;F11R;COMT;PPP1R9A;EHBP1;EXT1;ZEB1;TST;CDC16;NMT2;TMEM106B;TCTA;TNS3
ChEA_2016,EOMES 21245162 ChIP-Seq HESCs Human,20/932,0.0693586435028986,0.3021376525194761,0,0,1.4714912280701755,3.926622110113085,HEXIM1;NCKAP1;ZFAND6;QPRT;ITGAE;NPM3;MRPL24;TROVE2;TOB1;ALDH3A2;NELL2;SCPEP1;AKAP10;LASP1;SCD;FEZ2;FYN;CD46;IL6ST;FERMT2
ChEA_2016,NANOG 19829295 ChIP-Seq ESCs Human,38/2000,0.0763173962127764,0.3091583693715021,0,0,1.3112574020900936,3.373674336025481,CLIC5;CELF2;VPS4B;SDC3;NPR3;PCSK5;TOB1;EHBP1;LRP6;AURKA;PDZD2;DNAJB4;PRRG1;ARL6IP5;FYN;UBXN4;TNS3;RREB1;AASS;LYPLA1;SMAD3;ANKRD46;AKTIP;USP22;VEZF1;PEX1;PIAS1;ERP44;TMBIM4;CAPZA1;FEZ2;TLL1;CDK13;FBXL5;CUEDC1;DDR2;BMPR1A;ALDH9A1
ChEA_2016,SOX2 19829295 ChIP-Seq ESCs Human,38/2000,0.0763173962127764,0.3091583693715021,0,0,1.3112574020900936,3.373674336025481,CLIC5;CELF2;VPS4B;SDC3;NPR3;PCSK5;TOB1;EHBP1;LRP6;AURKA;PDZD2;DNAJB4;PRRG1;ARL6IP5;FYN;UBXN4;TNS3;RREB1;AASS;LYPLA1;SMAD3;ANKRD46;AKTIP;USP22;VEZF1;PEX1;PIAS1;ERP44;TMBIM4;CAPZA1;FEZ2;TLL1;CDK13;FBXL5;CUEDC1;DDR2;BMPR1A;ALDH9A1
ChEA_2016,CJUN 26792858 Chip-Seq BT549 Human,38/2000,0.0763173962127764,0.3091583693715021,0,0,1.3112574020900936,3.373674336025481,CLIC5;NFAT5;FAM69A;WASL;CHRDL1;EHBP1;STK3;EEA1;CST3;RMND5B;COMMD9;SESN1;ME1;TLK1;NBN;TNPO1;NQO1;SMAD3;KCNB1;NCOA3;CAV1;WWP1;ANXA11;NR1D2;KTN1;EXT1;TGFBR3;MSRA;PTP4A2;WNK1;RASA1;EHHADH;PLSCR4;SSPN;DYNLRB1;SYNC;DDR2;ALDH9A1
ChEA_2016,TOP2B 26459242 ChIP-Seq MCF-7 Human,38/2000,0.0763173962127764,0.3091583693715021,0,0,1.3112574020900936,3.373674336025481,CLIC5;CNTNAP2;KCNA4;UBE3A;PIK3R1;EHBP1;SCPEP1;COMMD9;PDZD2;CHL1;SESN1;ARL6IP5;SPIN1;CTNNA1;BBX;FYN;TNS3;RREB1;TEAD1;TRPM3;AASS;HTATIP2;KLHDC10;NTRK2;BAD;NEK7;EBF2;WWP1;PARVA;ATP11B;SMAD5;EXT1;EXT2;NOVA1;GNAQ;TMEM106B;FBXL5;MON1B
ChEA_2016,NEUROD2 26341353 ChIP-Seq CORTEX Mouse,38/2000,0.0763173962127764,0.3091583693715021,0,0,1.3112574020900936,3.373674336025481,TUFT1;CSE1L;KCNA4;CSTF2T;WASL;RMND5B;LASP1;BAG5;SCRN1;TPR;SPIN1;TLK1;TNS3;PAK2;ATF7IP;MOAP1;NTRK2;ANKRD46;HUS1;CACYBP;DNAJB14;PEX1;TPD52L2;EXT2;PTP4A2;COX7A2L;ZEB1;TMBIM4;CAPZA1;CDC16;TCF4;TRIM16;SYNC;GRSF1;FERMT2;RHOQ;TRIM33;DDR2
ChEA_2016,KAP1 27257070 Chip-Seq ESCs Mouse,38/2000,0.0763173962127764,0.3091583693715021,0,0,1.3112574020900936,3.373674336025481,DENND1B;NFAT5;TUFT1;QPRT;CHD4;TTK;F11R;SLC5A3;NSL1;RMND5B;GRK4;BBX;FAM63A;RGS20;NBN;FBXO9;BPTF;RAB2A;LYPLA1;PLA2G12A;HSPA4;NCOA3;GTPBP6;WWP1;MYRIP;ALDH3A2;ERP44;DYNC1LI2;MAFG;PSMC2;PKN2;TLL1;CD46;IL6ST;SERINC3;SLC25A36;SKAP2;ALDH9A1
ChEA_2016,E4F1 26484288 ChIP-Seq MOUSE EMBRYONIC FIBROBLAST Mouse,2/30,0.0741097879019695,0.3091583693715021,0,0,4.715244487056568,12.270045346371148,FYN;PHKB
ChEA_2016,GATA2 21571218 ChIP-Seq MEGAKARYOCYTES Human,23/1111,0.0740415386590769,0.3091583693715021,0,0,1.4204050753875557,3.697497657743382,SPEN;ZNF492;USP22;ZBTB48;WWP1;ZBTB20;DYNLL1;PCSK5;EHBP1;PTP4A2;AKAP10;LASP1;CCDC91;GNAQ;TMEM106B;SYNC;TNPO1;RREB1;ZC3H14;CEP290;AASS;ZNF552;BPTF
ChEA_2016,SOX3 22085726 ChIP-Seq NPCs Mouse,38/2000,0.0763173962127764,0.3091583693715021,0,0,1.3112574020900936,3.373674336025481,CSTB;CNTNAP2;CCDC69;F11R;MTDH;YY1;SCPEP1;NIPBL;AKAP10;LEPROTL1;DNAJB4;ARL6IP5;CTNNA1;ME1;PDE8B;RREB1;TEAD1;PTRF;RAB2A;SPEN;ST8SIA3;GTPBP6;PARVA;CACYBP;DNAJB14;DYNLL1;NPM3;NELL2;EXT2;PTP4A2;RAB14;GNAQ;NDUFAF3;PIN1;TCF4;FERMT2;RHOQ;BMPR1A
ChEA_2016,CEBPB 24764292 ChIP-Seq MC3T3 Mouse,38/2000,0.0763173962127764,0.3091583693715021,0,0,1.3112574020900936,3.373674336025481,CSTB;SCARB1;CSTF2T;UBE3A;UQCR10;HIGD1A;TOB1;AURKA;CCDC91;BAG5;ARL6IP5;SPIN1;CTNNA1;NEK1;TEAD1;HEXIM1;BAD;NCOA3;NEK7;GTPBP6;DNAJB14;ATP11B;PHKB;LSM4;AES;SLC25A16;EXT2;ERP44;RAP2A;TMEM33;SSPN;NMT2;TCTA;PTPN4;CUEDC1;TRIM33;SLC25A36;SKAP2
ChEA_2016,P53 21459846 ChIP-Seq SAOS-2 Human,38/2000,0.0763173962127764,0.3091583693715021,0,0,1.3112574020900936,3.373674336025481,ZFYVE9;YWHAB;PON2;NPR3;CHD4;TTK;PIK3R1;PPP1R9A;CLCN3;ATP2C1;SLC4A4;MTDH;SCPEP1;GOLGA5;SPIN1;TNS3;SPTAN1;RNF130;TRPM3;FBXO9;ATF7IP;NQO1;KCNB1;USP22;ST8SIA3;AMMECR1;VEZF1;LSM4;NELL2;TST;NMT2;EXOC3;TCF4;TRIM16;ESYT1;CDK13;RHOQ;VAMP3
ChEA_2016,SOX9 26525672 Chip-Seq HEART Mouse,33/1702,0.0768244297666992,0.3092426413393715,0,0,1.3352609717182462,3.4265902264381305,CELF2;ZBTB20;UQCR10;PCSK5;MTDH;MYL12B;UCHL1;PDZD2;TPR;RGS20;TNS3;TRPM3;HEXIM1;NTRK2;ATP11B;ATG12;MED13L;ALDH4A1;NELL2;MSRA;ERP44;PTP4A2;RAP2A;TST;NOVA1;TCF4;KIF20B;CDK13;CPEB3;IL6ST;ZCCHC2;TRIM33;ALDH9A1
ChEA_2016,RUNX 20019798 ChIP-Seq JUKART Human,14/616,0.0817391709934871,0.3269566839739486,0,0,1.5529354366563668,3.88889499636711,HSPA4;AKTIP;CCDC69;NEK7;ERAP1;PIK3R1;LSM4;TJP1;TGFBR3;RAB14;GNAQ;RASA1;NMT2;TRIM33
ChEA_2016,CCND1 20090754 ChIP-ChIP RETINA Mouse,40/2137,0.0834790386975768,0.330662255963169,0,0,1.2914419867209568,3.2068567120709184,RTN3;LEPROT;CSE1L;CHD4;AAAS;TOB2;TOB1;UCHL1;LASP1;TPR;MLX;RREB1;RNF130;MEST;FBXO9;HIST1H1C;HEXIM1;ATF7IP;PLA2G12A;BAD;USP22;GTPBP6;HUS1;PARVA;CACYBP;WIPI2;NPM3;LSM4;RAP2A;TST;WNK1;ACOX1;CAPZA1;NMT2;TMEM106B;PIN1;TCTA;SCLY;RHOQ;MON1B
ChEA_2016,SOX2 18358816 ChIP-ChIP MESCs Mouse,17/785,0.0837053824057707,0.330662255963169,0,0,1.4808046230859837,3.6730647854349328,ATF7IP;NQO1;RTN3;NTRK2;ANXA11;CACYBP;DYNLL1;CST3;RMND5B;TMBIM4;ARL6IP5;RGS20;PKN2;IL6ST;GRSF1;TNPO1;SLC25A36
ChEA_2016,MYCN 18555785 ChIP-Seq MESCs Mouse,42/2261,0.084608623931476,0.3321671902494985,0,0,1.2824444281417358,3.1672774730173647,NCKAP1;NFAT5;PARG;UBE3A;CLCN3;TROVE2;NSL1;MTDH;LRP6;AURKA;YY1;COMMD9;SESN1;TPR;SPIN1;SLC39A6;TLK1;FYN;RNF130;ZC3H14;BPTF;LYPLA1;RRM1;SMAD3;GTPBP6;WWP1;CACYBP;PHKB;MINA;WIPI2;DYNLL1;TPD52L2;ALDH3A2;SLC25A16;EXT2;ACOX1;MAFG;PSMC2;NMT2;NDUFAF1;PPIG;FBXL5
ChEA_2016,EWS-FLI1 20517297 ChIP-Seq SK-N-MC Human,13/574,0.0929811847094861,0.3627977513817987,0,0,1.545317905432683,3.670683436581132,NCOA2;CSTB;ST8SIA3;MYL12B;PIAS1;STK3;TGFBR3;COMMD9;ACOX1;TLL1;PAK2;AASS;KLHDC10
ChEA_2016,ELK4 26923725 Chip-Seq MESODERM Mouse,11/466,0.0936955624504108,0.3633559616979346,0,0,1.6099091220198487,3.8117889922693418,EXT1;EEA1;NTRK2;ANKRD46;SP140;CSTF2T;CHD4;SERINC3;SLC5A3;SLC25A36;SKAP2
ChEA_2016,BCL3 23251550 ChIP-Seq MUSCLE Mouse,18/858,0.0961161384787255,0.3704840246816329,0,0,1.4331306990881458,3.3566759186003075,SPEN;USP8;RNF14;NCOA3;USP22;WASL;TRAK2;YY1;ERP44;UCHL1;AKAP10;BAG5;RASA1;NDUFAF3;SCLY;TNPO1;TRIM33;HIST1H1C
ChEA_2016,ZIC3 20872845 ChIP-ChIP MESCs Mouse,9/365,0.0999737466872799,0.3830319451392171,0,0,1.6805282057222286,3.870000447101433,CST3;TGFBR3;RMND5B;RAP2A;ANXA11;IL6ST;GRSF1;CUEDC1;HIST1H1C
ChEA_2016,PADI4 21655091 ChIP-ChIP MCF-7 Human,21/1037,0.1008088829571791,0.3830909771287767,0,0,1.3841757683515368,3.176031168416147,NCOA3;VPS4B;WWP1;CACYBP;CHD4;VEZF1;MRPL24;TROVE2;TOB1;EHBP1;AURKA;INPP4A;COX7A2L;GOLGA5;PPAT;NEK1;PKN2;KIF20B;UBXN4;SERINC3;VAMP3
ChEA_2016,ISL1 27105846 Chip-Seq CPCs Mouse,30/1576,0.1055087415777491,0.3830909771287767,0,0,1.3047290498778208,2.934285363193634,CNTNAP2;TUFT1;CELF2;CSTF2T;UCHL1;KCNV2;GOLGA5;COMMD9;PPAT;ARL6IP5;ME1;TLK1;TNS3;TEAD1;HEXIM1;SMAD2;ATF7IP;NCOA3;HUS1;PARVA;PHKB;VEZF1;DYNLL1;SMAD5;MED13L;PIAS1;TGFBR3;RAP2A;CDK13;SIDT2
ChEA_2016,OLIG2 26023283 ChIP-Seq AINV15 Mouse,37/2000,0.1060125974444413,0.3830909771287767,0,0,1.2711764603336633,2.8527708412682298,DENND1B;RTN3;CCDC69;F11R;AAAS;TMEM140;HIGD1A;PPP1R9A;CLCN3;PCSK5;TOB1;TRAK2;UCHL1;AKAP10;KCNV2;COMMD9;SESN1;ARL6IP5;SLC39A6;TEAD1;TRPM3;KLHDC10;SPEN;NCOA2;PLA2G12A;NCOA3;EBF2;NR1D2;SMAD5;TPD52L2;INPP4A;WNK1;TMEM33;GNAQ;PSMC2;CUEDC1;SKAP2
ChEA_2016,E2F1 18555785 Chip-Seq ESCs Mouse,37/2000,0.1060125974444413,0.3830909771287767,0,0,1.2711764603336633,2.8527708412682298,NCKAP1;DENND1B;ZFYVE9;YWHAB;SP140;CSE1L;CELF2;VPS4B;KCNA4;F11R;TROVE2;TRAK2;COMMD9;TPR;TLK1;RGS20;UBXN4;NCOA2;USP8;LYPLA1;KCNB1;NCOA3;NEK7;CACYBP;ATP11B;INPP4A;SETX;GLB1L;NMT2;DYNLRB1;SCLY;CD46;PTPN4;ZCCHC2;TRIM33;DDR2;ALDH9A1
ChEA_2016,CMYC 18555785 Chip-Seq ESCs Mouse,37/2000,0.1060125974444413,0.3830909771287767,0,0,1.2711764603336633,2.8527708412682298,NCKAP1;DENND1B;SP140;CSE1L;CELF2;VPS4B;KCNA4;F11R;TROVE2;NSL1;TRAK2;CST3;COMMD9;TPR;TLK1;RGS20;UBXN4;NCOA2;USP8;LYPLA1;KCNB1;NCOA3;NEK7;CACYBP;ATP11B;INPP4A;SETX;EXT2;RAB14;DYNLRB1;SCLY;FBXL5;CD46;PTPN4;ZCCHC2;DDR2;ALDH9A1
ChEA_2016,SUZ12 18555785 Chip-Seq ESCs Mouse,37/2000,0.1060125974444413,0.3830909771287767,0,0,1.2711764603336633,2.8527708412682298,DENND1B;YWHAB;CSE1L;CELF2;VPS4B;KCNA4;F11R;TROVE2;NSL1;TRAK2;CST3;COMMD9;TPR;TLK1;RGS20;UBXN4;NCOA2;USP8;LYPLA1;KCNB1;NCOA3;NEK7;CACYBP;ATP11B;INPP4A;SETX;EXT2;RAB14;PSMC2;NMT2;PPIG;DYNLRB1;CD46;PTPN4;ZCCHC2;DDR2;ALDH9A1
ChEA_2016,UBF1/2 26484160 Chip-Seq HMECs Human,37/2000,0.1060125974444413,0.3830909771287767,0,0,1.2711764603336633,2.8527708412682298,DENND1B;LEPROT;ZFYVE9;FAM69A;CSTF2T;CHD4;ITGAE;TROVE2;TOB1;EHBP1;NIPBL;LEPROTL1;CTNNA1;SLC39A6;BBX;HRAS;BPTF;HEXIM1;USP22;ATP11B;ATG12;ALDH3A2;TGFBR3;PTP4A2;WNK1;SCD;RAB9A;NDUFAF1;KIF20B;CDK13;CPEB3;SYNC;TRIM33;SKAP2;VAMP3;BMPR1A;ALDH9A1
ChEA_2016,CREB1 26743006 Chip-Seq LNCaP Human,37/2000,0.1060125974444413,0.3830909771287767,0,0,1.2711764603336633,2.8527708412682298,ZFYVE9;ZBTB48;UBE3A;PIK3R1;F11R;AAAS;COMT;TOB2;ATP2C1;EHBP1;MYL12B;YY1;SESN1;ZNF329;ARL6IP5;SCAI;HIST1H1C;HEXIM1;SPEN;GSTM3;KCNB1;ST8SIA3;NEK7;PARVA;PHKB;DYNLL1;MED13L;SLC25A16;PTP4A2;WNK1;NOVA1;ESYT1;CPEB3;SYNC;CUEDC1;ZCCHC2;ZNF552
ChEA_2016,KDM2B 26808549 Chip-Seq SUP-B15 Human,37/2000,0.1060125974444413,0.3830909771287767,0,0,1.2711764603336633,2.8527708412682298,RTN3;ZFYVE9;FAM69A;ZBTB48;UBE3A;CHD4;F11R;AAAS;TOB2;SLC5A3;TOB1;NSL1;LRP6;YY1;UCHL1;LASP1;NTHL1;BBX;TNPO1;RREB1;SPTAN1;HEXIM1;SPEN;BAD;VEZF1;WIPI2;LSM4;MED13L;TGFBR3;NELL2;WNK1;GNAQ;MAFG;NMT2;ESYT1;CPEB3;ZCCHC2
ChEA_2016,GATA3 27048872 Chip-Seq THYMUS Human,37/2000,0.1060125974444413,0.3830909771287767,0,0,1.2711764603336633,2.8527708412682298,GMFB;CELF2;CCDC69;SDC3;QPRT;PIK3R1;ITGAE;TMEM140;SLC4A4;SLC5A3;MTDH;CST3;SCPEP1;GOLGA5;LEPROTL1;ARL6IP5;NEK1;FAM63A;H2AFV;GTPBP8;CACYBP;AES;KTN1;PIAS1;ALDH4A1;TJP1;PTP4A2;ZEB1;TMEM33;GNAQ;NMT2;TMEM106B;DYNLRB1;FBXL5;PTPN4;ZCCHC2;ZNF552
ChEA_2016,KLF4 18358816 ChIP-ChIP MESCs Mouse,32/1700,0.1077634055444121,0.3872176606002607,0,0,1.2908121264182684,2.875693385345964,CSTB;RTN3;LEPROT;RNF14;TUFT1;VPS4B;NPR3;COMT;TOB2;CST3;RMND5B;LASP1;CHL1;TPR;CTNNA1;RGS20;HIST1H1C;HEXIM1;ATF7IP;NQO1;USP8;GSTM1;NEK7;GTPBP6;DYNLL1;LSM4;RAP2A;TMBIM4;TCTA;IL6ST;GRSF1;SLC25A36
ChEA_2016,GATA1 22025678 ChIP-Seq K562 Human,2/38,0.110926174071121,0.3941287525655472,0,0,3.6659209545115594,8.060958384518564,CD36;SPTAN1
ChEA_2016,STAT3 22323479 ChIP-Seq MACROPHAGE Mouse,2/38,0.110926174071121,0.3941287525655472,0,0,3.6659209545115594,8.060958384518564,SCARB1;PIK3R1
ChEA_2016,NACC1 18358816 ChIP-ChIP MESCs Mouse,16/769,0.1179068691772447,0.4166042710929314,0,0,1.4175785122421114,3.0305846964324066,NCOA2;NQO1;GSTM1;CACYBP;PEX1;AAAS;RMND5B;SCRN1;ARL6IP5;RGS20;PKN2;IL6ST;GRSF1;TEAD1;MEST;SLC25A36
ChEA_2016,SALL4 22934838 ChIP-ChIP CD34+ Human,27/1418,0.1198967911285781,0.4212948019766613,0,0,1.3017830480087849,2.7612432401550064,CLIC5;CSTF2T;TTK;AAAS;COMMD9;ZNF329;RGS20;FYN;ZNF148;RREB1;GSTM3;RRM1;NCOA3;CAV1;CACYBP;DNAJB14;PEX1;SMAD5;EXT1;MSRA;GLB1L;TMEM33;CAPZA1;PLSCR4;FBXL5;PTPN4;TRIM33
ChEA_2016,FLI1 20887958 ChIP-Seq HPC-7 Mouse,37/2030,0.1233786574967893,0.4311473965272419,0,0,1.2499241642326089,2.6154627342537284,KDM5A;ZFYVE9;SP140;WRB;PON2;CSTF2T;HIGD1A;NSL1;MYL12B;GRK4;MLX;FYN;NBN;UBXN4;KLHDC10;HIST1H1C;RAB2A;USP8;RRM1;WIPI2;MRPL24;LSM4;SMAD5;TPD52L2;SETX;SLC25A16;PTP4A2;TMBIM4;TMEM33;CDC16;PSMC2;TMEM106B;PIN1;TRIM16;RHOQ;MON1B;ALDH9A1
ChEA_2016,TBX3 20139965 ChIP-Seq MESCs Mouse,21/1068,0.1250901629848585,0.4346453163942039,0,0,1.34096394203613,2.787489233142093,NTRK2;NCOA3;AMMECR1;CACYBP;PPP1R9A;CHRDL1;EXT1;EEA1;SLC25A16;MSRA;PDZD2;CHL1;CTNNA1;TMEM106B;TLK1;TLL1;IL6ST;SERINC3;GRSF1;PTRF;TRPM3
ChEA_2016,STAT6 21828071 ChIP-Seq BEAS2B Human,2/41,0.1257464437366879,0.4346453163942039,0,0,3.3834107726725176,7.015460793149671,VEZF1;TRIM16
ChEA_2016,TBX3 20139965 ChIP-Seq ESCs Mouse,21/1070,0.126768962100497,0.4358111345725196,0,0,1.3382637842492082,2.7640353597493523,NTRK2;NCOA3;AMMECR1;CACYBP;PPP1R9A;CHRDL1;EXT1;EEA1;SLC25A16;MSRA;PDZD2;CHL1;CTNNA1;TMEM106B;TLK1;TLL1;IL6ST;SERINC3;GRSF1;PTRF;TRPM3
ChEA_2016,RXR 22108803 ChIP-Seq LS180 Human,12/555,0.1320946717294034,0.4455050802729505,0,0,1.4699969306322898,2.975621299867385,CLIC5;CAV1;PON2;DNAJB4;FEZ2;PHKB;TCF4;NDUFAF1;PTRF;LSM4;ALDH9A1;LRP6
ChEA_2016,CHD1 19587682 ChIP-ChIP MESCs Mouse,17/843,0.1335887156712659,0.4455050802729505,0,0,1.3726075685110242,2.763044602423884,HEXIM1;HSPA4;POP4;AKTIP;NEK7;AAAS;MRPL24;LSM4;UCHL1;RAP2A;TMEM33;ACOX1;TMEM106B;TCF4;FBXO9;VAMP3;HIST1H1C
ChEA_2016,OCT4 18692474 ChIP-Seq MEFs Mouse,36/1992,0.1382406932224006,0.4455050802729505,0,0,1.2370329057445622,2.447789945202507,RTN3;CNTNAP2;NFAT5;POP4;QPRT;ZBTB20;F11R;TOB2;CLCN3;CST3;UCHL1;LASP1;NTHL1;SPIN1;HIST1H1C;ATF7IP;GSTM3;MOAP1;NTRK2;LYPLA1;RRM1;NCOA3;EBF2;ANXA11;CACYBP;VEZF1;LSM4;AES;EXT1;TGFBR3;COX7A2L;TST;TCF4;IL6ST;PCYOX1;BMPR1A
ChEA_2016,KLF1 20508144 ChIP-Seq FETAL-LIVER-ERYTHROID Mouse,22/1144,0.1393443460303843,0.4455050802729505,0,0,1.310339963323459,2.582427302808334,ATF7IP;MOAP1;CNTNAP2;NTRK2;YWHAB;BAD;ZFAND6;USP22;ATP11B;PHKB;UQCR10;LSM4;MED13L;STK3;EXT1;YY1;AKAP10;RASA1;DNAJB4;FEZ2;CD36;GRSF1
ChEA_2016,ELF1 17652178 ChIP-ChIP JURKAT Human,4/133,0.1399852585991843,0.4455050802729505,0,0,2.050178085061806,4.031097377237829,USP8;TMBIM4;ACOX1;MON1B
ChEA_2016,FOXA1 21572438 ChIP-Seq LNCaP Human,36/2000,0.1435983356225705,0.4455050802729505,0,0,1.231438622477319,2.389896297052591,WRB;PON2;TOB2;PAPSS2;EHBP1;SCPEP1;NIPBL;KCNV2;LEPROTL1;RREB1;TRPM3;SMAD2;NQO1;GSTM2;ANKRD46;ST8SIA3;ERAP1;EBF2;CACYBP;VEZF1;MYRIP;LSM4;ATG12;MED13L;EXT1;SETX;EXT2;EHHADH;KLRF1;NMT2;TLL1;ESYT1;DYNLRB1;FBXL5;SLC25A36;SKAP2
ChEA_2016,KLF5 25053715 ChIP-Seq YYC3 Human,36/2000,0.1435983356225705,0.4455050802729505,0,0,1.231438622477319,2.389896297052591,KDM5A;GMFB;PIK3R1;PCSK5;TOB1;NSL1;MTDH;MYL12B;EEA1;YY1;NIPBL;BBX;FYN;ZNF148;TNS3;RREB1;SPTAN1;BPTF;HEXIM1;SPEN;NQO1;SMAD3;NEK7;CACYBP;MYRIP;DYNLL1;EXT1;SLC25A16;PTP4A2;COX7A2L;GNAQ;CDC16;SYNC;CD46;SLC25A36;VAMP3
ChEA_2016,NFYB 21822215 ChIP-Seq K562 Human,36/2000,0.1435983356225705,0.4455050802729505,0,0,1.231438622477319,2.389896297052591,DENND1B;LEPROT;ZFYVE9;CELF2;SDC3;FAM69A;ZBTB48;KCNA4;F11R;PAPSS2;CCDC91;COMMD9;SCP2;TEAD1;ATF7IP;SPEN;RRM1;NEK7;PARVA;CACYBP;KTN1;ALDH4A1;TGFBR3;NELL2;EXT2;PTP4A2;ZEB1;NMT2;PKN2;KIF20B;CPEB3;SYNC;TRIM33;VAMP3;DDR2;BMPR1A
ChEA_2016,FOXH1 21741376 ChIP-Seq EPCs Human,36/2000,0.1435983356225705,0.4455050802729505,0,0,1.231438622477319,2.389896297052591,KDM5A;NFAT5;ZFYVE9;WRB;HFE;ZFAND6;PIK3R1;PCSK5;UCHL1;SCP2;LEPROTL1;DNAJB4;SPIN1;SLC39A6;RREB1;PTRF;NCOA2;GSTM1;ANKRD46;HSPA4;BAD;NCOA3;USP22;ST8SIA3;EBF2;DNAJB14;MED13L;RAP2A;TMBIM4;SCD;CAPZA1;EHHADH;FBXL5;SYNC;SKAP2;SIDT2
ChEA_2016,CRX 20693478 ChIP-Seq RETINA Mouse,36/2000,0.1435983356225705,0.4455050802729505,0,0,1.231438622477319,2.389896297052591,DENND1B;CSTB;SP140;VPS4B;UQCR10;F11R;TROVE2;NSL1;TRAK2;EEA1;AKAP10;SESN1;TPR;PHACTR2;RGS20;FYN;UBXN4;TNS3;RNF130;CEP290;NCOA2;LYPLA1;NEK7;CACYBP;VEZF1;INPP4A;ALDH3A2;SLC25A16;GLB1L;SCLY;CD46;PTPN4;CUEDC1;ZCCHC2;DDR2;ALDH9A1
ChEA_2016,PU1 27457419 Chip-Seq LIVER Mouse,36/2000,0.1435983356225705,0.4455050802729505,0,0,1.231438622477319,2.389896297052591,NCKAP1;DENND1B;YWHAB;SP140;CELF2;VPS4B;KCNA4;F11R;TROVE2;NSL1;TRAK2;CST3;COMMD9;TPR;TLK1;RGS20;UBXN4;NCOA2;USP8;LYPLA1;KCNB1;NCOA3;NEK7;CACYBP;INPP4A;SETX;GLB1L;RAB14;NMT2;DYNLRB1;SCLY;CD46;PTPN4;ZCCHC2;DDR2;ALDH9A1
ChEA_2016,RUNX1 27457419 Chip-Seq LIVER Mouse,36/2000,0.1435983356225705,0.4455050802729505,0,0,1.231438622477319,2.389896297052591,NCKAP1;DENND1B;SP140;CELF2;VPS4B;KCNA4;F11R;TROVE2;NSL1;TRAK2;CST3;COMMD9;TPR;TLK1;RGS20;UBXN4;NCOA2;LYPLA1;KCNB1;NCOA3;NEK7;CACYBP;INPP4A;SETX;GLB1L;RAB14;NMT2;NDUFAF1;PPIG;DYNLRB1;SCLY;CD46;PTPN4;ZCCHC2;DDR2;ALDH9A1
ChEA_2016,IRF8 27001747 Chip-Seq BMDM Mouse,36/2000,0.1435983356225705,0.4455050802729505,0,0,1.231438622477319,2.389896297052591,NCKAP1;CLIC5;DENND1B;GMFB;CSE1L;SDC3;TTK;F11R;CLCN3;ATP2C1;NSL1;CST3;UCHL1;COMMD9;CHL1;SESN1;RREB1;ANKRD46;HSPA4;NEK7;ERAP1;DNAJB14;VEZF1;MED13L;KTN1;ZEB1;RAB14;NOVA1;GNAQ;EHHADH;FEZ2;TRIM16;ESYT1;PPIG;SKAP2;ALDH9A1
ChEA_2016,P53 22387025 ChIP-Seq ESCs Mouse,36/2000,0.1435983356225705,0.4455050802729505,0,0,1.231438622477319,2.389896297052591,NCKAP1;DENND1B;SP140;CELF2;VPS4B;KCNA4;F11R;TROVE2;NSL1;TRAK2;COMMD9;TPR;TLK1;RGS20;UBXN4;RAB2A;NCOA2;USP8;LYPLA1;NCOA3;NEK7;CACYBP;INPP4A;SETX;EXT2;GLB1L;RAB14;TMEM33;NMT2;DYNLRB1;SCLY;CD46;PTPN4;ZCCHC2;DDR2;ALDH9A1
ChEA_2016,GATA2 22383799 ChIP-Seq G1ME Mouse,36/2000,0.1435983356225705,0.4455050802729505,0,0,1.231438622477319,2.389896297052591,DENND1B;GMFB;F11R;TMEM140;TOB2;ATP2C1;SLC4A4;MTDH;EEA1;NIPBL;AKAP10;MLX;CTNNA1;TLK1;UBXN4;TNPO1;PTRF;FBXO9;RAB2A;PLA2G12A;NEK7;ERAP1;H2AFV;NR1D2;SMAD5;TPD52L2;MED13L;PTP4A2;ACOX1;GNAQ;MAFG;EHHADH;PSMC2;PIN1;ESYT1;ZCCHC2
ChEA_2016,KLF4 18555785 Chip-Seq ESCs Mouse,36/2000,0.1435983356225705,0.4455050802729505,0,0,1.231438622477319,2.389896297052591,NCKAP1;DENND1B;ZFYVE9;YWHAB;CSE1L;VPS4B;KCNA4;F11R;TROVE2;NSL1;TRAK2;COMMD9;TPR;RGS20;UBXN4;SPEN;NCOA2;USP8;LYPLA1;KCNB1;NCOA3;NEK7;CACYBP;INPP4A;SETX;EXT2;GLB1L;RAB14;NDUFAF1;DYNLRB1;SCLY;CD46;PTPN4;ZCCHC2;DDR2;ALDH9A1
ChEA_2016,TCFCP2L1 18555785 Chip-Seq ESCs Mouse,36/2000,0.1435983356225705,0.4455050802729505,0,0,1.231438622477319,2.389896297052591,NCKAP1;DENND1B;SP140;CSE1L;CELF2;VPS4B;KCNA4;F11R;TROVE2;NSL1;TRAK2;CST3;CCDC91;COMMD9;TPR;TLK1;RGS20;UBXN4;NCOA2;USP8;KCNB1;NCOA3;NEK7;CACYBP;ATP11B;INPP4A;SETX;EXT2;NMT2;CD46;PTPN4;ZCCHC2;TRIM33;VAMP3;DDR2;ALDH9A1
ChEA_2016,NANOG 18555785 Chip-Seq ESCs Mouse,36/2000,0.1435983356225705,0.4455050802729505,0,0,1.231438622477319,2.389896297052591,DENND1B;SP140;CELF2;VPS4B;KCNA4;F11R;TROVE2;NSL1;TRAK2;CST3;COMMD9;TPR;TLK1;RGS20;UBXN4;NCOA2;LYPLA1;KCNB1;NCOA3;NEK7;CACYBP;ATP11B;MED13L;INPP4A;SETX;EXT2;RAB14;NMT2;PKN2;CD46;PTPN4;ZCCHC2;TRIM33;VAMP3;DDR2;ALDH9A1
ChEA_2016,NMYC 18555785 Chip-Seq ESCs Mouse,36/2000,0.1435983356225705,0.4455050802729505,0,0,1.231438622477319,2.389896297052591,NCKAP1;DENND1B;ZFYVE9;CSE1L;VPS4B;KCNA4;F11R;TROVE2;NSL1;TRAK2;CST3;COMMD9;TPR;RGS20;UBXN4;NCOA2;USP8;LYPLA1;KCNB1;NCOA3;NEK7;WWP1;CACYBP;ATP11B;INPP4A;GLB1L;RAB14;NMT2;PKN2;DYNLRB1;SCLY;CD46;PTPN4;ZCCHC2;DDR2;ALDH9A1
ChEA_2016,ELK3 25401928 ChIP-Seq HUVEC Human,36/2000,0.1435983356225705,0.4455050802729505,0,0,1.231438622477319,2.389896297052591,ZFAND6;SDC3;FAM69A;ZBTB48;CHD4;F11R;ATP2C1;NSL1;CST3;AKAP10;BAG5;NTHL1;SESN1;ZNF329;TPR;CTNNA1;FAM63A;HRAS;PTRF;RRM1;BAD;CAV1;NEK7;TJP1;TGFBR3;PTP4A2;RAP2A;WNK1;TRIM16;ESYT1;KIF20B;ZCCHC2;TRIM33;VAMP3;ZNF552;ALDH9A1
ChEA_2016,MEIS1 20887958 ChIP-Seq HPC-7 Mouse,27/1452,0.1454257825523167,0.4489844548702594,0,0,1.268363215731637,2.4455176818245423,CLIC5;SCARB1;RNF14;WRB;ITGAE;F11R;TMEM140;TOB2;EHBP1;LRP6;COMMD9;NTHL1;SESN1;TPR;ARL6IP5;PHACTR2;FAM63A;FYN;HIST1H1C;RRM1;NEK7;PHKB;PEX1;LSM4;SETX;CD46;ZCCHC2
ChEA_2016,PRDM14 21183938 ChIP-Seq MESCs Mouse,35/1944,0.1474804269923466,0.4531282684402534,0,0,1.2308825128240608,2.355982749076928,CLIC5;NFAT5;CCDC69;PPP1R9A;TOB1;EEA1;ARL6IP5;SPIN1;TNS3;RREB1;TEAD1;HEXIM1;NCOA2;MOAP1;GSTM1;NCOA3;DENND2A;ERAP1;HUS1;ANXA11;MED13L;KTN1;PIAS1;INPP4A;EXT1;TJP1;ALDH3A2;PTP4A2;CAPZA1;TCTA;IL6ST;GRSF1;FERMT2;SLC25A36;SKAP2
ChEA_2016,HSF1 23293686 ChIP-Seq STHDH STRIATAL Mouse,22/1156,0.149993863316495,0.4586350820638983,0,0,1.2956365066676818,2.458030917105816,SPEN;DENND1B;NFAT5;CACYBP;DYNLL1;HIGD1A;ATP2C1;SLC5A3;LSM4;LRP6;SETX;LASP1;TMBIM4;TMEM33;LEPROTL1;DNAJB4;MLX;TNS3;ZCCHC2;PCYOX1;DDR2;HIST1H1C
ChEA_2016,ER 23166858 ChIP-Seq MCF-7 Human,18/920,0.1520041380065068,0.4603553893911351,0,0,1.3302354106713214,2.505960699069433,NQO1;USP8;NFAT5;NCOA3;PON2;KCNA4;VEZF1;PEX1;PPP1R9A;EXT1;SCPEP1;CHL1;PSMC2;CD36;NBN;PAK2;CUEDC1;TRIM33
ChEA_2016,E2F7 22180533 ChIP-Seq HELA Human,2/46,0.1513823357782776,0.4603553893911351,0,0,2.99816961561928,5.66038418396018,H2AFV;ESYT1
ChEA_2016,STAT3 1855785 ChIP-Seq MESCs Mouse,12/572,0.1535394636025238,0.4628014163564227,0,0,1.4241071428571428,2.6684886220831494,NFAT5;SCP2;RAB14;ARL6IP5;GTPBP6;TCF4;TTK;AAAS;IL6ST;LSM4;SLC25A36;SKAP2
ChEA_2016,GABP 19822575 ChIP-Seq HepG2 Human,46/2639,0.1546468144355995,0.4639404433067987,0,0,1.1948006595588971,2.230228506296722,YWHAB;POP4;WRB;PRIM1;CSE1L;VPS4B;ITGAE;AAAS;TOB2;NSL1;AURKA;EEA1;RMND5B;NIPBL;BAG5;NTHL1;SESN1;LEPROTL1;ZNF329;SLC39A6;RGS20;ZNF148;RNF130;HEXIM1;SPEN;MOAP1;BAD;AKTIP;HUS1;WWP1;GTPBP8;WIPI2;MRPL24;LSM4;TPD52L2;EXT2;MSRA;CDC16;PPIG;STAMBP;DYNLRB1;SCLY;KIF20B;GRSF1;PTPN4;MON1B
ChEA_2016,TFEB 21752829 ChIP-Seq HELA Human,16/808,0.1582920188045729,0.4726465913601334,0,0,1.3449992886612605,2.479255657688224,ATF7IP;CSTB;ZFAND6;HUS1;NSL1;SCPEP1;AKAP10;COMMD9;NTHL1;MLX;PKN2;ESYT1;SLC25A36;SKAP2;DDR2;BPTF
ChEA_2016,PPARG 20176806 ChIP-Seq MACROPHAGES Mouse,26/1408,0.1592133659652923,0.4731761717473173,0,0,1.257745571318411,2.311120130190818,NFAT5;CELF2;PIK3R1;WASL;TMEM140;SLC4A4;MTDH;EEA1;SCPEP1;AKAP10;BBX;TLK1;CD36;PDE8B;TNS3;RREB1;PAK2;PTRF;ZC3H14;HUS1;EXT1;MSRA;COX7A2L;TMEM33;CAPZA1;SSPN
ChEA_2016,ELK1 22589737 ChIP-Seq MCF10A Human,18/928,0.1603187724699815,0.4742452990274802,0,0,1.3179798924479775,2.4126822846387066,HEXIM1;ATF7IP;ANKRD46;KCNB1;TUFT1;CACYBP;PIK3R1;MYRIP;F11R;MRPL24;TPD52L2;MED13L;EEA1;WNK1;EHHADH;YIPF6;NDUFAF1;MON1B
ChEA_2016,TP53 23651856 ChIP-Seq MEFs Mouse,54/3193,0.1856454261248384,0.4825580538020971,0,0,1.1581208867201764,1.9501791431689597,CNTNAP2;ZBTB20;F11R;LASP1;GOLGA5;SESN1;SPIN1;SLC39A6;TNPO1;TNS3;TEAD1;CEP290;HUS1;CACYBP;PIAS1;INPP4A;ALDH3A2;TGFBR3;PTP4A2;RAP2A;TMBIM4;ACOX1;MXRA7;FKBP9;CUEDC1;DDR2;NFAT5;WRB;CSTF2T;AAAS;TOB2;NSL1;STK3;LRP6;AURKA;KCNV2;COMMD9;PDZD2;DNAJB4;CTNNA1;FYN;BPTF;NTRK2;RRM1;HSPA4;PARVA;EXT1;NELL2;MSRA;GNAQ;CDC16;SSPN;CPEB3;SLC25A36
ChEA_2016,TCF4 18268006 ChIP-ChIP LS174T Human,10/470,0.1706687369502027,0.4825580538020971,0,0,1.4422788605697152,2.5499934651518505,TGFBR3;DENND1B;CHL1;FEZ2;FAM63A;PKN2;PPIG;MYRIP;CD46;TRAK2
ChEA_2016,NANOG 18692474 ChIP-Seq MEFs Mouse,35/1989,0.1809166260177689,0.4825580538020971,0,0,1.199494022904154,2.050797701643812,RTN3;NFAT5;YWHAB;ZBTB20;F11R;TMEM140;CLCN3;TROVE2;LRP6;AURKA;CST3;LASP1;ARL6IP5;SPIN1;MLX;RREB1;TEAD1;FBXO9;HIST1H1C;NQO1;MOAP1;NTRK2;LYPLA1;EBF2;ANXA11;CACYBP;ATP11B;VEZF1;NPM3;EXT1;TGFBR3;RAP2A;TCF4;IL6ST;DDR2
ChEA_2016,AR 20517297 ChIP-Seq VCAP Human,36/2047,0.1775726461322993,0.4825580538020971,0,0,1.199471090818679,2.0731364221139184,ZFYVE9;ZFAND6;CSTF2T;VLDLR;F11R;TMEM140;SCPEP1;COMMD9;LEPROTL1;DNAJB4;ZNF329;CTNNA1;FAM63A;RGS20;FYN;PDE8B;RREB1;SCAI;FKTN;NCOA2;GSTM2;CAV1;ERAP1;PARVA;PEX1;MYRIP;DYNLL1;LSM4;ATG12;KTN1;EXT2;KLRF1;STAMBP;DYNLRB1;SLC25A36;VAMP3
ChEA_2016,NANOG 18692474 ChIP-Seq MESCs Mouse,52/3052,0.1766330439166221,0.4825580538020971,0,0,1.1672043010752688,2.02355979928505,YWHAB;ZBTB20;F11R;TMEM140;PPP1R9A;EEA1;LASP1;ARL6IP5;SPIN1;MLX;TLK1;PDE8B;TNS3;TEAD1;FBXO9;HIST1H1C;LYPLA1;GTPBP6;EBF2;ANXA11;CACYBP;ATP11B;VEZF1;TGFBR3;RAP2A;FEZ2;TCTA;IL6ST;CUEDC1;DDR2;RTN3;NFAT5;CSTF2T;CLCN3;TROVE2;LRP6;AURKA;CST3;RREB1;HEXIM1;NQO1;MOAP1;NTRK2;USP22;WWP1;NPM3;EXT1;SETX;TCF4;FBXL5;GRSF1;SLC25A36
ChEA_2016,E2F4 17652178 ChIP-ChIP JURKAT Human,19/1002,0.1755453923529766,0.4825580538020971,0,0,1.2874489090336432,2.2399777994206755,HEXIM1;SPEN;RRM1;YWHAB;PRIM1;H2AFV;CSTF2T;CACYBP;TTK;AAAS;LSM4;RAP2A;WNK1;ACOX1;CAPZA1;SESN1;FYN;PPIG;HIST1H1C
ChEA_2016,SALL4 18804426 ChIP-ChIP MESCs Mouse,20/1062,0.1754157578446107,0.4825580538020971,0,0,1.278996435426378,2.226216544561043,NQO1;RTN3;MOAP1;LYPLA1;KCNB1;ANXA11;UBE3A;WASL;WIPI2;MYRIP;PPP1R9A;TOB1;EXT1;CST3;NELL2;PKN2;IL6ST;GRSF1;TNPO1;SLC25A36
ChEA_2016,IRF1 19129219 ChIP-ChIP H3396 Human,5/196,0.1725546845990981,0.4825580538020971,0,0,1.7312095128227882,3.041806233120143,ALDH4A1;WRB;RGS20;PTPN4;AASS
ChEA_2016,HOXD13 18407260 ChIP-ChIP DEVELOPING-LIMBS Mouse,5/196,0.1725546845990981,0.4825580538020971,0,0,1.7312095128227882,3.041806233120143,NELL2;SSPN;TTK;TLL1;FBXO9
ChEA_2016,ZFP281 27345836 Chip-Seq ESCs Mouse,35/2000,0.189684769576296,0.4825580538020971,0,0,1.1920399443084162,1.9816373001386416,DENND1B;CNTNAP2;QPRT;NPR3;PIK3R1;TOB2;TROVE2;TOB1;EHBP1;NSL1;TRAK2;YY1;UCHL1;NIPBL;LASP1;TPR;BBX;RREB1;HIST1H1C;SPEN;NCOA2;KCNB1;HSPA4;USP22;LSM4;SMAD5;AES;ZEB1;TST;NMT2;PKN2;GRSF1;FERMT2;SLC25A36;ALDH9A1
ChEA_2016,MYCN 27167114 Chip-Seq NEUROBLASTOMA Human,35/2000,0.189684769576296,0.4825580538020971,0,0,1.1920399443084162,1.9816373001386416,DENND1B;LEPROT;ZFYVE9;TUFT1;CELF2;FAM69A;ZBTB48;PPP1R9A;SLC4A4;TOB1;CST3;FYN;HRAS;HEXIM1;NTRK2;GSTM2;BAD;PARVA;CACYBP;VEZF1;LSM4;NELL2;EXT2;PTP4A2;WNK1;NMT2;PKN2;ESYT1;SCLY;KIF20B;CPEB3;FERMT2;TRIM33;MON1B;BMPR1A
ChEA_2016,SMRT 22465074 ChIP-Seq MACROPHAGES Mouse,35/2000,0.189684769576296,0.4825580538020971,0,0,1.1920399443084162,1.9816373001386416,NCKAP1;DENND1B;NFAT5;PON2;SDC3;ITGAE;F11R;TOB2;STK3;EEA1;CST3;RMND5B;AKAP10;UBXN4;RNF130;HEXIM1;RAB2A;GSTM1;NCOA3;H2AFV;GTPBP8;NR1D2;VEZF1;LSM4;TMBIM4;MAFG;RASA1;FEZ2;PSMC2;EXOC3;PKN2;TRIM16;CDK13;IL6ST;ALDH9A1
ChEA_2016,EBF1 22473956 ChIP-Seq LYMPHODE Mouse,35/2000,0.189684769576296,0.4825580538020971,0,0,1.1920399443084162,1.9816373001386416,NCKAP1;DENND1B;SP140;CELF2;VPS4B;KCNA4;F11R;TROVE2;TRAK2;CST3;COMMD9;TPR;TLK1;RGS20;UBXN4;NCOA2;LYPLA1;NCOA3;NEK7;CACYBP;ATP11B;INPP4A;SETX;EXT2;GLB1L;RAB14;NMT2;PPIG;DYNLRB1;SCLY;CD46;PTPN4;ZCCHC2;DDR2;ALDH9A1
ChEA_2016,EBF1 22473956 ChIP-Seq BONE MARROW Mouse,35/2000,0.189684769576296,0.4825580538020971,0,0,1.1920399443084162,1.9816373001386416,NCKAP1;DENND1B;SP140;CELF2;VPS4B;KCNA4;F11R;TROVE2;TRAK2;CST3;COMMD9;TPR;TLK1;RGS20;UBXN4;RAB2A;NCOA2;LYPLA1;KCNB1;NCOA3;NEK7;CACYBP;ATP11B;INPP4A;SETX;EXT2;GLB1L;RAB14;NMT2;PKN2;SCLY;PTPN4;ZCCHC2;DDR2;ALDH9A1
ChEA_2016,UBF1/2 26484160 Chip-Seq HMEC-DERIVED Human,35/2000,0.189684769576296,0.4825580538020971,0,0,1.1920399443084162,1.9816373001386416,DENND1B;SCARB1;LEPROT;ZFYVE9;ZFAND6;SDC3;FAM69A;ZBTB48;CHD4;F11R;PPP1R9A;TOB1;PAPSS2;YY1;SCPEP1;ARL6IP5;FAM63A;TEAD1;SPTAN1;CAV1;USP22;NEK7;ANXA11;PARVA;CACYBP;EXT1;SLC25A16;TGFBR3;NELL2;PTP4A2;ESYT1;SYNC;CD46;CUEDC1;VAMP3
ChEA_2016,GATA3 26560356 Chip-Seq TH1 Human,35/2000,0.189684769576296,0.4825580538020971,0,0,1.1920399443084162,1.9816373001386416,GMFB;ZNF492;ZFAND6;PON2;VPS4B;KCNA4;ZBTB20;TTK;PPP1R9A;ATP2C1;STK3;RMND5B;SCPEP1;NIPBL;ZNF329;FAM63A;FYN;RREB1;PTRF;FKTN;NCOA2;NQO1;ANKRD46;HSPA4;BAD;WWP1;PIAS1;TJP1;NELL2;EXT2;WNK1;FEZ2;NMT2;STAMBP;BMPR1A
ChEA_2016,CREB1 26743006 Chip-Seq LNCaP-abl Human,35/2000,0.189684769576296,0.4825580538020971,0,0,1.1920399443084162,1.9816373001386416,ZFYVE9;TUFT1;FAM69A;ZBTB48;CHD4;PIK3R1;AAAS;COMT;TOB2;ATP2C1;TOB1;EHBP1;MYL12B;YY1;SESN1;ZNF329;HRAS;HEXIM1;SPEN;GSTM3;DENND2A;NEK7;NR1D2;PARVA;CACYBP;PHKB;SLC25A16;PTP4A2;TMBIM4;WNK1;NOVA1;RASA1;ESYT1;CUEDC1;VAMP3
ChEA_2016,CTCF 21964334 ChIP-Seq BJAB-B Human,35/2000,0.189684769576296,0.4825580538020971,0,0,1.1920399443084162,1.9816373001386416,DENND1B;ZFYVE9;WRB;CELF2;SDC3;FAM69A;AAAS;CLCN3;TOB1;YY1;NIPBL;LASP1;COMMD9;DNAJB4;TPR;FAM63A;FYN;NBN;SMAD2;MOAP1;KCNB1;USP22;ANXA11;CACYBP;DYNLL1;NPM3;ALDH3A2;EXT2;PTP4A2;DYNC1LI2;WNK1;NMT2;ESYT1;STAMBP;SERINC3
ChEA_2016,CTCF 21964334 Chip-Seq Bcells Human,35/2000,0.189684769576296,0.4825580538020971,0,0,1.1920399443084162,1.9816373001386416,NFAT5;ZFYVE9;WRB;CELF2;SDC3;FAM69A;CLCN3;ATP2C1;TOB1;YY1;LASP1;TPR;BPTF;KLHDC10;HEXIM1;SMAD2;ATF7IP;MOAP1;NEK7;AMMECR1;ANXA11;PARVA;CACYBP;NPM3;ALDH3A2;NELL2;PTP4A2;NMT2;ESYT1;KIF20B;CDK13;GRSF1;RHOQ;SIDT2;ALDH9A1
ChEA_2016,LUZP1 20508642 ChIP-Seq ESCs Mouse,35/2000,0.189684769576296,0.4825580538020971,0,0,1.1920399443084162,1.9816373001386416,CSTB;PRIM1;CCDC69;NPR3;UQCR10;ITGAE;TOB1;EHBP1;EEA1;SCPEP1;AKAP10;SESN1;PHACTR2;FYN;TNS3;RNF130;PTRF;CEP290;BPTF;HSPA4;USP22;ERAP1;HUS1;H2AFV;VEZF1;AES;ALDH3A2;SLC25A16;TMBIM4;NOVA1;RASA1;TRIM16;ESYT1;CDK13;CUEDC1
ChEA_2016,OCT4 20526341 ChIP-Seq ESCs Human,35/2000,0.189684769576296,0.4825580538020971,0,0,1.1920399443084162,1.9816373001386416,ZFAND6;KIAA1033;ZBTB20;CSTF2T;PIK3R1;PPP1R9A;TOB1;AURKA;SCPEP1;SCP2;NTHL1;PRRG1;ARL6IP5;CTNNA1;FYN;TEAD1;FBXO9;EBF2;PEX1;WIPI2;MED13L;INPP4A;SLC25A16;TMBIM4;NOVA1;CAPZA1;FEZ2;EXOC3;MXRA7;NDUFAF1;ESYT1;CDK13;FBXL5;SIDT2;ALDH9A1
ChEA_2016,HNFA 21074721 ChIP-Seq CACO-2 Human,35/2000,0.189684769576296,0.4825580538020971,0,0,1.1920399443084162,1.9816373001386416,DENND1B;LEPROT;ZFYVE9;CELF2;SDC3;FAM69A;ZBTB48;CSTF2T;F11R;PAPSS2;LRP6;COMMD9;SCP2;DNAJB4;SPEN;GSTM3;NEK7;CACYBP;ALDH4A1;TGFBR3;EXT2;PTP4A2;ZEB1;CAPZA1;NMT2;PKN2;KIF20B;CPEB3;SYNC;CD46;TRIM33;VAMP3;DDR2;BMPR1A;ALDH9A1
ChEA_2016,LDB1 21186366 ChIP-Seq BM-HSCs Mouse,35/2000,0.189684769576296,0.4825580538020971,0,0,1.1920399443084162,1.9816373001386416,GMFB;RNF14;WRB;WASL;ITGAE;AAAS;EHBP1;MYL12B;YY1;RMND5B;AKAP10;SCRN1;LEPROTL1;CTNNA1;PHACTR2;CD36;RNF130;PAK2;CEP290;RAB2A;SMAD3;USP22;H2AFV;VEZF1;DYNLL1;MRPL24;COX7A2L;GLB1L;RAB14;NOVA1;GNAQ;EHHADH;CDC16;MXRA7;DYNLRB1
ChEA_2016,TAL1 21186366 ChIP-Seq BM-HSCs Mouse,35/2000,0.189684769576296,0.4825580538020971,0,0,1.1920399443084162,1.9816373001386416,CSTB;PIK3R1;UQCR10;TOB1;EHBP1;EEA1;SCPEP1;NIPBL;AKAP10;PDZD2;SESN1;PHACTR2;FYN;PDE8B;TNS3;RREB1;RNF130;CEP290;NTRK2;ANKRD46;HSPA4;ERAP1;HUS1;ANXA11;VEZF1;SMAD5;AES;EXT1;ALDH3A2;SLC25A16;RAP2A;TMBIM4;NOVA1;ESYT1;IL6ST
ChEA_2016,CDX2 21402776 ChIP-Seq INTESTINAL-VILLUS Mouse,35/2000,0.189684769576296,0.4825580538020971,0,0,1.1920399443084162,1.9816373001386416,DENND1B;SP140;VPS4B;F11R;TROVE2;TOB1;NSL1;TRAK2;EEA1;AKAP10;SESN1;TPR;PHACTR2;RGS20;FYN;UBXN4;TNS3;ZC3H14;CEP290;NCOA2;LYPLA1;NEK7;CACYBP;VEZF1;SMAD5;INPP4A;SLC25A16;GLB1L;SCLY;CD46;PTPN4;CUEDC1;ZCCHC2;DDR2;ALDH9A1
ChEA_2016,CTCF 18555785 Chip-Seq ESCs Mouse,35/2000,0.189684769576296,0.4825580538020971,0,0,1.1920399443084162,1.9816373001386416,NCKAP1;DENND1B;ZFYVE9;YWHAB;CSE1L;CELF2;VPS4B;F11R;TROVE2;NSL1;TRAK2;CST3;COMMD9;TPR;RGS20;UBXN4;NCOA2;USP8;LYPLA1;KCNB1;NCOA3;NEK7;CACYBP;INPP4A;SETX;GLB1L;RAB14;NDUFAF1;PPIG;SCLY;CD46;PTPN4;ZCCHC2;DDR2;ALDH9A1
ChEA_2016,SMAD1 18555785 Chip-Seq ESCs Mouse,35/2000,0.189684769576296,0.4825580538020971,0,0,1.1920399443084162,1.9816373001386416,DENND1B;SP140;CSE1L;CELF2;VPS4B;KCNA4;F11R;TROVE2;NSL1;TRAK2;CST3;COMMD9;TPR;TLK1;RGS20;UBXN4;SCAI;NCOA2;LYPLA1;NCOA3;NEK7;CACYBP;MED13L;INPP4A;SETX;GLB1L;NDUFAF1;DYNLRB1;SCLY;CD46;PTPN4;ZCCHC2;TRIM33;DDR2;ALDH9A1
ChEA_2016,SOX2 18555785 Chip-Seq ESCs Mouse,35/2000,0.189684769576296,0.4825580538020971,0,0,1.1920399443084162,1.9816373001386416,NCKAP1;DENND1B;YWHAB;TUFT1;SP140;CSE1L;VPS4B;KCNA4;F11R;TROVE2;NSL1;TRAK2;CST3;COMMD9;TPR;RGS20;UBXN4;NCOA2;USP8;LYPLA1;KCNB1;NCOA3;NEK7;CACYBP;INPP4A;SETX;RAB14;NMT2;DYNLRB1;CD46;PTPN4;ZCCHC2;TRIM33;DDR2;ALDH9A1
ChEA_2016,HOXB7 26014856 ChIP-Seq BT474 Human,35/2000,0.189684769576296,0.4825580538020971,0,0,1.1920399443084162,1.9816373001386416,DENND1B;SCARB1;ZNF492;YWHAB;CSE1L;CELF2;CSTF2T;UBE3A;UQCR10;TOB2;MTDH;MYL12B;LRP6;CST3;NIPBL;LASP1;SCRN1;PHACTR2;RREB1;BPTF;SPEN;RRM1;HSPA4;BAD;NCOA3;WWP1;CACYBP;VEZF1;AES;EXT1;SETX;TMEM106B;MXRA7;DYNLRB1;CUEDC1
ChEA_2016,CEBPB 20176806 ChIP-Seq MACROPHAGES Mouse,35/2000,0.189684769576296,0.4825580538020971,0,0,1.1920399443084162,1.9816373001386416,RTN3;NFAT5;SP140;PON2;UQCR10;AAAS;TOB2;LRP6;AKAP10;LASP1;TPR;TLK1;CD36;TNS3;ZC3H14;KLHDC10;ATF7IP;GSTM2;GSTM1;KCNB1;USP22;H2AFV;NAGA;CACYBP;VEZF1;DYNLL1;PIAS1;INPP4A;RAB14;GNAQ;TRIM16;NDUFAF1;FBXL5;SYNC;IL6ST
ChEA_2016,GATA3 20176728 ChIP-ChIP TSCs Mouse,16/834,0.1888691904860697,0.4825580538020971,0,0,1.3004580047522298,2.16747415938971,RRM1;GTPBP8;CHD4;EPX;LSM4;SMAD5;EHBP1;KTN1;STK3;AURKA;EEA1;TGFBR3;NELL2;MSRA;NIPBL;VAMP3
ChEA_2016,P300 18555785 Chip-Seq ESCs Mouse,35/2000,0.189684769576296,0.4825580538020971,0,0,1.1920399443084162,1.9816373001386416,NCKAP1;DENND1B;YWHAB;SP140;CSE1L;VPS4B;KCNA4;F11R;TROVE2;NSL1;TRAK2;CST3;COMMD9;TPR;TLK1;RGS20;UBXN4;RAB2A;NCOA2;USP8;LYPLA1;KCNB1;NCOA3;NEK7;CACYBP;INPP4A;SETX;RAB14;DYNLRB1;SCLY;CD46;PTPN4;ZCCHC2;DDR2;ALDH9A1
ChEA_2016,ZFX 18555785 Chip-Seq ESCs Mouse,35/2000,0.189684769576296,0.4825580538020971,0,0,1.1920399443084162,1.9816373001386416,DENND1B;CSE1L;VPS4B;KCNA4;F11R;TROVE2;NSL1;TRAK2;AURKA;COMMD9;TPR;TLK1;RGS20;UBXN4;NCOA2;USP8;LYPLA1;KCNB1;NCOA3;NEK7;CACYBP;ATP11B;INPP4A;SETX;GLB1L;RAB14;NMT2;DYNLRB1;SCLY;CD46;PTPN4;ZCCHC2;TRIM33;DDR2;ALDH9A1
ChEA_2016,SMAD3 18955504 ChIP-ChIP HaCaT Human,34/1936,0.1883807260027311,0.4825580538020971,0,0,1.1960737806661763,1.996594271243927,DENND1B;TUFT1;CSTF2T;F11R;CLCN3;ATP2C1;TROVE2;TOB1;YY1;SCRN1;SPIN1;CD36;ZNF148;TNPO1;MOAP1;SMAD3;CAV1;ERAP1;ANXA11;H2AFV;NPM3;ATG12;EXT1;ALDH4A1;TJP1;EXT2;RAP2A;ACOX1;SCD;PSMC2;TCF4;MXRA7;CUEDC1;SKAP2
ChEA_2016,SMAD2 18955504 ChIP-ChIP HaCaT Human,34/1936,0.1883807260027311,0.4825580538020971,0,0,1.1960737806661763,1.996594271243927,DENND1B;TUFT1;CSTF2T;F11R;CLCN3;ATP2C1;TROVE2;TOB1;YY1;SCRN1;SPIN1;CD36;ZNF148;TNPO1;MOAP1;SMAD3;CAV1;ERAP1;ANXA11;H2AFV;NPM3;ATG12;EXT1;ALDH4A1;TJP1;EXT2;RAP2A;ACOX1;SCD;PSMC2;TCF4;MXRA7;CUEDC1;SKAP2
ChEA_2016,FUS 26573619 Chip-Seq HEK293 Human,11/543,0.1946449162209741,0.4926712210244269,0,0,1.3713869448708276,2.244382146154808,NCKAP1;TUFT1;GNAQ;RASA1;ATRX;SSPN;PHKB;F11R;TEAD1;FBXO9;VAMP3
ChEA_2016,SRF 21415370 ChIP-Seq HL-1 Mouse,29/1634,0.1959839920112893,0.4926712210244269,0,0,1.2064581393477487,1.966191729487559,CSTB;RTN3;GMFB;PRIM1;VPS4B;CSTF2T;TROVE2;NSL1;SCPEP1;SESN1;TPR;ARL6IP5;NEK1;FBXO9;USP8;GSTM1;BAD;CAV1;GTPBP6;PHKB;PEX1;SETX;ALDH4A1;EXT2;TMEM33;EXOC3;SERINC3;MON1B;ALDH9A1
ChEA_2016,TFAP2C 20629094 ChIP-Seq MCF-7 Human,22/1203,0.195976898398344,0.4926712210244269,0,0,1.2409249569015406,2.0224079864609696,SCARB1;NTRK2;SMAD3;NCOA3;NPR3;AMMECR1;ANXA11;COMT;EHBP1;INPP4A;CST3;SESN1;ESYT1;DYNLRB1;PDE8B;TNS3;RREB1;TEAD1;PAK2;CEP290;FERMT2;DDR2
ChEA_2016,E2F1 21310950 ChIP-Seq MCF-7 Human,21/1145,0.1992245062667782,0.4988456141168147,0,0,1.243944438066812,2.006884070615495,ATF7IP;SPEN;RRM1;NCOA3;ZBTB48;H2AFV;CSTF2T;CACYBP;PEX1;TJP1;DYNC1LI2;NIPBL;SCRN1;PPAT;PIN1;PKN2;NBN;PPIG;SCLY;SLC25A36;FBXO9
ChEA_2016,KLF2 18264089 ChIP-ChIP MESCs Mouse,3/103,0.2013340479441788,0.5001892753613193,0,0,1.97979797979798,3.173200048330327,MSRA;DENND2A;TRPM3
ChEA_2016,KLF5 18264089 ChIP-ChIP MESCs Mouse,3/103,0.2013340479441788,0.5001892753613193,0,0,1.97979797979798,3.173200048330327,MSRA;DENND2A;TRPM3
ChEA_2016,KLF4 18264089 ChIP-ChIP MESCs Mouse,3/104,0.2051921237094805,0.5072289939446308,0,0,1.96009600960096,3.1044168186392054,MSRA;DENND2A;TRPM3
ChEA_2016,ARNT 22903824 ChIP-Seq MCF-7 Human,19/1029,0.2057627050907464,0.5072289939446308,0,0,1.2512244106972974,1.9782254461081312,NCOA2;TUFT1;NCOA3;WWP1;UBE3A;PIK3R1;WASL;MED13L;EXT2;COX7A2L;NOVA1;SESN1;CTNNA1;PKN2;PDE8B;TNS3;TEAD1;PAK2;DDR2
ChEA_2016,SMAD1 18555785 ChIP-Seq MESCs Mouse,12/610,0.2074484490758453,0.5094100911669406,0,0,1.330964325529543,2.0934370641448283,SLC25A16;RMND5B;SPEN;RAB14;MAFG;PON2;ATP11B;NDUFAF1;IL6ST;TEAD1;MTDH;HIST1H1C
ChEA_2016,SALL1 21062744 ChIP-ChIP HESCs Human,3/105,0.2090671269347415,0.5114103566557523,0,0,1.9407803525450584,3.0375151300214576,CD36;TRIM33;LRP6
ChEA_2016,NFE2 27457419 Chip-Seq LIVER Mouse,18/972,0.2102457119295609,0.5123228842421484,0,0,1.2542486283955574,1.9559736134084291,DENND1B;NCOA2;LYPLA1;SP140;VPS4B;NEK7;CACYBP;F11R;TRAK2;INPP4A;GLB1L;TPR;RGS20;SCLY;UBXN4;PTPN4;ZCCHC2;DDR2
ChEA_2016,SOX2 18555785 ChIP-Seq MESCs Mouse,10/497,0.2148836548707122,0.5216259713655458,0,0,1.3604050130991998,2.0918383827951805,SETX;MOAP1;DNAJB4;ARL6IP5;WIPI2;DYNLL1;IL6ST;ATG12;SLC25A36;HIST1H1C
ChEA_2016,GATA1 21571218 ChIP-Seq MEGAKARYOCYTES Human,44/2601,0.2165056276792317,0.5235649399391308,0,0,1.152308613609699,1.763192047789894,SCARB1;CNTNAP2;ZFAND6;SDC3;QPRT;NPR3;ZBTB48;ZBTB20;CHD4;PIK3R1;F11R;CLCN3;AKAP10;CCDC91;LEPROTL1;SPIN1;CTNNA1;SLC39A6;PHACTR2;TLK1;FYN;ZNF148;TNPO1;TNS3;RREB1;SPTAN1;RNF130;ZC3H14;BPTF;SPEN;SMAD3;BAD;CACYBP;MED13L;PTP4A2;RAB14;SCD;GNAQ;CDC16;NMT2;TCF4;SYNC;IL6ST;CUEDC1
ChEA_2016,MYC 22102868 ChIP-Seq BL Human,15/797,0.2187084548861716,0.5268885504075953,0,0,1.2732534661461838,1.9353652488200583,SMAD2;SCARB1;LYPLA1;SMAD3;CCDC69;USP22;FAM69A;CACYBP;TOB2;TROVE2;EEA1;LASP1;GRSF1;ZCCHC2;SLC25A36
ChEA_2016,MYBL1 21750041 ChIP-ChIP SPERMATOCYTES Mouse,4/161,0.2229682782663513,0.5351238678392433,0,0,1.682131175761749,2.524417599893724,YY1;MOAP1;SCPEP1;AURKA
ChEA_2016,ESR1 22446102 ChIP-Seq UTERUS Mouse,33/1916,0.2251487440779607,0.5367864007447027,0,0,1.1694642185849735,1.7436641452955843,SCARB1;PCOLCE2;CCDC69;ZBTB20;VLDLR;F11R;PCSK5;TOB1;STK3;RMND5B;PRRG1;FYN;PDE8B;TNS3;TEAD1;PAK2;NCOA2;DENND2A;NEK7;ANXA11;PARVA;MYRIP;LSM4;SMAD5;MED13L;TGFBR3;FEZ2;PLSCR4;TMEM106B;TCF4;TLL1;IL6ST;SKAP2
ChEA_2016,PPARG 19300518 ChIP-PET 3T3-L1 Mouse,6/272,0.2253490078598044,0.5367864007447027,0,0,1.4910234770599968,2.221781437668082,SCARB1;NFAT5;YWHAB;PON2;CD36;CUEDC1
ChEA_2016,TBX5 21415370 ChIP-Seq HL-1 Mouse,39/2296,0.2262487943474453,0.5369187806155793,0,0,1.154818470250918,1.7161988541885198,DENND1B;GMFB;PON2;VPS4B;CCDC69;ZBTB48;CSTF2T;PIK3R1;WASL;TOB1;NSL1;EEA1;RMND5B;LASP1;GRK4;ARL6IP5;TNPO1;RREB1;PTRF;NCOA2;USP8;LYPLA1;ANKRD46;CAV1;H2AFV;ATG12;AES;KTN1;SLC25A16;RAP2A;TMBIM4;RAB14;TMEM33;EXOC3;TCF4;FKBP9;STAMBP;DYNLRB1;MON1B
ChEA_2016,LMO2 26923725 Chip-Seq HEMOGENIC-ENDOTHELIUM Mouse,34/2000,0.2443872984728617,0.5406321749373321,0,0,1.1529765410474304,1.6245451261504011,NFAT5;ZFYVE9;CELF2;CHD4;VLDLR;PAPSS2;MTDH;STK3;EEA1;PDZD2;SCRN1;GRK4;PDE8B;ATF7IP;GSTM3;RRM1;GSTM1;SMAD3;ANKRD46;NCOA3;PHKB;KTN1;EXT1;NELL2;MSRA;COX7A2L;GNAQ;FEZ2;CDC16;TCF4;TRIM33;SKAP2;MON1B;VAMP3
ChEA_2016,JARID1B-DAIN 22020125 ChIP-Seq ESCs Mouse,34/2000,0.2443872984728617,0.5406321749373321,0,0,1.1529765410474304,1.6245451261504011,RTN3;GMFB;TUFT1;VLDLR;TMEM140;MYL12B;TRAK2;CCDC91;BAG5;PPAT;DNAJB4;BBX;FAM63A;RGS20;RREB1;TEAD1;PAK2;FKTN;HEXIM1;GTPBP8;MYRIP;MED13L;AES;INPP4A;EXT1;SETX;NELL2;WNK1;MAFG;EXOC3;PIN1;FKBP9;CDK13;ALDH9A1
ChEA_2016,PHF8 20622853 ChIP-Seq HELA Human,34/2000,0.2443872984728617,0.5406321749373321,0,0,1.1529765410474304,1.6245451261504011,DENND1B;LEPROT;ZFYVE9;CELF2;SDC3;FAM69A;ZBTB48;KCNA4;CSTF2T;F11R;PAPSS2;SCP2;DNAJB4;TPR;TEAD1;SPEN;GSTM1;NEK7;PARVA;CACYBP;ALDH4A1;TGFBR3;NELL2;PTP4A2;ZEB1;CAPZA1;NMT2;PKN2;SYNC;TRIM33;VAMP3;DDR2;BMPR1A;ALDH9A1
ChEA_2016,FLI1 21867929 ChIP-Seq TH2 Mouse,34/2000,0.2443872984728617,0.5406321749373321,0,0,1.1529765410474304,1.6245451261504011,CSTB;NPR3;PIK3R1;UQCR10;TOB1;EHBP1;MTDH;EEA1;SCPEP1;AKAP10;PDZD2;SESN1;PHACTR2;FYN;PDE8B;TNS3;RREB1;RNF130;CEP290;BPTF;NTRK2;ANKRD46;HSPA4;ERAP1;HUS1;ANXA11;NR1D2;VEZF1;SMAD5;EXT1;ALDH3A2;SLC25A16;RAP2A;NOVA1
ChEA_2016,NFYA 21822215 ChIP-Seq K562 Human,34/2000,0.2443872984728617,0.5406321749373321,0,0,1.1529765410474304,1.6245451261504011,DENND1B;LEPROT;ZFYVE9;CELF2;SDC3;FAM69A;ZBTB48;KCNA4;CSTF2T;PAPSS2;NSL1;SCP2;TPR;TEAD1;HTATIP2;SPEN;RRM1;NEK7;PARVA;ALDH4A1;TGFBR3;NELL2;EXT2;PTP4A2;ZEB1;NMT2;PKN2;KIF20B;CPEB3;SYNC;TRIM33;VAMP3;DDR2;BMPR1A
ChEA_2016,FOXH1 21741376 ChIP-Seq ESCs Human,34/2000,0.2443872984728617,0.5406321749373321,0,0,1.1529765410474304,1.6245451261504011,RTN3;NFAT5;KIAA1033;PIK3R1;VLDLR;LRP6;COMMD9;PDZD2;DNAJB4;PRRG1;ARL6IP5;SLC39A6;PDE8B;TNS3;TEAD1;TRPM3;NQO1;BAD;ERAP1;EBF2;ANXA11;MED13L;KTN1;SLC25A16;RAB14;CAPZA1;FEZ2;MXRA7;ESYT1;SCLY;CPEB3;FBXL5;RHOQ;SIDT2
ChEA_2016,RUNX2 24764292 ChIP-Seq MC3T3 Mouse,34/2000,0.2443872984728617,0.5406321749373321,0,0,1.1529765410474304,1.6245451261504011,NCKAP1;NFAT5;SDC3;CHD4;UQCR10;AAAS;CLCN3;EHBP1;MYL12B;NIPBL;LASP1;CCDC91;BAG5;TNS3;PTRF;HEXIM1;RAB2A;SPEN;NQO1;GSTM1;AKTIP;USP22;HUS1;CACYBP;AES;WNK1;GNAQ;PSMC2;NMT2;TRIM16;ESYT1;DYNLRB1;CUEDC1;RHOQ
ChEA_2016,FOXA1 25329375 ChIP-Seq VCAP Human,34/2000,0.2443872984728617,0.5406321749373321,0,0,1.1529765410474304,1.6245451261504011,GMFB;PCOLCE2;ZFYVE9;WRB;QPRT;CST3;SCRN1;PPAT;LEPROTL1;DNAJB4;ZNF329;RGS20;PDE8B;TNPO1;FKTN;NCOA2;GSTM2;RRM1;ANKRD46;HSPA4;CACYBP;MINA;MYRIP;DYNLL1;LSM4;ATG12;SETX;EXT2;EHHADH;NMT2;TCF4;ESYT1;SCLY;FBXL5
ChEA_2016,MEIS1 26253404 ChIP-Seq OPTIC CUPS Mouse,34/2000,0.2443872984728617,0.5406321749373321,0,0,1.1529765410474304,1.6245451261504011,SCARB1;NFAT5;SP140;NPR3;TTK;TOB2;ATP2C1;SLC4A4;PCSK5;CST3;NIPBL;BBX;RGS20;RAB2A;SMAD2;ATF7IP;NEK7;ERAP1;ATP11B;MYRIP;SMAD5;MED13L;EXT1;TJP1;NELL2;MSRA;RAP2A;EHHADH;CDC16;CDK13;FBXL5;CD46;TRIM33;SKAP2
ChEA_2016,CDX2 22108803 ChIP-Seq LS180 Human,34/2000,0.2443872984728617,0.5406321749373321,0,0,1.1529765410474304,1.6245451261504011,CLIC5;PCOLCE2;YWHAB;ZFAND6;PIK3R1;WASL;HIGD1A;TOB2;PAPSS2;EHBP1;LRP6;PPAT;DNAJB4;NEK1;RGS20;TEAD1;TRPM3;SPEN;GSTM3;CAV1;ERAP1;WWP1;ANXA11;NR1D2;DNAJB14;ATP11B;EXT1;SETX;GNAQ;RASA1;SYNC;CD46;FERMT2;TRIM33
ChEA_2016,AHR 22903824 ChIP-Seq MCF-7 Human,13/690,0.2384610080711047,0.5406321749373321,0,0,1.2727754646189635,1.8245865929764375,GSTM3;NCOA2;TUFT1;NCOA3;PIK3R1;WASL;MED13L;NOVA1;CTNNA1;PDE8B;TNS3;TEAD1;PAK2
ChEA_2016,SIN3B 21632747 ChIP-Seq MESCs Mouse,70/4302,0.2387946785079453,0.5406321749373321,0,0,1.112394180981343,1.5931166411613469,KDM5A;SCARB1;RNF14;QPRT;COMT;UCHL1;AKAP10;LASP1;CCDC91;GOLGA5;SCP2;CHL1;PPAT;NEK1;NBN;UBXN4;TNS3;PTRF;CEP290;HIST1H1C;USP8;PLA2G12A;NCOA3;AKTIP;GTPBP6;EBF2;ANXA11;DYNLL1;PTP4A2;RAP2A;TMEM33;ACOX1;TMEM106B;PPIG;KIF20B;CUEDC1;VAMP3;ALDH9A1;NFAT5;WRB;VPS4B;TTK;HIGD1A;TOB2;TOB1;NTHL1;GRK4;DNAJB4;TPR;RREB1;PAK2;ZC3H14;SCAI;TRPM3;ATF7IP;MOAP1;BAD;ST8SIA3;PHKB;LSM4;MED13L;SETX;TJP1;CDC16;PSMC2;NDUFAF3;PIN1;CPEB3;TRIM33;MON1B
ChEA_2016,TET1 21490601 ChIP-Seq MESCs Mouse,34/1994,0.2388322660412648,0.5406321749373321,0,0,1.1568973454043272,1.656669813321045,CNTNAP2;NFAT5;WRB;SDC3;PIK3R1;AAAS;TROVE2;KCNV2;CCDC91;BAG5;SCRN1;PPAT;RGS20;RREB1;PTRF;TRPM3;RAB2A;ATF7IP;RRM1;KCNB1;USP22;DENND2A;HUS1;ANXA11;MYRIP;TPD52L2;SLC25A16;EXT2;NMT2;ESYT1;CPEB3;RHOQ;SKAP2;SIDT2
ChEA_2016,TCF3 18692474 ChIP-Seq MEFs Mouse,14/745,0.2304581505440448,0.5406321749373321,0,0,1.2702495862550582,1.8643275247142816,GSTM3;MOAP1;NFAT5;ANXA11;CACYBP;TMEM140;AURKA;EXT1;CST3;TGFBR3;LASP1;SPIN1;TCF4;IL6ST
ChEA_2016,FOXA1 27270436 Chip-Seq PROSTATE Human,34/2000,0.2443872984728617,0.5406321749373321,0,0,1.1529765410474304,1.6245451261504011,GMFB;PCOLCE2;ZFYVE9;WRB;QPRT;CST3;SCRN1;PPAT;LEPROTL1;DNAJB4;ZNF329;RGS20;PDE8B;TNPO1;FKTN;NCOA2;GSTM2;RRM1;ANKRD46;HSPA4;CACYBP;MINA;MYRIP;DYNLL1;LSM4;ATG12;SETX;EXT2;EHHADH;NMT2;TCF4;ESYT1;SCLY;FBXL5
ChEA_2016,ETS1 22383799 ChIP-Seq G1ME Mouse,34/2000,0.2443872984728617,0.5406321749373321,0,0,1.1529765410474304,1.6245451261504011,CELF2;TMEM140;TOB2;PCSK5;TOB1;EHBP1;YY1;LASP1;GOLGA5;UBXN4;FBXO9;BPTF;HIST1H1C;RAB2A;NCOA2;LYPLA1;RRM1;AKTIP;DENND2A;NEK7;H2AFV;CACYBP;VEZF1;SMAD5;SETX;RAP2A;MAFG;RASA1;EHHADH;TCF4;GRSF1;PTPN4;CUEDC1;ALDH9A1
ChEA_2016,TBL1 22424771 ChIP-Seq 293T Human,34/2000,0.2443872984728617,0.5406321749373321,0,0,1.1529765410474304,1.6245451261504011,DENND1B;LEPROT;ZFYVE9;CELF2;SDC3;FAM69A;ZBTB48;CSTF2T;PAPSS2;COMMD9;SCP2;TEAD1;ATF7IP;SPEN;RRM1;NEK7;PARVA;CACYBP;MED13L;ALDH4A1;TGFBR3;EXT2;PTP4A2;ZEB1;NOVA1;NMT2;PKN2;KIF20B;CPEB3;CD46;TRIM33;VAMP3;DDR2;BMPR1A
ChEA_2016,RUNX1 22412390 ChIP-Seq EML Mouse,34/2000,0.2443872984728617,0.5406321749373321,0,0,1.1529765410474304,1.6245451261504011,NCKAP1;YWHAB;POP4;HFE;ZFAND6;EEA1;RMND5B;LASP1;PPAT;ARL6IP5;SLC39A6;NEK1;NBN;TNS3;FBXO9;HIST1H1C;SMAD2;SPEN;PLA2G12A;HSPA4;USP22;GTPBP8;ATP11B;MINA;NPM3;TPD52L2;SETX;TJP1;PTP4A2;GNAQ;PSMC2;TCF4;SCLY;RHOQ
ChEA_2016,PPAR 26484153 Chip-Seq NCI-H1993 Human,21/1185,0.2448145697829428,0.5406321749373321,0,0,1.1986106492258803,1.6867498859031702,HEXIM1;NCOA2;SMAD3;EBF2;ZBTB20;NR1D2;EEA1;UCHL1;LASP1;SSPN;SPIN1;YIPF6;PKN2;FYN;CD36;KIF20B;IL6ST;TNS3;TEAD1;TRIM33;HIST1H1C
ChEA_2016,CEBPB 26923725 Chip-Seq HEMOGENIC-ENDOTHELIUM Mouse,34/2000,0.2443872984728617,0.5406321749373321,0,0,1.1529765410474304,1.6245451261504011,KDM5A;NFAT5;LEPROT;PCOLCE2;CSE1L;CELF2;UBE3A;HIGD1A;PPP1R9A;SLC4A4;PAPSS2;NIPBL;PDZD2;TNS3;RREB1;PTRF;BPTF;KLHDC10;RAB2A;NTRK2;GSTM2;RRM1;SMAD3;KCNB1;ERAP1;PARVA;EXT1;MSRA;COX7A2L;PKN2;PPIG;CPEB3;IL6ST;VAMP3
ChEA_2016,TAL1 20566737 ChIP-Seq PRIMARY FETAL LIVER ERYTHROID Mouse,32/1875,0.245742784237492,0.5408041895330274,0,0,1.1569067305901313,1.623683753352961,SCARB1;LEPROT;TUFT1;ZFAND6;FAM69A;UBE3A;PIK3R1;WASL;TOB1;NSL1;TRAK2;SESN1;DNAJB4;TNS3;RREB1;HIST1H1C;SMAD3;KCNB1;HSPA4;AKTIP;ANXA11;NR1D2;MINA;MED13L;EXT1;ALDH4A1;TGFBR3;EHHADH;FEZ2;KIF20B;MON1B;BMPR1A
ChEA_2016,SUZ12 27294783 Chip-Seq NPCs Mouse,16/880,0.2493198417025943,0.5467842045615516,0,0,1.2282211789254045,1.7060221876686392,DENND1B;NCOA2;LYPLA1;SP140;VPS4B;NEK7;CACYBP;TRAK2;INPP4A;TPR;RGS20;SCLY;UBXN4;PTPN4;ZCCHC2;DDR2
ChEA_2016,MYC 19030024 ChIP-ChIP MESCs Mouse,63/3868,0.2520556961501857,0.5508846142663852,0,0,1.1104476122357323,1.5303136281081016,NCKAP1;GMFB;CSE1L;UBE3A;YY1;UCHL1;AKAP10;LASP1;NEK1;TLK1;NBN;TNPO1;ATRX;GTPBP6;HUS1;CACYBP;PEX1;WIPI2;TMBIM4;TMEM33;VAMP3;PCOLCE2;WRB;NPR3;TTK;AAAS;TOB2;CLCN3;SLC5A3;TOB1;MTDH;AURKA;CST3;RMND5B;NTHL1;GRK4;LEPROTL1;DNAJB4;TPR;RGS20;HEXIM1;ATF7IP;NQO1;MOAP1;RRM1;SMAD3;HSPA4;USP22;MINA;MRPL24;LSM4;TPD52L2;EXT1;MSRA;WNK1;CAPZA1;MAFG;PSMC2;NMT2;TCF4;FBXL5;TRIM33;SLC25A36
ChEA_2016,CIITA 25753668 ChIP-Seq RAJI Human,9/459,0.253252324577447,0.5511775272332895,0,0,1.3230240549828178,1.8170001663618485,YY1;ATF7IP;SPEN;RRM1;NCOA3;ATRX;GATB;CSTF2T;MICU2
ChEA_2016,CTCF 18555785 ChIP-Seq MESCs Mouse,27/1568,0.2539229803134494,0.5511775272332895,0,0,1.165441307556817,1.5974987030786258,RNF14;WRB;TTK;AAAS;CLCN3;ATP2C1;TROVE2;RMND5B;SCPEP1;NBN;ZC3H14;MEST;FBXO9;HTATIP2;BPTF;NTRK2;GSTM1;ANKRD46;CACYBP;LSM4;TPD52L2;NELL2;EXT2;DYNC1LI2;SYNC;SERINC3;RHOQ
ChEA_2016,RCOR2 21632747 ChIP-Seq MESCs Mouse,8/401,0.2556365668174054,0.5530097159723465,0,0,1.3459514099480636,1.8358757096868736,EEA1;NCOA3;WRB;AKTIP;NR1D2;NSL1;MTDH;VAMP3
ChEA_2016,SOX9 24532713 ChIP-Seq HFSC Mouse,24/1384,0.2586819832357093,0.5577008180946141,0,0,1.1726342710997442,1.5855842727858436,ATF7IP;CNTNAP2;TUFT1;NCOA3;CAV1;PON2;FAM69A;NEK7;H2AFV;VLDLR;DYNLL1;TMEM140;TOB2;MED13L;LRP6;EXT1;ALDH4A1;MSRA;PDZD2;TNS3;TEAD1;PTRF;TRPM3;BMPR1A
ChEA_2016,EP300 21415370 ChIP-Seq HL-1 Mouse,18/1014,0.2638222485367674,0.5654809667543657,0,0,1.1986670084593694,1.597199460149227,CLIC5;PCOLCE2;CAV1;NPR3;VLDLR;SLC4A4;PCSK5;EXT1;TGFBR3;PDZD2;BAG5;PPAT;FEZ2;CTNNA1;PHACTR2;DYNLRB1;IL6ST;TNS3
ChEA_2016,SMAD4 19686287 ChIP-ChIP HaCaT Human,8/405,0.2640689420220858,0.5654809667543657,0,0,1.332114143749353,1.7737700153316265,YY1;MOAP1;RAP2A;F11R;ZNF148;SLC5A3;PCSK5;EHBP1
ChEA_2016,FOXO1 23066095 ChIP-Seq LIVER Mouse,7/347,0.266356846873041,0.5684662906417922,0,0,1.36036940373419,1.7996576328978722,SCP2;ZFAND6;MAFG;TMEM106B;TMEM140;RREB1;TOB1
ChEA_2016,GATA2 21666600 ChIP-Seq HMVEC Human,15/837,0.2761419542192698,0.5851160713887721,0,0,1.208733512613651,1.5554468976061069,USP22;WWP1;ANXA11;PIK3R1;VLDLR;CLCN3;COMMD9;PLSCR4;ARL6IP5;NMT2;NEK1;RGS20;TCF4;SPTAN1;ZCCHC2
ChEA_2016,AR 25329375 ChIP-Seq VCAP Human,32/1906,0.2763369824316289,0.5851160713887721,0,0,1.1357938164035744,1.460783279580253,CNTNAP2;LEPROT;GMFB;CSE1L;HFE;KIAA1033;PIK3R1;PCSK5;STK3;EEA1;UCHL1;PPAT;CD36;NBN;PDE8B;TNS3;RNF130;ZC3H14;NCOA2;NTRK2;SMAD3;NCOA3;MED13L;EXT1;NELL2;MSRA;COX7A2L;TMEM33;EHHADH;PKN2;CDK13;FERMT2
ChEA_2016,PRDM16 22522345 ChIP-ChIP PALATE MESENCHYMAL Mouse,3/122,0.2769181407044346,0.5851160713887721,0,0,1.6620830150241914,2.1341700008046187,CCDC91;GLB1L;DYNLRB1
ChEA_2016,TP63 19390658 ChIP-ChIP HaCaT Human,4/179,0.2817412178971963,0.5896405072809104,0,0,1.5077220077220077,1.909931423706802,HEXIM1;ZEB1;CHD4;RREB1
ChEA_2016,THRA 23701648 ChIP-Seq CEREBELLUM Mouse,4/179,0.2817412178971963,0.5896405072809104,0,0,1.5077220077220077,1.909931423706802,CSTB;RRM1;ARL6IP5;SYNC
ChEA_2016,FOXP3 21729870 ChIP-Seq TREG Human,24/1404,0.2818407456185484,0.5896405072809104,0,0,1.154379332073094,1.4619211078304202,KDM5A;RRM1;GMFB;HUS1;CSTF2T;TMEM140;MRPL24;PCSK5;TROVE2;ATG12;NSL1;AURKA;ALDH4A1;COX7A2L;RAP2A;SCP2;PSMC2;ARL6IP5;SLC39A6;NDUFAF1;DYNLRB1;TNPO1;RHOQ;SIDT2
ChEA_2016,GATA3 24758297 ChIP-Seq MCF-7 Human,33/2000,0.3071898901828641,0.6067477334046633,0,0,1.1142445862346697,1.3151308377098787,GMFB;TUFT1;KIAA1033;PIK3R1;MTDH;SCPEP1;PDZD2;TLK1;CD36;NBN;SPTAN1;ZC3H14;CEP290;HEXIM1;NQO1;HSPA4;WWP1;CACYBP;VEZF1;MED13L;KTN1;PIAS1;TJP1;ALDH3A2;TGFBR3;PTP4A2;COX7A2L;TMEM106B;ESYT1;PTPN4;CUEDC1;TRIM33;ZNF552
ChEA_2016,STAT3 18555785 Chip-Seq ESCs Mouse,33/2000,0.3071898901828641,0.6067477334046633,0,0,1.1142445862346697,1.3151308377098787,DENND1B;CSE1L;VPS4B;KCNA4;F11R;TROVE2;NSL1;TRAK2;CST3;COMMD9;TPR;TLK1;RGS20;UBXN4;NCOA2;USP8;LYPLA1;KCNB1;NCOA3;NEK7;CACYBP;INPP4A;SETX;RAB14;NMT2;NDUFAF1;DYNLRB1;SCLY;CD46;PTPN4;ZCCHC2;DDR2;ALDH9A1
ChEA_2016,ETS1 20019798 ChIP-Seq JURKAT Human,27/1607,0.2967313827350381,0.6067477334046633,0,0,1.134232855751843,1.3780112375775142,POP4;VPS4B;CSTF2T;AAAS;TRAK2;COMMD9;NTHL1;TPR;ZNF148;UBXN4;PTRF;CEP290;FBXO9;HEXIM1;USP8;RRM1;BAD;HUS1;CACYBP;PHKB;MRPL24;TPD52L2;WNK1;TMEM33;PPIG;CPEB3;ZNF552
ChEA_2016,FOXP2 21765815 ChIP-ChIP NEURO2A Mouse,20/1164,0.2969674182591753,0.6067477334046633,0,0,1.1585914085914086,1.4066838877727896,MOAP1;NFAT5;NTRK2;PON2;CCDC69;EBF2;CSTF2T;PIK3R1;LRP6;AKAP10;KCNV2;CCDC91;LEPROTL1;CDC16;TLK1;TCF4;TNPO1;RNF130;MEST;SLC25A36
ChEA_2016,SOX9 26525672 Chip-Seq Limbbuds Mouse,21/1230,0.3007898844997305,0.6067477334046633,0,0,1.1511957807483302,1.3829813567587397,HEXIM1;NCOA2;HSPA4;CCDC69;USP22;NEK7;HUS1;VEZF1;EHBP1;NSL1;INPP4A;EEA1;NOVA1;SESN1;MLX;PHACTR2;FYN;MXRA7;TNS3;RNF130;CUEDC1
ChEA_2016,GF1B 26923725 Chip-Seq HPCs Mouse,28/1676,0.3026978111897287,0.6067477334046633,0,0,1.1276056539120505,1.3475116399821492,NFAT5;SP140;SDC3;CSTF2T;SLC4A4;EEA1;NIPBL;KCNV2;COMMD9;PRRG1;ME1;TLK1;BPTF;SPEN;SMAD3;ST8SIA3;KTN1;TGFBR3;MSRA;RAP2A;TLL1;FKBP9;CPEB3;SYNC;TRIM33;SKAP2;MON1B;VAMP3
ChEA_2016,JUND 26020271 ChIP-Seq SMOOTH MUSCLE Human,33/2000,0.3071898901828641,0.6067477334046633,0,0,1.1142445862346697,1.3151308377098787,PCOLCE2;SDC3;ITGAE;SLC4A4;PCSK5;MYL12B;GOLGA5;PDZD2;NEK1;RGS20;TEAD1;PTRF;HTATIP2;HEXIM1;SMAD2;PLA2G12A;BAD;CAV1;USP22;NR1D2;CACYBP;SMAD5;EXT1;ALDH4A1;TGFBR3;PTP4A2;YIPF6;PIN1;STAMBP;KIF20B;IL6ST;GRSF1;RHOQ
ChEA_2016,TCF21 26020271 ChIP-Seq SMOOTH MUSCLE Human,33/2000,0.3071898901828641,0.6067477334046633,0,0,1.1142445862346697,1.3151308377098787,TUFT1;FAM69A;ZBTB20;CSTF2T;F11R;AAAS;NTHL1;DNAJB4;SPTAN1;PTRF;HEXIM1;ATF7IP;SMAD3;DENND2A;NEK7;EBF2;NR1D2;PARVA;ATP11B;VEZF1;WIPI2;AES;SETX;TGFBR3;PTP4A2;RAP2A;MXRA7;ESYT1;STAMBP;DYNLRB1;SYNC;SERINC3;CUEDC1
ChEA_2016,POU3F1 26484290 ChIP-Seq ESCss Mouse,33/2000,0.3071898901828641,0.6067477334046633,0,0,1.1142445862346697,1.3151308377098787,KDM5A;DENND1B;RTN3;NFAT5;YWHAB;QPRT;WASL;CLCN3;PCSK5;NIPBL;SESN1;ME1;ZC3H14;BPTF;NEK7;ERAP1;EBF2;PARVA;SMAD5;EXT1;TJP1;NELL2;PTP4A2;GLB1L;GNAQ;PIN1;TCF4;TLL1;TRIM16;NDUFAF1;ESYT1;STAMBP;ZCCHC2
ChEA_2016,TAL1 26923725 Chip-Seq HEMANGIOBLAST Mouse,24/1413,0.2925080953777337,0.6067477334046633,0,0,1.1463361191974206,1.4091485037431395,SMAD2;NCKAP1;CNTNAP2;ANKRD46;ZFYVE9;SP140;NCOA3;CSE1L;PAPSS2;MED13L;EEA1;MSRA;COX7A2L;ZEB1;GNAQ;CDC16;TLK1;PKN2;KIF20B;PDE8B;IL6ST;RREB1;FERMT2;VAMP3
ChEA_2016,PU.1 20513432 ChIP-Seq MACROPHAGES Mouse,33/2000,0.3071898901828641,0.6067477334046633,0,0,1.1142445862346697,1.3151308377098787,TUFT1;SP140;PON2;UQCR10;TOB2;EHBP1;MTDH;RMND5B;SCPEP1;NIPBL;AKAP10;SCP2;CD36;NBN;TNS3;RNF130;ZC3H14;SCAI;LYPLA1;H2AFV;NAGA;CACYBP;VEZF1;DYNLL1;PIAS1;INPP4A;EXT1;ALDH3A2;RAB14;GNAQ;TCF4;TRIM16;IL6ST
ChEA_2016,GATA6 21074721 ChIP-Seq CACO-2 Human,33/2000,0.3071898901828641,0.6067477334046633,0,0,1.1142445862346697,1.3151308377098787,DENND1B;LEPROT;ZFYVE9;TUFT1;CELF2;SDC3;FAM69A;ZBTB48;F11R;PAPSS2;NSL1;SCP2;DNAJB4;TPR;FAM63A;SPEN;GSTM3;GSTM2;NEK7;CACYBP;MRPL24;ALDH4A1;TGFBR3;PTP4A2;CAPZA1;PKN2;SYNC;CD46;TRIM33;VAMP3;DDR2;BMPR1A;ALDH9A1
ChEA_2016,TBX20 22080862 ChIP-Seq HEART Mouse,33/2000,0.3071898901828641,0.6067477334046633,0,0,1.1142445862346697,1.3151308377098787,CLIC5;SP140;CELF2;FAM69A;SLC4A4;MYL12B;CST3;LASP1;GOLGA5;SCRN1;SESN1;TPR;CTNNA1;PHACTR2;FYN;CD36;TEAD1;SMAD2;ATF7IP;GSTM1;SMAD3;KCNB1;HSPA4;NEK7;ERAP1;H2AFV;NR1D2;MYRIP;LSM4;NELL2;SSPN;STAMBP;RHOQ
ChEA_2016,SOX3 22085726 ChIP-Seq MUSCLE Mouse,33/2000,0.3071898901828641,0.6067477334046633,0,0,1.1142445862346697,1.3151308377098787,CNTNAP2;PARG;QPRT;TOB2;STK3;AURKA;EEA1;LASP1;COMMD9;PDZD2;ARL6IP5;CTNNA1;TLK1;CD36;KLHDC10;GSTM1;NCOA3;ANXA11;PHKB;LSM4;ALDH3A2;SLC25A16;EXT2;ERP44;COX7A2L;GLB1L;CDC16;PSMC2;STAMBP;SYNC;RHOQ;PCYOX1;SIDT2
ChEA_2016,PPARA 22158963 ChIP-Seq LIVER Mouse,33/2000,0.3071898901828641,0.6067477334046633,0,0,1.1142445862346697,1.3151308377098787,SCARB1;GMFB;F11R;TMEM140;PCSK5;TOB1;PAPSS2;LRP6;LASP1;PPAT;ME1;RREB1;RNF130;NCOA2;USP8;PLA2G12A;GSTM1;SMAD3;ANKRD46;NEK7;NR1D2;ATG12;ALDH3A2;PTP4A2;TST;ACOX1;MAFG;EHHADH;TMEM106B;TCF4;DYNLRB1;SCLY;ALDH9A1
ChEA_2016,TBX20 22328084 ChIP-Seq HEART Mouse,33/2000,0.3071898901828641,0.6067477334046633,0,0,1.1142445862346697,1.3151308377098787,CLIC5;SP140;CELF2;FAM69A;SLC4A4;MYL12B;CST3;LASP1;GOLGA5;SCRN1;SESN1;TPR;CTNNA1;PHACTR2;FYN;CD36;TEAD1;SMAD2;ATF7IP;GSTM1;SMAD3;KCNB1;HSPA4;NEK7;ERAP1;H2AFV;NR1D2;MYRIP;LSM4;NELL2;SSPN;STAMBP;RHOQ
ChEA_2016,SMC1 22415368 ChIP-Seq MEFs Mouse,33/2000,0.3071898901828641,0.6067477334046633,0,0,1.1142445862346697,1.3151308377098787,DENND1B;SDC3;FAM69A;NPR3;ZBTB48;CSTF2T;PIK3R1;LRP6;RMND5B;SCPEP1;NIPBL;LASP1;CCDC91;DNAJB4;TNPO1;BPTF;HEXIM1;MOAP1;NTRK2;SMAD3;ANKRD46;CACYBP;DYNLL1;EXT1;NELL2;EXT2;MSRA;RAP2A;TCTA;CDK13;SYNC;CUEDC1;FERMT2
ChEA_2016,GATA3 22897851 ChIP-Seq JUKARTE6-1 Human,33/2000,0.3071898901828641,0.6067477334046633,0,0,1.1142445862346697,1.3151308377098787,CLIC5;DENND1B;RNF14;ZFAND6;CCDC69;QPRT;PIK3R1;PAPSS2;STK3;SPIN1;CTNNA1;RNF130;HIST1H1C;SMAD2;ATF7IP;NQO1;HSPA4;AKTIP;ERAP1;EBF2;AMMECR1;ATP11B;PEX1;DYNLL1;INPP4A;WNK1;SCD;CAPZA1;EHHADH;NMT2;TLL1;CDK13;PCYOX1
ChEA_2016,SOX2 19030024 ChIP-ChIP MESCs Mouse,15/863,0.3159928296689082,0.6222025995957451,0,0,1.170059582919563,1.3479504768452153,SMAD2;CSE1L;AKTIP;CACYBP;TOB2;TPD52L2;EXT1;TGFBR3;WNK1;GNAQ;IL6ST;SERINC3;GRSF1;SKAP2;HIST1H1C
ChEA_2016,TCF3/E2A 22897851 ChIP-Seq JUKARTE6-1 Human,32/1946,0.3178963266836995,0.6240187153420769,0,0,1.109561908326705,1.2715911961576434,DENND1B;CELF2;CCDC69;UBE3A;TTK;PIK3R1;STK3;EEA1;CHL1;TLK1;FYN;TEAD1;SCAI;TRPM3;KLHDC10;NQO1;NTRK2;PARVA;PHKB;PEX1;DYNLL1;MED13L;EXT1;TJP1;PTP4A2;ZEB1;EHHADH;NMT2;TCF4;CD46;MON1B;VAMP3
ChEA_2016,TCFAP2C 20176728 ChIP-ChIP TROPHOBLAST STEM CELLS Mouse,43/2667,0.3287344045571324,0.6425449682378314,0,0,1.0888239062351712,1.2113221870422546,LEPROT;GMFB;YWHAB;TUFT1;VPS4B;F11R;PPP1R9A;TOB2;TOB1;STK3;AURKA;NIPBL;LASP1;ARL6IP5;CTNNA1;TNPO1;PAK2;NCOA2;MOAP1;ANKRD46;DENND2A;EBF2;HUS1;ANXA11;PARVA;VEZF1;MYRIP;DYNLL1;KTN1;EXT1;TJP1;EXT2;PTP4A2;RAP2A;GNAQ;EHHADH;PKN2;SYNC;IL6ST;CUEDC1;TRIM33;SLC25A36;BMPR1A
ChEA_2016,POU5F1 26923725 Chip-Seq MESODERM Mouse,10/559,0.3303651015939793,0.6425449682378314,0,0,1.2028767037246404,1.3322543541218284,EEA1;ATF7IP;NFAT5;COMMD9;SP140;CELF2;DENND2A;RREB1;MED13L;MON1B
ChEA_2016,TEAD4 26923725 Chip-Seq HEMANGIOBLAST Mouse,10/559,0.3303651015939793,0.6425449682378314,0,0,1.2028767037246404,1.3322543541218284,EEA1;ATF7IP;NFAT5;COMMD9;SP140;CELF2;DENND2A;RREB1;MED13L;MON1B
ChEA_2016,EP300 20729851 ChIP-Seq FORBRAIN MIDBRAIN LIMB HEART Mouse,34/2093,0.3371291834296874,0.6537017093331744,0,0,1.0951261105653889,1.1907186705098611,CLIC5;CNTNAP2;CCDC69;ZBTB20;AAAS;PPP1R9A;PCSK5;EHBP1;TRAK2;YY1;LASP1;PDZD2;SCRN1;SPIN1;TNS3;PTRF;MEST;TRPM3;HIST1H1C;SPEN;SMAD3;NCOA3;EBF2;MINA;MED13L;EXT1;SETX;TGFBR3;NELL2;RAP2A;NOVA1;FEZ2;PSMC2;TCF4
ChEA_2016,MEIS1 26923725 Chip-Seq HEMOGENIC-ENDOTHELIUM Mouse,20/1196,0.340037849357639,0.6573376054451624,0,0,1.1251214771622935,1.2136666763825943,ATF7IP;CNTNAP2;SP140;CSE1L;CELF2;UBE3A;PHKB;PIK3R1;EXT2;MAFG;PSMC2;SSPN;NMT2;TMEM106B;FYN;GRSF1;TNS3;TRPM3;VAMP3;DDR2
ChEA_2016,JUN 26020271 ChIP-Seq SMOOTH MUSCLE Human,32/2000,0.3768708218973293,0.6603025970432547,0,0,1.0758403106419123,1.049861777059638,PCOLCE2;SDC3;ITGAE;SLC4A4;PCSK5;MYL12B;GOLGA5;PDZD2;NEK1;RGS20;TEAD1;PTRF;HTATIP2;HEXIM1;SMAD2;PLA2G12A;KCNB1;USP22;NR1D2;CACYBP;LSM4;SMAD5;EXT1;COX7A2L;PLSCR4;YIPF6;PIN1;ESYT1;IL6ST;GRSF1;RHOQ;SLC25A36
ChEA_2016,KDM2B 26808549 Chip-Seq SIL-ALL Human,32/2000,0.3768708218973293,0.6603025970432547,0,0,1.0758403106419123,1.049861777059638,NCKAP1;ZFAND6;CELF2;CCDC69;FAM69A;ZBTB48;CHD4;AAAS;TOB1;LASP1;UBXN4;RREB1;HRAS;HEXIM1;SPEN;BAD;AKTIP;NEK7;H2AFV;MED13L;ALDH4A1;TJP1;EXT2;MSRA;PTP4A2;DYNC1LI2;WNK1;PKN2;ESYT1;TRIM33;VAMP3;SIDT2
ChEA_2016,TCF3 18692474 ChIP-Seq MESCs Mouse,22/1351,0.3760424425470669,0.6603025970432547,0,0,1.0939203490480751,1.0699123666823704,GSTM3;MOAP1;NFAT5;GTPBP6;ANXA11;CACYBP;TMEM140;PPP1R9A;AURKA;EXT1;SETX;CST3;TGFBR3;LASP1;SPIN1;TCF4;TCTA;FBXL5;PDE8B;IL6ST;GRSF1;SLC25A36
ChEA_2016,SOX2 18692474 ChIP-Seq MEFs Mouse,32/1991,0.3668627946013091,0.6603025970432547,0,0,1.081331474328206,1.08432390509538,RTN3;CNTNAP2;NFAT5;QPRT;ZBTB20;TMEM140;CLCN3;AURKA;CST3;LASP1;ARL6IP5;SPIN1;MLX;RREB1;FBXO9;HIST1H1C;GSTM3;NQO1;MOAP1;LYPLA1;NCOA3;ATRX;EBF2;ANXA11;CACYBP;VEZF1;MRPL24;EXT1;ALDH3A2;TCF4;IL6ST;BMPR1A
ChEA_2016,IRF8 22096565 ChIP-ChIP GC-B Human,4/203,0.3629528280062595,0.6603025970432547,0,0,1.3242564172212414,1.3421105766518933,KIAA1033;CSTF2T;NBN;RREB1
ChEA_2016,SOX2 21211035 ChIP-Seq LN229 Gbm,54/3420,0.3615380719612204,0.6603025970432547,0,0,1.0652145558888744,1.0837364280805444,CLIC5;CNTNAP2;ZBTB20;UBE3A;CHD4;EPX;PPP1R9A;PCSK5;CCDC91;GOLGA5;SCRN1;CHL1;ME1;TLK1;ANKS1A;PDE8B;TNS3;TEAD1;NCOA2;USP8;ATRX;ATP11B;VEZF1;AES;DYNC1LI2;TST;RASA1;TMEM106B;CD46;SKAP2;VAMP3;SP140;WRB;CCDC69;SDC3;TTK;TOB1;GRK4;LEPROTL1;PRRG1;CTNNA1;RREB1;TRPM3;ATF7IP;NTRK2;RRM1;NAGA;PARVA;EXT1;TJP1;NOVA1;GNAQ;PSMC2;PKN2
ChEA_2016,KLF4 25985364 ChIP-Seq ATHEROSCLEROSIS LESION Mouse,20/1211,0.3607516388785933,0.6603025970432547,0,0,1.1100515773059854,1.1317703340260887,RAB2A;ATF7IP;RNF14;SP140;ERAP1;ANXA11;PCSK5;EXT1;PTP4A2;CHL1;NOVA1;FEZ2;SSPN;CTNNA1;YIPF6;TCF4;DYNLRB1;FERMT2;TRIM33;MON1B
ChEA_2016,NFIB 24661679 ChIP-Seq LUNG Mouse,10/573,0.3581734752249308,0.6603025970432547,0,0,1.1721075519078827,1.2034471787648575,HEXIM1;EXT1;TJP1;NFAT5;HSPA4;RREB1;CHRDL1;CUEDC1;TOB1;MYL12B
ChEA_2016,CTBP1 25329375 ChIP-Seq LNCAP Human,19/1145,0.3581057035143372,0.6603025970432547,0,0,1.1153581158385113,1.1453914474189133,NQO1;SCARB1;CNTNAP2;ZNF492;CELF2;EBF2;KCNA4;PHKB;PIK3R1;PDZD2;CHL1;NOVA1;GNAQ;TMEM106B;PKN2;TCF4;SERINC3;TRIM33;DDR2
ChEA_2016,CHD7 19251738 ChIP-ChIP MESCs Mouse,3/141,0.3547422740768441,0.6603025970432547,0,0,1.4318547796808667,1.4839223770123575,EXT1;TUFT1;CAV1
ChEA_2016,STAT6 20620947 ChIP-Seq CD4 POS T Human,9/508,0.3534500306178351,0.6603025970432547,0,0,1.190070863376237,1.237689358933871,NELL2;GLB1L;LEPROTL1;FAM69A;ARL6IP5;ANXA11;FYN;AES;TRAK2
ChEA_2016,FOXO3 23340844 ChIP-Seq DLD1 Human,12/695,0.3506677094118275,0.6603025970432547,0,0,1.1601390922401171,1.2157285498808192,EXT1;TGFBR3;COX7A2L;SCRN1;PHACTR2;FAM63A;MINA;ESYT1;TMEM140;HIGD1A;LSM4;ZCCHC2
ChEA_2016,SMAD3 21741376 ChIP-Seq HESCs Human,24/1460,0.3502789016267579,0.6603025970432547,0,0,1.1059706915344556,1.1601915461872403,SMAD2;CNTNAP2;SMAD3;KCNB1;CAV1;PARVA;VLDLR;NPM3;SLC5A3;INPP4A;EEA1;KCNV2;PDZD2;WNK1;EHHADH;LEPROTL1;PHACTR2;TCF4;ZNF148;CPEB3;SERINC3;GRSF1;RREB1;CUEDC1
ChEA_2016,STAT3 19079543 ChIP-ChIP MESCs Mouse,16/948,0.3499716742549542,0.6603025970432547,0,0,1.1344979749743094,1.1911128937579445,SMAD2;NCOA2;KCNB1;GTPBP6;EBF2;LSM4;STK3;LRP6;EEA1;SCP2;ACOX1;PKN2;STAMBP;SCLY;IL6ST;TEAD1
ChEA_2016,PKCTHETA 26484144 Chip-Seq BREAST Human,9/506,0.3492239504798763,0.6603025970432547,0,0,1.1949843390238335,1.2571735594318785,HEXIM1;SPEN;LEPROT;NEK7;H2AFV;FYN;WIPI2;TOB1;TRIM33
ChEA_2016,WDR5 24793694 ChIP-Seq LNCAP Human,13/757,0.3486816799565494,0.6603025970432547,0,0,1.1540781536847626,1.2159319703824325,SMAD2;PCOLCE2;ZFYVE9;SDC3;SETX;NELL2;RASA1;EHHADH;PKN2;NDUFAF1;ESYT1;CD46;PTRF
ChEA_2016,HTT 18923047 ChIP-ChIP STHdh Human,10/566,0.3442208978254104,0.6603025970432547,0,0,1.1872984371123791,1.2662201622774096,WRB;RASA1;ST8SIA3;ATRX;TRIM16;ITGAE;CPEB3;ATP2C1;SMAD5;PCYOX1
ChEA_2016,RACK7 27058665 Chip-Seq MCF-7 Human,32/2000,0.3768708218973293,0.6603025970432547,0,0,1.0758403106419123,1.049861777059638,DENND1B;SCARB1;SDC3;NPR3;PPP1R9A;TOB2;PAPSS2;YY1;ARL6IP5;FAM63A;HRAS;HTATIP2;HEXIM1;GSTM3;NQO1;MOAP1;KCNB1;NCOA3;USP22;NEK7;ANXA11;NR1D2;MED13L;TJP1;PTP4A2;WNK1;ESYT1;GRSF1;RHOQ;TRIM33;SIDT2;BMPR1A
ChEA_2016,RUNX1 27514584 Chip-Seq MCF-7 Human,32/2000,0.3768708218973293,0.6603025970432547,0,0,1.0758403106419123,1.049861777059638,SCARB1;TUFT1;NPR3;AAAS;TOB1;LRP6;RMND5B;UCHL1;NIPBL;ZNF329;CTNNA1;CD36;TNS3;NCOA2;ANKRD46;KCNB1;BAD;NCOA3;CACYBP;ATP11B;VEZF1;MINA;DYNLL1;MED13L;INPP4A;TJP1;ALDH3A2;PTP4A2;SCD;SERINC3;CUEDC1;TRIM33
ChEA_2016,UBF1/2 26484160 Chip-Seq FIBROBLAST Human,32/2000,0.3768708218973293,0.6603025970432547,0,0,1.0758403106419123,1.049861777059638,PCOLCE2;CELF2;CSTF2T;PIK3R1;ITGAE;LRP6;UCHL1;NIPBL;LASP1;TLK1;CD36;PDE8B;RREB1;NCOA2;USP8;RRM1;DENND2A;WWP1;MYRIP;ALDH3A2;TGFBR3;MSRA;RAP2A;GNAQ;RASA1;PKN2;TCF4;MXRA7;CPEB3;GRSF1;PTPN4;PCYOX1
ChEA_2016,GATA4 25053715 ChIP-Seq YYC3 Human,32/2000,0.3768708218973293,0.6603025970432547,0,0,1.0758403106419123,1.049861777059638,CSE1L;NPR3;F11R;TOB2;EHBP1;NSL1;MYL12B;STK3;NIPBL;LASP1;ZNF329;TPR;ME1;RGS20;TNS3;SPTAN1;HEXIM1;GSTM3;NQO1;NEK7;WWP1;ANXA11;H2AFV;SMAD5;MED13L;PIAS1;EXT1;ALDH3A2;PKN2;SERINC3;SLC25A36;BMPR1A
ChEA_2016,GATA1 22383799 ChIP-Seq G1ME Mouse,32/2000,0.3768708218973293,0.6603025970432547,0,0,1.0758403106419123,1.049861777059638,CSTB;SCARB1;LEPROT;VPS4B;PIK3R1;TMEM140;EPX;TOB2;TROVE2;YY1;AKAP10;GOLGA5;ARL6IP5;TLK1;FAM63A;FYN;NBN;FBXO9;SMAD3;ANKRD46;HSPA4;NEK7;WIPI2;NPM3;SMAD5;SETX;ALDH4A1;EXT2;EHHADH;YIPF6;ESYT1;SCLY
ChEA_2016,SOX11 22085726 ChIP-Seq ESNs Mouse,32/2000,0.3768708218973293,0.6603025970432547,0,0,1.0758403106419123,1.049861777059638,DENND1B;RTN3;NFAT5;PCOLCE2;YWHAB;HFE;SDC3;QPRT;VLDLR;TOB2;CLCN3;SCP2;UBXN4;FKTN;GSTM3;NCOA2;GSTM1;NCOA3;USP22;DENND2A;ATP11B;VEZF1;SMAD5;DYNC1LI2;NOVA1;GNAQ;CDC16;TMEM106B;TCTA;FBXL5;CD46;RHOQ
ChEA_2016,AR 21915096 ChIP-Seq LNCaP-1F5 Human,32/2000,0.3768708218973293,0.6603025970432547,0,0,1.0758403106419123,1.049861777059638,CLIC5;DENND1B;NFAT5;GMFB;ZFYVE9;CSTF2T;TTK;PAPSS2;MTDH;CST3;CCDC91;SCRN1;NTHL1;HSPA4;HUS1;WWP1;NR1D2;PARVA;ATP11B;KTN1;PIAS1;ALDH3A2;ERP44;PTP4A2;CAPZA1;TCF4;FBXL5;CUEDC1;ZCCHC2;SLC25A36;MON1B;SIDT2
ChEA_2016,ETS1 21867929 ChIP-Seq TH2 Mouse,32/2000,0.3768708218973293,0.6603025970432547,0,0,1.0758403106419123,1.049861777059638,PON2;CCDC69;QPRT;ZBTB48;WASL;AAAS;YY1;SCPEP1;NIPBL;NBN;RNF130;ZC3H14;MEST;SCAI;PLA2G12A;ANKRD46;USP22;DENND2A;HUS1;AMMECR1;NAGA;DYNLL1;AES;INPP4A;ALDH3A2;NELL2;TMEM106B;TRIM16;TCTA;SCLY;KIF20B;MON1B
ChEA_2016,RBPJ 21746931 ChIP-Seq IB4 Human,32/2000,0.3768708218973293,0.6603025970432547,0,0,1.0758403106419123,1.049861777059638,DENND1B;LEPROT;ZFYVE9;TUFT1;SDC3;FAM69A;ZBTB48;F11R;EHBP1;NSL1;SCP2;DNAJB4;TLK1;FAM63A;SPEN;GSTM3;GSTM1;NEK7;CACYBP;INPP4A;ALDH4A1;TGFBR3;PTP4A2;COX7A2L;CAPZA1;FEZ2;PKN2;SYNC;CD46;TRIM33;VAMP3;DDR2
ChEA_2016,SMAD4 21741376 ChIP-Seq ESCs Human,32/2000,0.3768708218973293,0.6603025970432547,0,0,1.0758403106419123,1.049861777059638,RTN3;KIAA1033;PIK3R1;ITGAE;LRP6;SCPEP1;TLK1;CD36;NBN;UBXN4;PDE8B;TNPO1;TEAD1;SPTAN1;NQO1;RRM1;AKTIP;USP22;ST8SIA3;DENND2A;EBF2;ANXA11;H2AFV;VEZF1;WIPI2;EXT1;TJP1;RAB14;CAPZA1;MXRA7;CPEB3;RHOQ
ChEA_2016,ERA 21632823 ChIP-Seq H3396 Human,32/2000,0.3768708218973293,0.6603025970432547,0,0,1.0758403106419123,1.049861777059638,CSTB;ZFYVE9;TUFT1;WRB;CSE1L;ZFAND6;SLC4A4;SLC5A3;PAPSS2;MTDH;AKAP10;GRK4;PHACTR2;FYN;PDE8B;HRAS;HIST1H1C;GSTM3;USP8;LYPLA1;AKTIP;ST8SIA3;GTPBP8;NR1D2;PARVA;VEZF1;INPP4A;TCF4;PPIG;VAMP3;ZNF552;ALDH9A1
ChEA_2016,OCT4 21477851 ChIP-Seq ESCs Mouse,32/2000,0.3768708218973293,0.6603025970432547,0,0,1.0758403106419123,1.049861777059638,DENND1B;SP140;VPS4B;UQCR10;F11R;TROVE2;NSL1;TRAK2;EEA1;SESN1;TPR;PHACTR2;RGS20;FYN;UBXN4;TNS3;RNF130;CEP290;NCOA2;LYPLA1;NEK7;CACYBP;INPP4A;SLC25A16;GLB1L;SCLY;CD46;PTPN4;CUEDC1;ZCCHC2;DDR2;ALDH9A1
ChEA_2016,P68 20966046 ChIP-Seq HELA Human,32/2000,0.3768708218973293,0.6603025970432547,0,0,1.0758403106419123,1.049861777059638,CSTB;PCOLCE2;ZFYVE9;CSE1L;ZFAND6;PON2;FAM69A;ZBTB20;ITGAE;PAPSS2;RMND5B;SCPEP1;PDE8B;TNPO1;HRAS;SPTAN1;PAK2;PTRF;HSPA4;ANXA11;H2AFV;WIPI2;AES;SETX;EXOC3;TCF4;ESYT1;STAMBP;CPEB3;RHOQ;TRIM33;BMPR1A
ChEA_2016,ESRRB 18555785 Chip-Seq ESCs Mouse,32/2000,0.3768708218973293,0.6603025970432547,0,0,1.0758403106419123,1.049861777059638,DENND1B;YWHAB;CSE1L;VPS4B;KCNA4;F11R;TROVE2;NSL1;TRAK2;COMMD9;TPR;TLK1;RGS20;UBXN4;NCOA2;USP8;LYPLA1;KCNB1;NCOA3;NEK7;CACYBP;INPP4A;SETX;RAB14;CAPZA1;NDUFAF1;DYNLRB1;SCLY;PTPN4;ZCCHC2;DDR2;ALDH9A1
ChEA_2016,OCT4 18555785 Chip-Seq ESCs Mouse,32/2000,0.3768708218973293,0.6603025970432547,0,0,1.0758403106419123,1.049861777059638,DENND1B;CSE1L;VPS4B;KCNA4;F11R;TROVE2;NSL1;TRAK2;CCDC91;COMMD9;TPR;TLK1;RGS20;UBXN4;NCOA2;USP8;LYPLA1;KCNB1;NCOA3;NEK7;CACYBP;INPP4A;SETX;EXT2;RAB14;NDUFAF1;DYNLRB1;CD46;PTPN4;ZCCHC2;DDR2;ALDH9A1
ChEA_2016,NCOR1 26117541 ChIP-Seq K562 Human,32/2000,0.3768708218973293,0.6603025970432547,0,0,1.0758403106419123,1.049861777059638,NCKAP1;CSTB;WRB;ZFAND6;CELF2;ZBTB48;CHD4;WASL;F11R;AAAS;HIGD1A;SLC5A3;MYL12B;NTHL1;TPR;HEXIM1;SMAD3;AKTIP;DENND2A;PHKB;SMAD5;SETX;PTP4A2;RAB14;ACOX1;TCF4;ESYT1;CDK13;SYNC;IL6ST;TRIM33;BMPR1A
ChEA_2016,MAF 26560356 Chip-Seq TH2 Human,32/2000,0.3768708218973293,0.6603025970432547,0,0,1.0758403106419123,1.049861777059638,DENND1B;RTN3;CCDC69;FAM69A;ZBTB48;CHD4;EHBP1;EEA1;YY1;DNAJB4;ARL6IP5;FAM63A;TEAD1;HRAS;PAK2;ZNF124;HEXIM1;SMAD2;SPEN;GSTM3;NEK7;ANXA11;CACYBP;ATP11B;AES;PTP4A2;RAP2A;SCD;GNAQ;NMT2;TRIM16;ZCCHC2
ChEA_2016,CNOT3 19339689 ChIP-ChIP MESCs Mouse,25/1547,0.3785584084016823,0.661437219075467,0,0,1.085772309162585,1.054702828727221,NFAT5;YWHAB;VPS4B;CCDC69;UBE3A;VLDLR;AAAS;MTDH;EEA1;YY1;NIPBL;AKAP10;BAG5;DNAJB4;TPR;SLC39A6;CD36;USP22;NR1D2;CACYBP;PHKB;TMBIM4;MAFG;PSMC2;TLL1
ChEA_2016,GATA2 26923725 Chip-Seq HEMANGIOBLAST Mouse,2/88,0.3813346496993869,0.6644625676953702,0,0,1.5306695801467145,1.4756847813235892,CPEB3;TRPM3
ChEA_2016,PPARD 21283829 ChIP-Seq MYOFIBROBLAST Human,54/3447,0.38534827686062,0.6696215958561593,0,0,1.0549912660930325,1.0060478352798872,SCARB1;CNTNAP2;UBE2D4;RNF14;ZBTB20;TMEM140;SLC4A4;EEA1;YY1;UCHL1;AKAP10;LASP1;SCP2;ANKS1A;TNS3;HIST1H1C;NCOA3;EBF2;ANXA11;PIAS1;ALDH3A2;PTP4A2;ZEB1;MXRA7;PPIG;IL6ST;CUEDC1;SKAP2;NFAT5;KCNA4;CSTF2T;TOB2;MTDH;PDZD2;DNAJB4;PRRG1;CTNNA1;ZC3H14;SCAI;BPTF;FKTN;ATF7IP;SMAD3;BAD;AMMECR1;PHKB;TPD52L2;EXT1;CAPZA1;CDC16;YIPF6;PKN2;TCF4;SLC25A36
ChEA_2016,ZFP322A 24550733 ChIP-Seq MESCs Mouse,2/90,0.3919747150194995,0.6792804325678521,0,0,1.4957291031116535,1.4008369732521728,CHL1;PPP1R9A
ChEA_2016,STAT1 20625510 ChIP-Seq HELA Human,11/656,0.3964137240331377,0.6845837426482584,0,0,1.124460180789142,1.0404594693603169,SLC25A16;MOAP1;GSTM2;LASP1;PCOLCE2;ANXA11;STAMBP;HIGD1A;SERINC3;PCSK5;BPTF
ChEA_2016,SMAD4 21741376 ChIP-Seq HESCs Human,43/2738,0.3971877374798857,0.6845837426482584,0,0,1.0557308172650028,0.9748050591369608,CNTNAP2;UBE2D4;SDC3;F11R;SLC5A3;PCSK5;TOB1;PAPSS2;EEA1;UCHL1;KCNV2;COMMD9;CHL1;LEPROTL1;PHACTR2;CD36;ZNF148;RREB1;TEAD1;SPTAN1;RNF130;SMAD2;NTRK2;SMAD3;KCNB1;CAV1;ST8SIA3;EBF2;PARVA;NPM3;INPP4A;ALDH4A1;WNK1;ACOX1;EHHADH;NMT2;TCF4;CPEB3;SERINC3;GRSF1;CUEDC1;MON1B;DDR2
ChEA_2016,SETDB1 19884255 ChIP-Seq MESCs Mouse,32/2020,0.3993016440486616,0.6863671503106723,0,0,1.063815730202108,0.9766234223365928,CSTB;SCARB1;GMFB;PCOLCE2;PON2;CSTF2T;PIK3R1;PPP1R9A;SLC5A3;NIPBL;KCNV2;COMMD9;DNAJB4;TNS3;MEST;MOAP1;BAD;NCOA3;AKTIP;USP22;EBF2;AMMECR1;SMAD5;EXT2;COX7A2L;DYNC1LI2;WNK1;RASA1;PLSCR4;STAMBP;CD46;TRIM33
ChEA_2016,EZH2 27294783 Chip-Seq NPCs Mouse,22/1374,0.4069652769940982,0.6976547605613113,0,0,1.0739644970414202,0.9655235220219364,DENND1B;NCOA2;LYPLA1;SP140;VPS4B;NEK7;CACYBP;F11R;TROVE2;TRAK2;INPP4A;EEA1;SESN1;TPR;PHACTR2;RGS20;FYN;SCLY;UBXN4;PTPN4;ZCCHC2;DDR2
ChEA_2016,NANOG 18700969 ChIP-ChIP MESCs Mouse,6/344,0.4125171082196164,0.7040727946878826,0,0,1.169061707523246,1.035177954556871,NCOA3;ARL6IP5;VLDLR;F11R;GRSF1;HIST1H1C
ChEA_2016,CTBP2 25329375 ChIP-Seq LNCAP Human,17/1053,0.4129231956266985,0.7040727946878826,0,0,1.0821998171821494,0.9571988883198131,CNTNAP2;LEPROT;ZFYVE9;NCOA3;KCNA4;UBE3A;PIK3R1;EXT1;CHL1;NOVA1;GNAQ;SPIN1;TMEM106B;PKN2;KIF20B;FERMT2;AASS
ChEA_2016,CRX 20693478 ChIP-Seq ADULT RETINA Mouse,11/668,0.4194764917071386,0.7133343548816581,0,0,1.103226893765833,0.9584259296711362,SCPEP1;SCRN1;TUFT1;CTNNA1;TCTA;MRPL24;SMAD5;CUEDC1;ATG12;EHBP1;ALDH9A1
ChEA_2016,PDX1 19855005 ChIP-ChIP MIN6 Mouse,11/669,0.4213997399217346,0.7146939589072618,0,0,1.101492411733154,0.951880436781706,HEXIM1;LEPROT;TST;POP4;EBF2;GTPBP8;CACYBP;MRPL24;RHOQ;SLC25A36;MON1B
ChEA_2016,POU5F1 18347094 ChIP-ChIP MESCs Mouse,33/2109,0.425705663677122,0.7200766013261957,0,0,1.0492520187915395,0.8960686756789792,PCOLCE2;AAAS;TMEM140;PPP1R9A;CST3;UCHL1;LASP1;SESN1;SPIN1;RGS20;PDE8B;TNS3;TEAD1;HEXIM1;ATF7IP;SPEN;MOAP1;NTRK2;ANKRD46;AKTIP;VEZF1;PIAS1;EXT1;ALDH3A2;ACOX1;NMT2;PKN2;TCF4;PPIG;IL6ST;GRSF1;SLC25A36;ALDH9A1
ChEA_2016,TCF21 23034159 ChIP-ChIP E13 GONADS Rat,1/37,0.4286259732139273,0.7230931537508164,0,0,1.8268301746562616,1.5476368108739915,STK3
ChEA_2016,MYBL2 22936984 ChIP-ChIP MESCs Mouse,35/2250,0.4361694709220929,0.7317555769097469,0,0,1.0425912517568892,0.8650634178867793,DENND1B;CNTNAP2;GMFB;PRIM1;CHD4;PPP1R9A;AURKA;NIPBL;LASP1;SCP2;ARL6IP5;SPIN1;MLX;TNPO1;MEST;HIST1H1C;ATF7IP;MOAP1;NTRK2;RRM1;ANXA11;H2AFV;NAGA;DNAJB14;ATP11B;MRPL24;SETX;EXT2;RAP2A;WNK1;CAPZA1;YIPF6;TCF4;IL6ST;SKAP2
ChEA_2016,HOXA2 22223247 ChIP-Seq E11.5 EMBRYO Mouse,1/38,0.4372124516127418,0.7317555769097469,0,0,1.777365994757299,1.4704789485796832,CHL1
ChEA_2016,TCFCP2L1 18555785 ChIP-Seq MESCs Mouse,31/1987,0.4364866733864304,0.7317555769097469,0,0,1.0454231000220464,0.8666530681820345,SCARB1;LEPROT;CETN2;HIGD1A;TOB2;SLC4A4;CST3;RMND5B;SESN1;SPIN1;CTNNA1;USP8;GSTM2;RRM1;KCNB1;USP22;GTPBP8;NR1D2;PHKB;MINA;EXT1;RAP2A;MAFG;CDC16;YIPF6;NMT2;FBXL5;PTPN4;CUEDC1;SLC25A36;MON1B
ChEA_2016,CBX2 22325352 ChIP-Seq 293T-Rex Human,31/2000,0.4515197762780774,0.7344413752246988,0,0,1.03776000120832,0.8251604461199342,DENND1B;LEPROT;ZFYVE9;SDC3;FAM69A;ZBTB48;F11R;EHBP1;NSL1;SCP2;CHL1;DNAJB4;TPR;TLK1;SPEN;NEK7;CACYBP;INPP4A;ALDH4A1;TGFBR3;PTP4A2;COX7A2L;CAPZA1;FEZ2;PKN2;SYNC;PTPN4;TRIM33;VAMP3;DDR2;ALDH9A1
ChEA_2016,CEBPB 20513432 ChIP-Seq MACROPHAGES Mouse,31/2000,0.4515197762780774,0.7344413752246988,0,0,1.03776000120832,0.8251604461199342,CSTB;RTN3;SP140;PON2;UQCR10;AAAS;TOB2;TOB1;SCPEP1;NIPBL;AKAP10;CD36;RNF130;PAK2;HEXIM1;BAD;AKTIP;USP22;ATRX;WWP1;H2AFV;DYNLL1;AES;INPP4A;ALDH3A2;MAFG;MXRA7;TRIM16;DYNLRB1;FBXL5;IL6ST
ChEA_2016,P63 20808887 ChIP-Seq KERATINOCYTES Human,31/2000,0.4515197762780774,0.7344413752246988,0,0,1.03776000120832,0.8251604461199342,ZFYVE9;CHD4;PIK3R1;HIGD1A;MYL12B;RMND5B;KCNV2;LASP1;SCRN1;CHL1;PPAT;CTNNA1;FAM63A;PAK2;PTRF;TRPM3;SMAD2;USP8;LYPLA1;GSTM1;AKTIP;GTPBP8;DYNLL1;EXT1;ALDH3A2;MSRA;PKN2;SCLY;TRIM33;SLC25A36;ALDH9A1
ChEA_2016,GATA3 21867929 ChIP-Seq CD8 Mouse,31/2000,0.4515197762780774,0.7344413752246988,0,0,1.03776000120832,0.8251604461199342,TUFT1;CETN2;HFE;SDC3;UBE3A;TMEM140;HIGD1A;PPP1R9A;FAM63A;NBN;SCAI;RAB2A;LYPLA1;ANKRD46;KCNB1;NCOA3;WWP1;H2AFV;CACYBP;DYNLL1;INPP4A;EXT1;ALDH4A1;MSRA;RAB14;TRIM16;SCLY;FBXL5;SYNC;SLC25A36;ALDH9A1
ChEA_2016,P53 22127205 ChIP-Seq FIBROBLAST Human,11/679,0.4406245743497193,0.7344413752246988,0,0,1.0844332097051572,0.8887603276744094,INPP4A;NELL2;AKAP10;RAP2A;RASA1;SDC3;NEK7;PKN2;VEZF1;EPX;SLC4A4
ChEA_2016,PIAS1 25552417 ChIP-Seq VCAP Human,12/749,0.4494669734660448,0.7344413752246988,0,0,1.0720827679782905,0.8573369795926886,EXT1;EXT2;UCHL1;HSPA4;SSPN;ZBTB20;ATP11B;PIK3R1;TMEM140;SLC4A4;TNS3;FERMT2
ChEA_2016,KDM2B 26808549 Chip-Seq REH Human,31/2000,0.4515197762780774,0.7344413752246988,0,0,1.03776000120832,0.8251604461199342,CLIC5;RTN3;SP140;TTK;PIK3R1;PPP1R9A;PCSK5;MYL12B;STK3;LRP6;AKAP10;COMMD9;BBX;FYN;PDE8B;TNPO1;TNS3;RAB2A;SPEN;ERAP1;HUS1;EXT1;ALDH3A2;MSRA;NOVA1;GNAQ;FEZ2;SSPN;PKN2;TLL1;BMPR1A
ChEA_2016,CDX2 21074721 ChIP-Seq CACO-2 Mouse,31/2000,0.4515197762780774,0.7344413752246988,0,0,1.03776000120832,0.8251604461199342,DENND1B;LEPROT;ZFYVE9;CELF2;SDC3;FAM69A;ZBTB48;CSTF2T;NSL1;LRP6;SCP2;DNAJB4;SPEN;GSTM1;NEK7;CACYBP;ALDH4A1;TGFBR3;PTP4A2;ZEB1;CAPZA1;NMT2;PKN2;KIF20B;CPEB3;SYNC;CD46;TRIM33;VAMP3;DDR2;ALDH9A1
ChEA_2016,E2A 27217539 Chip-Seq RAMOS-Cell line Human,31/2000,0.4515197762780774,0.7344413752246988,0,0,1.03776000120832,0.8251604461199342,CSTB;SCARB1;UBE2D4;CCDC69;ZBTB48;CHD4;F11R;AAAS;EHBP1;MYL12B;YY1;AKAP10;LASP1;BAG5;SCRN1;SESN1;RGS20;SCAI;BPTF;HEXIM1;SPEN;NCOA3;ANXA11;AES;INPP4A;SETX;ZEB1;ESYT1;DYNLRB1;CD46;CUEDC1
ChEA_2016,SOX2 21211035 ChIP-Seq LN229 Human,31/2000,0.4515197762780774,0.7344413752246988,0,0,1.03776000120832,0.8251604461199342,CSTB;GMFB;TUFT1;CSE1L;CSTF2T;WASL;EPX;SLC5A3;STK3;PDE8B;HRAS;PAK2;AASS;FBXO9;SMAD2;NCOA2;NCOA3;ST8SIA3;GTPBP6;ANXA11;GTPBP8;CACYBP;MYRIP;MRPL24;AES;MSRA;GNAQ;RAB9A;TCF4;FBXL5;ALDH9A1
ChEA_2016,MYC 20876797 ChIP-ChIP MEDULLOBLASTOMA Human,22/1406,0.4503788872318768,0.7344413752246988,0,0,1.0473031979041043,0.835398235239915,RTN3;NTRK2;CAV1;ST8SIA3;GTPBP8;PARVA;DNAJB14;AAAS;DYNLL1;EEA1;TGFBR3;NELL2;PTP4A2;GOLGA5;WNK1;CAPZA1;MAFG;ANKS1A;TEAD1;TRPM3;ZCCHC2;FBXO9
ChEA_2016,EZH2 22144423 ChIP-Seq EOC Human,1/40,0.45400149159157,0.7365942567659146,0,0,1.6860475087899838,1.3313955007605471,EBF2
ChEA_2016,POU5F1 18358816 ChIP-ChIP MESCs Mouse,12/753,0.4568021895899372,0.7392523984203564,0,0,1.0660706252811516,0.8352714811812623,CST3;RMND5B;ATF7IP;MOAP1;KCNB1;TMEM106B;TRIM16;PEX1;IL6ST;GRSF1;TEAD1;HIST1H1C
ChEA_2016,SMAD3 22036565 ChIP-Seq ESCs Mouse,16/1020,0.4635947323380526,0.7483407354492423,0,0,1.04909937713933,0.8064894077030643,NFAT5;NTRK2;ANXA11;WIPI2;PPP1R9A;EXT1;SETX;MSRA;SCPEP1;LASP1;NDUFAF3;RGS20;IL6ST;TNS3;TEAD1;CUEDC1
ChEA_2016,DCP1A 22483619 ChIP-Seq HELA Human,12/759,0.4677844597538696,0.7531921934264837,0,0,1.057173136992414,0.8031848014351476,ERP44;DYNC1LI2;LASP1;GOLGA5;TMBIM4;RAB14;MAFG;TOB2;SLC5A3;MRPL24;TEAD1;TPD52L2
ChEA_2016,VDR 24763502 ChIP-Seq THP-1 Human,20/1288,0.4696557544154138,0.7542956055762707,0,0,1.0383055430374042,0.7847049068443382,HEXIM1;SCARB1;CELF2;QPRT;CSTF2T;DNAJB14;TOB2;TOB1;PIAS1;EXT1;PTP4A2;WNK1;GNAQ;SSPN;NDUFAF3;EXOC3;TNPO1;TNS3;SLC25A36;HIST1H1C
ChEA_2016,BCL11B 21912641 ChIP-Seq STHDH STRIUM Mouse,1/43,0.4782536344465486,0.7661695503979974,0,0,1.565376652333174,1.1546438455211565,SP140
ChEA_2016,GATA1 19941826 ChIP-Seq K562 Human,15/967,0.484607739060903,0.7743982965897848,0,0,1.0364882795223354,0.7508481760104246,HEXIM1;LEPROT;SMAD3;PIK3R1;F11R;CLCN3;SLC5A3;MED13L;TLK1;FYN;ZNF148;TNPO1;SPTAN1;RNF130;BPTF
ChEA_2016,GATA1 19941827 ChIP-Seq MEL Mouse,28/1834,0.4901362391857309,0.7812697947922929,0,0,1.0199498404012768,0.7272975577162758,SCARB1;SP140;ZFAND6;TMEM140;COMT;CLCN3;NSL1;TRAK2;STK3;NIPBL;PDZD2;SCRN1;CHL1;RREB1;RNF130;NCOA2;KCNB1;HSPA4;NCOA3;ANXA11;NAGA;EXT1;TGFBR3;TST;CAPZA1;GNAQ;PIN1;CUEDC1
ChEA_2016,VDR 21846776 ChIP-Seq THP-1 Human,12/794,0.5309721967874854,0.7842755170070541,0,0,1.007992327365729,0.6381051270360999,HEXIM1;SCARB1;WNK1;CELF2;ZBTB48;SSPN;DNAJB14;CDK13;TNPO1;TNS3;PIAS1;HIST1H1C
ChEA_2016,SPI1 23127762 ChIP-Seq K562 Human,21/1389,0.5178210790299438,0.7842755170070541,0,0,1.0086461673898006,0.6638157669357954,SMAD2;SPEN;NCKAP1;SMAD3;PARG;ZFAND6;DYNLL1;TMEM140;COMT;NSL1;LRP6;INPP4A;SCPEP1;MAFG;TLK1;FKBP9;CUEDC1;TRPM3;RHOQ;TRIM33;BPTF
ChEA_2016,PCGF2 27294783 Chip-Seq NPCs Mouse,7/451,0.5169309723523785,0.7842755170070541,0,0,1.0361282784490975,0.6836850266088849,SP140;NEK7;SCLY;UBXN4;PTPN4;ZCCHC2;TRAK2
ChEA_2016,TP53 22127205 ChIP-Seq IMR90 Human,15/975,0.4976033610950412,0.7842755170070541,0,0,1.0274122807017545,0.7170844386412167,SPEN;RTN3;MOAP1;SMAD3;NEK7;EEA1;TGFBR3;AKAP10;LASP1;GLB1L;SESN1;EXOC3;PKN2;SYNC;CUEDC1
ChEA_2016,GATA2 20887958 ChIP-Seq HPC-7 Mouse,26/1708,0.4987707504287726,0.7842755170070541,0,0,1.016490622043622,0.7070797270474624,PRIM1;TTK;UQCR10;F11R;EHBP1;ARL6IP5;BBX;PHACTR2;UBXN4;PDE8B;RREB1;RNF130;PAK2;NQO1;WIPI2;LSM4;SMAD5;MED13L;TGFBR3;GNAQ;RASA1;TLL1;ESYT1;SYNC;CUEDC1;MON1B
ChEA_2016,PCGF2 27294783 Chip-Seq ESCs Mouse,8/512,0.5035498535134452,0.7842755170070541,0,0,1.0434877147205914,0.7159082854667365,INPP4A;NCOA2;LYPLA1;SP140;RGS20;PTPN4;ZCCHC2;TRAK2
ChEA_2016,TAF15 26573619 Chip-Seq HEK293 Human,4/247,0.508900935008542,0.7842755170070541,0,0,1.0820264709153598,0.7309109456921998,CNTNAP2;CCDC91;DENND2A;NEK7
ChEA_2016,SCL 21571218 ChIP-Seq MEGAKARYOCYTES Human,27/1784,0.5103070248257544,0.7842755170070541,0,0,1.010007067491416,0.679474906789304,NCKAP1;CNTNAP2;NFAT5;GMFB;PIK3R1;F11R;ATP2C1;SLC4A4;AKAP10;GRK4;TNS3;SPTAN1;RNF130;PTRF;TRPM3;BPTF;HEXIM1;SMAD3;LSM4;INPP4A;EXT1;MSRA;RAP2A;GNAQ;SSPN;YIPF6;IL6ST
ChEA_2016,SPI1 20176806 ChIP-Seq THIOMACROPHAGE Mouse,25/1654,0.5147060771514689,0.7842755170070541,0,0,1.0084826162174227,0.6697930733751695,NFAT5;TOB2;NSL1;MTDH;RMND5B;LEPROTL1;TLK1;RNF130;PAK2;PTRF;ZC3H14;KLHDC10;BAD;NCOA3;CACYBP;LSM4;GNAQ;CDC16;NMT2;TMEM106B;TCF4;TRIM16;DYNLRB1;FBXL5;SYNC
ChEA_2016,TET1 21451524 ChIP-Seq MESCs Mouse,28/1839,0.4961744628851975,0.7842755170070541,0,0,1.0168496443303991,0.7126363714660104,SDC3;CHD4;PPP1R9A;TOB2;SCP2;LEPROTL1;MLX;NBN;UBXN4;RREB1;PAK2;MEST;KLHDC10;HEXIM1;RAB2A;SPEN;BAD;NCOA3;CAV1;MINA;TPD52L2;ZEB1;MAFG;CDC16;NMT2;TMEM106B;TCTA;SKAP2
ChEA_2016,POU5F1 18692474 ChIP-Seq MESCs Mouse,64/4232,0.493550982684412,0.7842755170070541,0,0,1.0105728878623248,0.7135949410378789,CNTNAP2;POP4;CSE1L;QPRT;ZBTB20;CHD4;F11R;TMEM140;PPP1R9A;SCPEP1;UCHL1;LASP1;SESN1;SPIN1;TNPO1;TNS3;HIST1H1C;USP8;LYPLA1;NCOA3;GTPBP6;EBF2;ANXA11;CACYBP;VEZF1;AES;TGFBR3;COX7A2L;TST;TCTA;IL6ST;PCYOX1;RTN3;NFAT5;PCOLCE2;WRB;AAAS;TOB2;CLCN3;CST3;NTHL1;BPTF;HEXIM1;ATF7IP;GSTM3;MOAP1;NTRK2;RRM1;USP22;WWP1;MRPL24;LSM4;EXT1;SETX;ALDH4A1;CDC16;PKN2;TCF4;NDUFAF1;FBXL5;GRSF1;TRIM33;SLC25A36;BMPR1A
ChEA_2016,FOXP3 17237761 ChIP-ChIP TREG Mouse,4/257,0.5401142711463675,0.7842755170070541,0,0,1.0387244952462344,0.6398278520548862,EXT1;SMAD3;NEK7;TLK1
ChEA_2016,EST1 17652178 ChIP-ChIP JURKAT Human,15/1001,0.5393234940495982,0.7842755170070541,0,0,0.9989324223337248,0.6167805487682391,HEXIM1;USP8;CSTF2T;CACYBP;AAAS;TOB2;MRPL24;ATG12;TMBIM4;WNK1;TMEM33;SESN1;STAMBP;CEP290;MON1B
ChEA_2016,PAX6 23342162 ChIP-ChIP BETA-FORBRAIN-LENS Mouse,15/1001,0.5393234940495982,0.7842755170070541,0,0,0.9989324223337248,0.6167805487682391,NCOA2;NQO1;NFAT5;GSTM1;POP4;PON2;GTPBP6;PIK3R1;TROVE2;EXT1;SSPN;SPIN1;NEK1;CEP290;BPTF
ChEA_2016,FLI1 27457419 Chip-Seq LIVER Mouse,6/393,0.5398533687308655,0.7842755170070541,0,0,1.0184569952011813,0.6278356727847195,INPP4A;NCOA2;LYPLA1;SP140;RGS20;TRAK2
ChEA_2016,AUTS2 25519132 ChIP-Seq 293T-REX Human,15/1000,0.5377367218212604,0.7842755170070541,0,0,1.0,0.6203862032428059,NCOA2;RRM1;VPS4B;WWP1;VEZF1;MINA;TROVE2;ATG12;UCHL1;NIPBL;SCRN1;DNAJB4;CTNNA1;ME1;ALDH9A1
ChEA_2016,GATA2 19941826 ChIP-Seq K562 Human,36/2410,0.5375816421804255,0.7842755170070541,0,0,0.9952132955502796,0.6177036520341522,NCKAP1;SCARB1;SDC3;FAM69A;PIK3R1;F11R;CLCN3;SLC5A3;TRAK2;STK3;LRP6;EEA1;RMND5B;LASP1;CCDC91;TLK1;FYN;ZNF148;RREB1;TEAD1;SPTAN1;RNF130;SMAD3;ANKRD46;NEK7;ATP11B;PHKB;MED13L;INPP4A;ALDH4A1;PTP4A2;COX7A2L;SCD;TMEM106B;SCLY;CD46
ChEA_2016,AR 21572438 ChIP-Seq LNCaP Human,3/188,0.5376764222778978,0.7842755170070541,0,0,1.0655200655200656,0.6611534375832774,NFAT5;CHL1;ITGAE
ChEA_2016,GRHL2 25758223 ChIP-Seq PLACENTA Mouse,15/1000,0.5377367218212604,0.7842755170070541,0,0,1.0,0.6203862032428059,SMAD2;RRM1;PCOLCE2;FAM69A;NPR3;KCNA4;UBE3A;WASL;TROVE2;NIPBL;RAP2A;CDC16;CTNNA1;TCF4;PTPN4
ChEA_2016,MYC 18555785 ChIP-Seq MESCs Mouse,18/1200,0.5349461195415915,0.7842755170070541,0,0,1.0,0.6255892482950497,PCOLCE2;CSE1L;CACYBP;PEX1;NPM3;TOB2;MRPL24;LSM4;NSL1;YY1;ALDH3A2;SCPEP1;UCHL1;BAG5;NTHL1;TPR;PIN1;GRSF1
ChEA_2016,NR3C1 21868756 ChIP-Seq MCF10A Human,17/1132,0.5337899502639256,0.7842755170070541,0,0,1.0012676480375224,0.6285486386630446,GSTM3;CLIC5;NTRK2;PCOLCE2;PON2;EBF2;PARVA;SLC4A4;PIAS1;STK3;NELL2;PDZD2;NOVA1;NEK1;TLL1;PTPN4;TNS3
ChEA_2016,REST 21632747 ChIP-Seq MESCs Mouse,35/2339,0.5332939302184445,0.7842755170070541,0,0,0.9972156708595388,0.6269320838675622,SCARB1;CNTNAP2;CELF2;QPRT;KCNA4;AAAS;PPP1R9A;EEA1;YY1;CHL1;BBX;TNS3;TRPM3;NTRK2;SMAD3;HSPA4;ST8SIA3;DENND2A;GTPBP8;MED13L;KTN1;TJP1;NELL2;MSRA;RAP2A;WNK1;NOVA1;MAFG;TCF4;TLL1;STAMBP;CPEB3;TRIM33;MON1B;VAMP3
ChEA_2016,SOX11 23321250 ChIP-ChIP Z138-A519-JVM2 Human,17/1134,0.5367860304226953,0.7842755170070541,0,0,0.99936731084967,0.621762086293762,SPEN;CNTNAP2;NTRK2;ST8SIA3;DENND2A;NPR3;F11R;MRPL24;PAPSS2;BAG5;SCD;RASA1;CTNNA1;MXRA7;TCTA;CD46;CUEDC1
ChEA_2016,ZFP281 18757296 ChIP-ChIP E14 Mouse,30/2004,0.5332839189374677,0.7842755170070541,0,0,0.9977485083868064,0.6272857999675647,CLIC5;RTN3;QPRT;CHD4;TTK;PIK3R1;F11R;TOB2;TOB1;CST3;LASP1;TLK1;RREB1;PLA2G12A;KCNB1;USP22;ST8SIA3;GTPBP6;AES;PIAS1;TGFBR3;MSRA;DYNC1LI2;TST;TCF4;FBXL5;SYNC;GRSF1;TRIM33;SLC25A36
ChEA_2016,TDRD3 21172665 ChIP-Seq MCF-7 Human,10/655,0.5225152811240402,0.7842755170070541,0,0,1.0187115744453354,0.6612467520088213,CSTB;GMFB;NCOA3;RASA1;H2AFV;WIPI2;PTPN4;CUEDC1;TRIM33;HTATIP2
ChEA_2016,E2F1 17053090 ChIP-ChIP MCF-7 Human,26/1726,0.5211467076075358,0.7842755170070541,0,0,1.004723057106054,0.6548018165667571,NFAT5;POP4;CETN2;VPS4B;CHD4;AAAS;CHRDL1;TOB1;LRP6;SCPEP1;AKAP10;COMMD9;NTHL1;ATF7IP;NQO1;MOAP1;RRM1;NAGA;ALDH3A2;EXT2;RAP2A;WNK1;ACOX1;NDUFAF1;ZCCHC2;MON1B
ChEA_2016,EWS 26573619 Chip-Seq HEK293 Human,13/854,0.5184939309340334,0.7842755170070541,0,0,1.0157436600695209,0.6671678167527921,PLA2G12A;NEK7;WWP1;SLC4A4;EHBP1;KTN1;PIAS1;PRRG1;PKN2;RREB1;TRIM33;SLC25A36;KLHDC10
ChEA_2016,PU.1 20513432 ChIP-Seq Bcells Mouse,30/2000,0.5286613860311397,0.7842755170070541,0,0,1.0,0.6374071540971311,SCARB1;RTN3;PON2;AAAS;HIGD1A;TOB2;MTDH;SCPEP1;NIPBL;AKAP10;NTHL1;FYN;NBN;ZC3H14;LYPLA1;USP22;NEK7;HUS1;H2AFV;CACYBP;DYNLL1;INPP4A;ERP44;TST;RAB14;NMT2;FBXL5;SYNC;CUEDC1;ZCCHC2
ChEA_2016,RING1B 27294783 Chip-Seq NPCs Mouse,30/2000,0.5286613860311397,0.7842755170070541,0,0,1.0,0.6374071540971311,DENND1B;CELF2;NPR3;VLDLR;AAAS;EHBP1;NEK1;RGS20;UBXN4;TNS3;RNF130;PTRF;HTATIP2;BPTF;HEXIM1;MOAP1;KCNB1;HSPA4;ST8SIA3;EBF2;HUS1;VEZF1;ALDH3A2;NOVA1;EHHADH;IL6ST;CUEDC1;ZCCHC2;SKAP2;ALDH9A1
ChEA_2016,CSB 26484114 Chip-Seq FIBROBLAST Human,30/2000,0.5286613860311397,0.7842755170070541,0,0,1.0,0.6374071540971311,PCOLCE2;CSE1L;CHD4;MTDH;AURKA;RMND5B;PDZD2;RGS20;NBN;ZNF148;TNS3;PTRF;HIST1H1C;HEXIM1;KCNB1;NCOA3;CAV1;H2AFV;TPD52L2;EXT1;ALDH3A2;PTP4A2;WNK1;CAPZA1;CDC16;TCTA;CUEDC1;RHOQ;ZNF552;SIDT2
ChEA_2016,PCGF4 22325352 ChIP-Seq 293T-Rex Human,30/2000,0.5286613860311397,0.7842755170070541,0,0,1.0,0.6374071540971311,NCKAP1;DENND1B;LEPROT;ZFYVE9;SDC3;FAM69A;ZBTB48;F11R;EHBP1;NSL1;SCP2;CHL1;TLK1;SPEN;NEK7;NR1D2;CACYBP;INPP4A;ALDH4A1;TGFBR3;PTP4A2;COX7A2L;CAPZA1;FEZ2;PKN2;SYNC;CD46;TRIM33;VAMP3;DDR2
ChEA_2016,SOX6 21985497 ChIP-Seq MYOTUBES Mouse,30/2000,0.5286613860311397,0.7842755170070541,0,0,1.0,0.6374071540971311,DENND1B;SP140;VPS4B;ITGAE;F11R;TROVE2;EHBP1;NSL1;TRAK2;EEA1;SESN1;TPR;PHACTR2;RGS20;FYN;UBXN4;NCOA2;LYPLA1;NEK7;CACYBP;AES;INPP4A;ALDH3A2;GLB1L;SCLY;CD46;PTPN4;ZCCHC2;DDR2;ALDH9A1
ChEA_2016,GATA3 21878914 ChIP-Seq MCF-7 Human,30/2000,0.5286613860311397,0.7842755170070541,0,0,1.0,0.6374071540971311,KDM5A;NFAT5;GMFB;CCDC69;PIK3R1;TMEM140;MYL12B;SCPEP1;SESN1;NBN;PDE8B;TRPM3;NCOA2;ANKRD46;NCOA3;CAV1;WWP1;ANXA11;NR1D2;ATP11B;PEX1;SMAD5;EXT2;DYNC1LI2;KLRF1;SCLY;FBXL5;SYNC;SERINC3;RHOQ
ChEA_2016,SMAD3 21741376 ChIP-Seq ESCs Human,30/2000,0.5286613860311397,0.7842755170070541,0,0,1.0,0.6374071540971311,SCARB1;RTN3;PIK3R1;PCSK5;TOB1;LRP6;RMND5B;NIPBL;PDZD2;SESN1;TLK1;TNS3;RREB1;TEAD1;SPTAN1;PTRF;AASS;SMAD2;NQO1;USP22;EBF2;PHKB;EXT1;COX7A2L;RAB14;CAPZA1;FEZ2;TMEM106B;MXRA7;VAMP3
ChEA_2016,SMC4 20622854 ChIP-Seq HELA Human,30/2000,0.5286613860311397,0.7842755170070541,0,0,1.0,0.6374071540971311,KDM5A;RTN3;NFAT5;UBE2D4;CCDC69;NPR3;COMT;TOB2;ATP2C1;SCPEP1;NIPBL;LASP1;PDZD2;CTNNA1;PDE8B;SPTAN1;PTRF;NQO1;GSTM1;ANXA11;VEZF1;PIAS1;SETX;ALDH3A2;WNK1;EXOC3;MXRA7;TRIM16;NDUFAF1;ALDH9A1
ChEA_2016,IRF8 21731497 ChIP-ChIP J774 Mouse,5/319,0.523227937657828,0.7842755170070541,0,0,1.0464212458166902,0.6778068913579472,NCKAP1;DENND2A;ATRX;VEZF1;HTATIP2
ChEA_2016,DROSHA 22980978 ChIP-Seq HELA Human,7/456,0.5286125989271372,0.7842755170070541,0,0,1.0243240572527497,0.6530060155160614,CNTNAP2;KCNB1;ACOX1;CELF2;VEZF1;CD46;HIST1H1C
ChEA_2016,RUNX1 26923725 Chip-Seq HPCs Mouse,13/859,0.5270768490922005,0.7842755170070541,0,0,1.0094727391042908,0.6464753439619374,SCARB1;RRM1;SP140;NCOA3;CSTF2T;EXT1;FEZ2;TLK1;FYN;SERINC3;TEAD1;SKAP2;VAMP3
ChEA_2016,SCL 19346495 ChIP-Seq HPC-7 Human,4/252,0.5246295305950833,0.7842755170070541,0,0,1.0599389712292937,0.6837273293846787,PIK3R1;RREB1;CUEDC1;SKAP2
ChEA_2016,YY1 21170310 ChIP-Seq MESCs Mouse,7/464,0.5470751700241476,0.792573594841362,0,0,1.005974563296764,0.606772735403574,HEXIM1;ATF7IP;RRM1;BAD;SP140;CSTF2T;KLHDC10
ChEA_2016,SETDB1 19884257 ChIP-Seq MESCs Mouse,35/2353,0.5483427316806829,0.7926044939748054,0,0,0.9903951031305452,0.595083616705482,WRB;SDC3;NPR3;CHD4;PPP1R9A;MTDH;CST3;YY1;UCHL1;AKAP10;SPIN1;RGS20;TNPO1;TNS3;RNF130;ZC3H14;MEST;BPTF;HIST1H1C;RAB2A;ATF7IP;NCOA3;EBF2;WWP1;NR1D2;ALDH4A1;ALDH3A2;EXT2;ZEB1;GNAQ;SCLY;SYNC;FERMT2;SKAP2;ALDH9A1
ChEA_2016,HOXB4 20404135 ChIP-ChIP EML Mouse,27/1824,0.5586580448157857,0.8024607408130843,0,0,0.985323524555578,0.5736728155690869,GMFB;POP4;CHD4;CLCN3;ATP2C1;TOB1;MTDH;SCPEP1;NIPBL;DNAJB4;ARL6IP5;SLC39A6;BBX;FBXO9;HEXIM1;GSTM1;ATRX;ATP11B;PHKB;MINA;MRPL24;LSM4;EXT2;WNK1;TRIM16;DYNLRB1;TRIM33
ChEA_2016,SMAD 19615063 ChIP-ChIP OVARY Human,2/124,0.5574242497188195,0.8024607408130843,0,0,1.0770161733964132,0.6294391188263228,NFAT5;SMAD3
ChEA_2016,PPARD 23176727 ChIP-Seq KERATINOCYTES Mouse,3/194,0.5589467109751515,0.8024607408130843,0,0,1.0317309217832775,0.600159052935912,SLC4A4;HTATIP2;ALDH9A1
ChEA_2016,CDX2 19796622 ChIP-Seq MESCs Mouse,5/334,0.564075313321766,0.8079997731365837,0,0,0.9979393127608056,0.5713876195952949,SCRN1;PHACTR2;F11R;EPX;PAPSS2
ChEA_2016,SOX2 18692474 ChIP-Seq MESCs Mouse,49/3319,0.5732117217886339,0.819241921477688,0,0,0.9808716205514334,0.5458551877844948,CNTNAP2;QPRT;ZBTB20;TMEM140;PPP1R9A;EEA1;LASP1;ARL6IP5;SPIN1;MLX;TLK1;TNS3;FBXO9;HIST1H1C;LYPLA1;NCOA3;DENND2A;ATRX;GTPBP6;EBF2;ANXA11;CACYBP;VEZF1;ALDH3A2;TCTA;IL6ST;RTN3;NFAT5;PCOLCE2;CSTF2T;CLCN3;AURKA;CST3;RREB1;GSTM3;NQO1;MOAP1;USP22;WWP1;MRPL24;EXT1;SETX;ALDH4A1;WNK1;PKN2;TCF4;GRSF1;SLC25A36;BMPR1A
ChEA_2016,LYL1 20887958 ChIP-Seq HPC-7 Mouse,11/752,0.5770447243871206,0.8228709522650419,0,0,0.9738499829557924,0.5354572957527183,COMMD9;PRIM1;GNAQ;ERAP1;TLL1;UQCR10;F11R;SYNC;PDE8B;RNF130;CUEDC1
ChEA_2016,IGF1R 20145208 ChIP-Seq DFB Human,2/129,0.5789267944347257,0.8237079222829654,0,0,1.0343497331289964,0.565354095046292,CNTNAP2;SPTAN1
ChEA_2016,KDM6A 18722178 ChIP-ChIP U937 AND SAOS2 Human,7/479,0.5808436672463441,0.8245905633229349,0,0,0.9732457916353328,0.5287387776514112,COMMD9;CAPZA1;VPS4B;TPR;CSTF2T;VLDLR;TROVE2
ChEA_2016,TP53 18474530 ChIP-ChIP U2OS Human,12/827,0.588284851060062,0.8298645659261945,0,0,0.9654907975460124,0.5122353572324095,NTRK2;CHL1;HSPA4;TLK1;TLL1;CD36;NBN;TEAD1;SPTAN1;SMAD5;TOB1;ZCCHC2
ChEA_2016,CIITA 18437201 ChIP-ChIP Raji B and iDC Human,1/59,0.5905776755763663,0.8298645659261945,0,0,1.1326259946949602,0.5965021351453189,CACYBP
ChEA_2016,SMAD2/3 21741376 ChIP-Seq ESCs Human,29/2000,0.6054793457184178,0.8298645659261945,0,0,0.9625567031926028,0.4829482216164448,RTN3;NFAT5;ZFYVE9;KIAA1033;TOB2;LRP6;SCPEP1;PDZD2;SCRN1;UBXN4;TNPO1;TNS3;PAK2;PTRF;AKTIP;EBF2;ANXA11;WIPI2;MED13L;TJP1;CAPZA1;FEZ2;TCF4;MXRA7;ESYT1;CDK13;FBXL5;RHOQ;SIDT2
ChEA_2016,TP63 22573176 ChIP-Seq HFKS Human,62/4229,0.6038144515349712,0.8298645659261945,0,0,0.9710611386383208,0.4898890099145967,NCKAP1;SCARB1;UBE2D4;ZFYVE9;FAM69A;WASL;ITGAE;F11R;TMEM140;SCPEP1;SCRN1;MLX;SLC39A6;ME1;BBX;NEK1;TLK1;ANKS1A;TEAD1;HRAS;ANKRD46;AKTIP;DENND2A;ATRX;ANXA11;ATP11B;PEX1;COX7A2L;ZNF358;FKBP9;CD46;RHOQ;NFAT5;VPS4B;ZBTB48;UQCR10;SLC5A3;MYL12B;STK3;AURKA;COMMD9;PDZD2;BAG5;DNAJB4;CTNNA1;RREB1;RNF130;ZC3H14;KCNB1;BAD;CAV1;ERAP1;PARVA;LSM4;KTN1;ALDH4A1;MSRA;GNAQ;SSPN;TCF4;ESYT1;DYNLRB1
ChEA_2016,TAL1 26923725 Chip-Seq MACROPHAGESS Mouse,1/61,0.6028042868087103,0.8298645659261945,0,0,1.0947603121516165,0.5541268362844779,MON1B
ChEA_2016,EWS-ERG 20517297 ChIP-Seq CADO-ES1 Human,15/1038,0.5967093146401468,0.8298645659261945,0,0,0.9608993157380256,0.4961365259197025,HEXIM1;GMFB;GSTM1;UBE3A;VLDLR;EPX;TROVE2;NSL1;KCNV2;CHL1;PHACTR2;RGS20;CDK13;SLC25A36;BPTF
ChEA_2016,IRF1 21803131 ChIP-Seq MONOCYTES Human,5/345,0.5928788689618976,0.8298645659261945,0,0,0.9651046859421736,0.504523114290188,INPP4A;ERAP1;ZBTB20;TMEM140;TNS3
ChEA_2016,DMRT1 21621532 ChIP-ChIP FETAL Ovary,2/132,0.5914573377734789,0.8298645659261945,0,0,1.010325245224574,0.530588188533751,NPM3;TOB1
ChEA_2016,TTF2 22483619 ChIP-Seq HELA Human,22/1512,0.59135732864278,0.8298645659261945,0,0,0.9671672058326494,0.5080866170370256,CSTB;CNTNAP2;RRM1;GMFB;PRIM1;DNAJB14;TOB2;MRPL24;TROVE2;NSL1;LRP6;ALDH4A1;RMND5B;PTP4A2;LASP1;GRK4;ACOX1;CAPZA1;DNAJB4;SLC39A6;KIF20B;KLHDC10
ChEA_2016,KLF4 19829295 ChIP-Seq ESCs Human,29/2000,0.6054793457184178,0.8298645659261945,0,0,0.9625567031926028,0.4829482216164448,ZFAND6;SDC3;PIK3R1;VLDLR;LRP6;SCPEP1;LASP1;SCRN1;SESN1;ZNF329;RREB1;TEAD1;SPTAN1;SMAD2;NTRK2;GSTM1;HSPA4;BAD;LSM4;PIAS1;SETX;RASA1;FEZ2;PKN2;STAMBP;CD46;IL6ST;FERMT2;SIDT2
ChEA_2016,RELA 24523406 ChIP-Seq FIBROSARCOMA Human,17/1182,0.6067406024460384,0.8298645659261945,0,0,0.9557166472042342,0.4775275719004402,NQO1;NFAT5;CAV1;WWP1;VEZF1;F11R;EHBP1;KTN1;YY1;PTP4A2;PDZD2;TMBIM4;MAFG;ARL6IP5;TLL1;NBN;ARHGEF40
ChEA_2016,P300 27268052 Chip-Seq Bcells Human,29/2000,0.6054793457184178,0.8298645659261945,0,0,0.9625567031926028,0.4829482216164448,CSTB;RTN3;CSE1L;CCDC69;VLDLR;ITGAE;TOB2;RMND5B;SCPEP1;SCP2;SCRN1;ANKS1A;TNPO1;TNS3;HRAS;PAK2;PTRF;HIST1H1C;LYPLA1;H2AFV;DYNLL1;GLB1L;RAB14;EHHADH;EXOC3;STAMBP;CPEB3;RHOQ;ALDH9A1
ChEA_2016,SA1 22415368 ChIP-Seq MEFs Mouse,29/2000,0.6054793457184178,0.8298645659261945,0,0,0.9625567031926028,0.4829482216164448,NPR3;PIK3R1;EHBP1;NIPBL;MEST;SCAI;HEXIM1;NTRK2;ANKRD46;CAV1;NEK7;ANXA11;GTPBP8;VEZF1;MINA;DYNLL1;NPM3;EXT1;ALDH3A2;NELL2;MSRA;RAP2A;ZEB1;WNK1;TCF4;TLL1;STAMBP;KIF20B;MON1B
ChEA_2016,RAC3 21632823 ChIP-Seq H3396 Human,29/2000,0.6054793457184178,0.8298645659261945,0,0,0.9625567031926028,0.4829482216164448,ZFYVE9;CSE1L;SDC3;FAM69A;PPP1R9A;CHRDL1;NSL1;MTDH;LRP6;YY1;LEPROTL1;ZNF329;SPTAN1;MEST;USP8;GSTM2;HSPA4;NCOA3;ST8SIA3;WWP1;NR1D2;VEZF1;COX7A2L;CAPZA1;PIN1;KIF20B;TRIM33;VAMP3;DDR2
ChEA_2016,CBP 21632823 ChIP-Seq H3396 Human,29/2000,0.6054793457184178,0.8298645659261945,0,0,0.9625567031926028,0.4829482216164448,KDM5A;RTN3;PARG;CELF2;KCNA4;CSTF2T;PAPSS2;YY1;COMMD9;TEAD1;HRAS;CEP290;HTATIP2;RRM1;ANXA11;PARVA;NPM3;TJP1;SLC25A16;EXT2;ZEB1;WNK1;SCD;SSPN;KLRF1;NMT2;KIF20B;CPEB3;BMPR1A
ChEA_2016,GATA2 21186366 ChIP-Seq BM-HSCs Mouse,29/2000,0.6054793457184178,0.8298645659261945,0,0,0.9625567031926028,0.4829482216164448,CSTB;ZBTB20;UQCR10;TOB1;EHBP1;STK3;EEA1;SCPEP1;AKAP10;SESN1;PHACTR2;FYN;TNS3;RREB1;RNF130;CEP290;BPTF;HSPA4;HUS1;VEZF1;AES;ALDH3A2;SLC25A16;RAP2A;TMBIM4;NOVA1;ESYT1;CUEDC1;FERMT2
ChEA_2016,GATA6 21074721 ChIP-Seq CACO-2 Mouse,29/2000,0.6054793457184178,0.8298645659261945,0,0,0.9625567031926028,0.4829482216164448,DENND1B;LEPROT;ZFYVE9;SDC3;FAM69A;ZBTB48;CSTF2T;F11R;PAPSS2;NSL1;SCP2;DNAJB4;TPR;SPEN;GSTM3;GSTM1;NEK7;CACYBP;ALDH4A1;TGFBR3;PTP4A2;CAPZA1;PKN2;SYNC;CD46;TRIM33;VAMP3;DDR2;ALDH9A1
ChEA_2016,STAT4 19710469 ChIP-ChIP TH1  Mouse,28/1939,0.6133681948885071,0.8362020315341897,0,0,0.9582525317819436,0.4683841392244136,NFAT5;POP4;HFE;PON2;WASL;AKAP10;PAK2;HIST1H1C;HEXIM1;ATF7IP;NEK7;ATP11B;MINA;LSM4;TPD52L2;TJP1;TGFBR3;EXT2;RAP2A;TMEM33;CAPZA1;GNAQ;TRIM16;SCLY;IL6ST;RHOQ;VAMP3;BMPR1A
ChEA_2016,ESR2 21235772 ChIP-Seq MCF-7 Human,6/424,0.6140036929661424,0.8362020315341897,0,0,0.9414119714871596,0.4591777712907535,GSTM3;PTP4A2;HSPA4;TUFT1;TNS3;SIDT2
ChEA_2016,SOX9 22984422 ChIP-ChIP TESTIS Rat,1/64,0.6204651939509158,0.8422409012361642,0,0,1.042469607686999,0.4975559088465634,RAP2A
ChEA_2016,LMO2 20887958 ChIP-Seq HPC-7 Mouse,25/1741,0.6210864507543412,0.8422409012361642,0,0,0.9527442254714982,0.4537777782581227,HFE;CELF2;PON2;F11R;CLCN3;EHBP1;NSL1;COMMD9;CHL1;SPIN1;RNF130;FBXO9;HIST1H1C;GSTM3;LSM4;SMAD5;TGFBR3;WNK1;GNAQ;DYNLRB1;SYNC;CUEDC1;ZCCHC2;MON1B;SIDT2
ChEA_2016,GBX2 23144817 ChIP-Seq PC3 Human,4/286,0.6244712014238214,0.8450291151181923,0,0,0.9305156220049836,0.4381333411914654,NELL2;NCOA2;SSPN;MYRIP
ChEA_2016,ETS2 20176728 ChIP-ChIP TROPHOBLAST STEM CELLS Mouse,3/215,0.6285638581254903,0.8469631647623131,0,0,0.9285305889079474,0.4311331429400249,EXT2;CNTNAP2;RAP2A
ChEA_2016,STAT5 23275557 ChIP-Seq MAMMARY-EPITHELIUM Mouse,17/1197,0.6276660063474139,0.8469631647623131,0,0,0.9428040965442894,0.4391082653633051,HEXIM1;NEK7;NAGA;PIK3R1;ATP2C1;LSM4;SMAD5;ALDH3A2;AKAP10;COMMD9;EHHADH;FEZ2;PSMC2;PTPN4;TEAD1;RNF130;ALDH9A1
ChEA_2016,TRP63 18441228 ChIP-ChIP KERATINOCYTES Mouse,2/143,0.6350171975695091,0.8538497624824689,0,0,0.9309819601123328,0.4227618850596747,PARVA;TRIM16
ChEA_2016,BCAT 22108803 ChIP-Seq LS180 Human,9/650,0.643316187308658,0.857754916411544,0,0,0.9195844122424692,0.405646099291414,SETX;PCOLCE2;YWHAB;SESN1;SYNC;TNS3;TEAD1;FERMT2;LRP6
ChEA_2016,ETV2 25802403 ChIP-Seq MESCs Mouse,14/1000,0.6431516993117682,0.857754916411544,0,0,0.9290770081845132,0.4100710470131825,SPEN;RTN3;DENND2A;HUS1;UBE3A;DNAJB14;F11R;EPX;DYNC1LI2;CCDC91;PPAT;CDC16;PKN2;PCYOX1
ChEA_2016,ZFP281 18358816 ChIP-ChIP MESCs Mouse,8/578,0.640720463466579,0.857754916411544,0,0,0.919490507089642,0.4093222437961987,CST3;RTN3;UCHL1;HSPA4;USP22;TROVE2;MEST;SLC25A36
ChEA_2016,EGR1 19374776 ChIP-ChIP THP-1 Human,1/68,0.6428014394460059,0.857754916411544,0,0,0.9800329456396945,0.4330955769858401,SMAD3
ChEA_2016,ERA 27197147 Chip-Seq ENDOMETRIOID-ADENOCARCINOMA Human,15/1073,0.6480454735249876,0.8606283981430299,0,0,0.9273704109043877,0.4022881001561954,SCARB1;SMAD3;PIK3R1;CLCN3;TOB1;MTDH;MED13L;EXT1;TGFBR3;CD36;CPEB3;TNS3;RREB1;CUEDC1;VAMP3
ChEA_2016,RUNX1 26923725 Chip-Seq MACROPHAGESS Mouse,1/69,0.6481776772177851,0.8606283981430299,0,0,0.9655715128860908,0.4186625645487559,VAMP3
ChEA_2016,EZH2 23942234 ChIP-Seq MYOBLASTS AND MYOTUBES Mouse,13/935,0.6502690779207647,0.8616065282450133,0,0,0.922528664394174,0.3970277717201246,SCARB1;WRB;PRIM1;AAAS;MED13L;AES;SETX;TGFBR3;RMND5B;CHL1;ACOX1;PHACTR2;PTRF
ChEA_2016,MYCN 21190229 ChIP-Seq SHEP-21N Human,5/373,0.6611928161162065,0.8703522561345123,0,0,0.8903831982313928,0.3683602352861997,INPP4A;NOVA1;GTPBP8;TTK;ATG12
ChEA_2016,GF1 26923725 Chip-Seq HPCs Mouse,20/1432,0.6631860669270693,0.8703522561345123,0,0,0.925131525698098,0.3799512254820743,SCARB1;ANKRD46;SP140;NCOA3;CSTF2T;ATP11B;PHKB;PIK3R1;KTN1;MSRA;ERP44;LASP1;PKN2;TLL1;CPEB3;RREB1;TRIM33;SKAP2;MON1B;VAMP3
ChEA_2016,CEBPA 23403033 ChIP-Seq LIVER Mouse,8/589,0.6614385288730131,0.8703522561345123,0,0,0.9015631999622756,0.3726505342572209,USP8;TMEM33;ZBTB48;EXOC3;UQCR10;RHOQ;FBXO9;MON1B
ChEA_2016,BMI1 19503595 ChIP-Seq MEFsC Mouse,9/661,0.6628725047357119,0.8703522561345123,0,0,0.9035481626715578,0.3715142543527624,GMFB;EBF2;RGS20;NAGA;SERINC3;PTRF;MEST;HIST1H1C;FKTN
ChEA_2016,EGR1 23403033 ChIP-Seq LIVER Mouse,13/944,0.663712019222073,0.8703522561345123,0,0,0.9131726778369518,0.3743158085431975,CSTB;GSTM2;TUFT1;HFE;GTPBP6;WBP1L;ZBTB20;CSTF2T;PIK3R1;SSPN;CPEB3;BPTF;FKTN
ChEA_2016,ZFP57 27257070 Chip-Seq ESCs Mouse,15/1088,0.6689974400762241,0.8732497549136105,0,0,0.9136704762839064,0.3672727311429877,SMAD2;ZFYVE9;POP4;SP140;CELF2;ERAP1;KCNA4;CHRDL1;STK3;MSRA;WNK1;CHL1;TLL1;PPIG;IL6ST
ChEA_2016,TAL1 20887958 ChIP-Seq HPC-7 Mouse,29/2067,0.6770424513268364,0.8732497549136105,0,0,0.927394269035919,0.3617035211799589,KDM5A;LEPROT;F11R;TOB1;NSL1;MTDH;YY1;COMMD9;SESN1;TPR;SCAI;HIST1H1C;HEXIM1;USP8;HSPA4;NCOA3;ERAP1;ATP11B;PHKB;WIPI2;DYNLL1;LSM4;PTP4A2;CAPZA1;SCLY;ZCCHC2;MON1B;DDR2;ALDH9A1
ChEA_2016,FOXA1 25552417 ChIP-Seq VCAP Human,28/2000,0.6791117778664466,0.8732497549136105,0,0,0.9254265600763631,0.3581118936496306,SCARB1;RTN3;PRIM1;VPS4B;WASL;TMEM140;TOB2;CLCN3;SLC4A4;NBN;RNF130;HEXIM1;SMAD2;HSPA4;USP22;ERAP1;WWP1;MED13L;PIAS1;TGFBR3;WNK1;SSPN;ESYT1;CDK13;CPEB3;CD46;IL6ST;SERINC3
ChEA_2016,P63 26484246 Chip-Seq KERATINOCYTES Human,28/2000,0.6791117778664466,0.8732497549136105,0,0,0.9254265600763631,0.3581118936496306,DENND1B;ZFYVE9;CSE1L;FAM69A;F11R;CLCN3;MYL12B;TRAK2;CST3;CCDC91;CD36;UBXN4;HRAS;HTATIP2;HEXIM1;RRM1;GSTM1;SMAD3;ERAP1;PARVA;EXT2;NMT2;KIF20B;SYNC;PTPN4;CUEDC1;VAMP3;BMPR1A
ChEA_2016,NR1H3 23393188 ChIP-Seq ATHEROSCLEROTIC-FOAM Human,8/599,0.67965193189031,0.8732497549136105,0,0,0.8858447488584474,0.3420906323515217,SCRN1;SCD;SESN1;ME1;PHACTR2;VLDLR;ZNF148;CUEDC1
ChEA_2016,CTCF 27219007 Chip-Seq ERYTHROID Human,28/2000,0.6791117778664466,0.8732497549136105,0,0,0.9254265600763631,0.3581118936496306,ZFYVE9;CELF2;SDC3;FAM69A;ZBTB48;CHD4;EEA1;HRAS;SMAD2;GSTM3;USP22;NEK7;ANXA11;NPM3;TGFBR3;EXT2;PTP4A2;SCD;NMT2;PKN2;TRIM16;ESYT1;STAMBP;SYNC;TRIM33;VAMP3;SIDT2;BMPR1A
ChEA_2016,SA1 27219007 Chip-Seq Bcells Human,28/2000,0.6791117778664466,0.8732497549136105,0,0,0.9254265600763631,0.3581118936496306,CSTB;ZFYVE9;CELF2;SDC3;FAM69A;ZBTB48;CSTF2T;NTHL1;FAM63A;HEXIM1;SPEN;GSTM3;GSTM2;MRPL24;ALDH4A1;TJP1;PTP4A2;MAFG;NMT2;PKN2;TRIM16;ESYT1;SYNC;CD46;CUEDC1;TRIM33;VAMP3;SIDT2
ChEA_2016,CTCF 26484167 Chip-Seq Bcells Mouse,28/2000,0.6791117778664466,0.8732497549136105,0,0,0.9254265600763631,0.3581118936496306,RNF14;WRB;SDC3;FAM69A;PIK3R1;AAAS;ATP2C1;TROVE2;SCPEP1;NIPBL;TLK1;TNPO1;BPTF;KLHDC10;MOAP1;NEK7;ERAP1;CACYBP;MINA;NPM3;LSM4;EXT2;MSRA;WNK1;EHHADH;YIPF6;NDUFAF3;KIF20B
ChEA_2016,ESR1 21235772 ChIP-Seq MCF-7 Human,3/228,0.6677041308433671,0.8732497549136105,0,0,0.8742985409652076,0.3531380298750861,PTP4A2;TUFT1;TNS3
ChEA_2016,NANOG 18358816 ChIP-ChIP MESCs Mouse,17/1232,0.6743653941782048,0.8732497549136105,0,0,0.913914699937472,0.3600670262254959,HEXIM1;NQO1;KCNB1;CACYBP;VLDLR;F11R;AAAS;TRAK2;AURKA;CST3;RMND5B;ARL6IP5;CTNNA1;RGS20;IL6ST;GRSF1;SLC25A36
ChEA_2016,CEBPB 23403033 ChIP-Seq LIVER Mouse,5/382,0.6815135217667841,0.8738762093622474,0,0,0.8687227442341411,0.333102342654665,TMEM33;ZBTB48;UQCR10;AAAS;AASS
ChEA_2016,TCF3 18347094 ChIP-ChIP MESCs Mouse,31/2221,0.6928404956162191,0.8866127871467109,0,0,0.9214068679873028,0.3381152915384117,PCOLCE2;NPR3;TMEM140;PPP1R9A;TOB2;AURKA;CST3;YY1;UCHL1;ARL6IP5;SPIN1;PDE8B;TNS3;RREB1;HIST1H1C;MOAP1;SMAD3;AKTIP;EBF2;DYNLL1;ATG12;EXT1;TGFBR3;PTP4A2;PKN2;TCF4;TRIM16;IL6ST;GRSF1;PTPN4;SLC25A36
ChEA_2016,MTF2 20144788 ChIP-Seq MESCs Mouse,42/2981,0.6954950756589325,0.8882226267451426,0,0,0.9283888682276048,0.3371271011252991,GMFB;PON2;CCDC69;SDC3;NPR3;VLDLR;AAAS;SLC4A4;TOB1;SESN1;MLX;ME1;BBX;PHACTR2;RGS20;RREB1;RNF130;PTRF;RAB2A;SPEN;NTRK2;SMAD3;KCNB1;BAD;CAV1;ST8SIA3;EBF2;PARVA;MYRIP;TJP1;TGFBR3;NELL2;ZEB1;TMBIM4;TST;GNAQ;PLSCR4;TLL1;SYNC;SERINC3;CUEDC1;SIDT2
ChEA_2016,VDR 23401126 ChIP-Seq LCL-AND-THP1 Human,3/239,0.6984122381018688,0.8901606882420612,0,0,0.8330765279917822,0.2990292804427601,INPP4A;CHL1;CELF2
ChEA_2016,NANOG 18555785 ChIP-Seq MESCs Mouse,7/542,0.7075984247915033,0.9000651963347922,0,0,0.8558259704634621,0.2960118395777841,TGFBR3;LEPROT;RRM1;WRB;ANXA11;IL6ST;AURKA
ChEA_2016,ERG 21242973 ChIP-ChIP JURKAT Human,4/321,0.7123135638421256,0.9024530410430116,0,0,0.8262852758120897,0.2803065925318926,NTRK2;MAFG;NPR3;MYRIP
ChEA_2016,MYC 18358816 ChIP-ChIP MESCs Mouse,48/3413,0.7122857110514965,0.9024530410430116,0,0,0.9246444491615368,0.3137098259312945,GMFB;PARG;POP4;CSE1L;UBE3A;AAAS;CLCN3;TROVE2;MTDH;AURKA;YY1;RMND5B;BAG5;LEPROTL1;DNAJB4;TPR;SLC39A6;RGS20;NBN;TNPO1;PTRF;MEST;FBXO9;HEXIM1;ATF7IP;NTRK2;RRM1;GSTM1;HSPA4;NEK7;NAGA;NR1D2;MINA;PEX1;WIPI2;NPM3;LSM4;TPD52L2;RAP2A;TMBIM4;TST;RAB14;TMEM33;PSMC2;TCTA;SLC25A36;MON1B;ALDH9A1
ChEA_2016,RAD21 21589869 ChIP-Seq MESCs Mouse,28/2036,0.7150639501457954,0.9041365254328544,0,0,0.9069896883056012,0.3041891942985086,CNTNAP2;POP4;SDC3;QPRT;AAAS;MYL12B;LRP6;SCRN1;RREB1;PTRF;MEST;HTATIP2;KLHDC10;NQO1;NCOA3;DENND2A;ERAP1;ATP11B;MINA;LSM4;ATG12;GNAQ;CDC16;MXRA7;IL6ST;SKAP2;MON1B;SIDT2
ChEA_2016,SOX9 25088423 ChIP-ChIP EMBRYONIC GONADS Mouse,26/1903,0.7213648843961226,0.9102937826903452,0,0,0.9010301420577176,0.2942856247396538,CSTB;CNTNAP2;NPR3;ZBTB48;VLDLR;TMEM140;SLC4A4;NSL1;CST3;NTHL1;MLX;BBX;RGS20;RREB1;HEXIM1;HSPA4;BAD;ST8SIA3;TPD52L2;AES;SLC25A16;EXT2;EHHADH;FEZ2;SYNC;RHOQ
ChEA_2016,REST 19997604 ChIP-ChIP NEURONS Mouse,29/2118,0.7267662931855654,0.915293787061425,0,0,0.9021407159978732,0.2879184986923565,LEPROT;RNF14;CSE1L;HFE;TOB1;LASP1;MLX;FYN;RREB1;RNF130;PAK2;PTRF;TRPM3;HIST1H1C;HEXIM1;SMAD2;USP8;NEK7;CACYBP;WIPI2;TJP1;SLC25A16;TMEM33;NMT2;FBXL5;SERINC3;PTPN4;CUEDC1;SIDT2
ChEA_2016,SUZ12 18692474 ChIP-Seq MEFs Mouse,15/1135,0.730036107106689,0.9175947907507,0,0,0.8731203007518797,0.2747371551593353,NTRK2;CAV1;ST8SIA3;NPR3;EBF2;PARVA;VLDLR;SLC4A4;TGFBR3;NELL2;RGS20;TLL1;RREB1;RNF130;PTRF
ChEA_2016,SMC3 22415368 ChIP-Seq MEFs Mouse,27/2000,0.7469691595848144,0.9296915567435262,0,0,0.8886060720830108,0.2592342760387893,POP4;NPR3;PIK3R1;SLC4A4;LRP6;TLK1;SCAI;BPTF;KLHDC10;SPEN;NTRK2;SMAD3;ANKRD46;DENND2A;ERAP1;CACYBP;MINA;NPM3;EXT1;TGFBR3;DYNC1LI2;WNK1;CDC16;TLL1;KIF20B;CDK13;RHOQ
ChEA_2016,KDM2B 26808549 Chip-Seq K562 Human,27/2000,0.7469691595848144,0.9296915567435262,0,0,0.8886060720830108,0.2592342760387893,LEPROT;TUFT1;SDC3;PIK3R1;AAAS;TOB1;SESN1;MLX;PHACTR2;TEAD1;SPTAN1;RNF130;SPEN;NCOA2;SMAD3;NEK7;ANXA11;CACYBP;VEZF1;ALDH4A1;TGFBR3;PTP4A2;MXRA7;SYNC;TRIM33;VAMP3;ALDH9A1
ChEA_2016,CTNNB1 20615089 ChIP-ChIP FETAL BRAIN Human,8/637,0.7431926004278738,0.9296915567435262,0,0,0.8306727355881264,0.2465437077112021,PARG;CAPZA1;SDC3;TCTA;DYNLRB1;WIPI2;TMEM140;ATG12
ChEA_2016,CEBPB 22108803 ChIP-Seq LS180 Human,27/2000,0.7469691595848144,0.9296915567435262,0,0,0.8886060720830108,0.2592342760387893,CLIC5;CCDC69;FAM69A;TMEM140;HIGD1A;PAPSS2;MTDH;LRP6;SCP2;LEPROTL1;FYN;TEAD1;PTRF;GSTM3;ERAP1;EBF2;DNAJB14;WIPI2;MED13L;SETX;ALDH4A1;TCF4;ESYT1;STAMBP;CPEB3;SYNC;TRIM33
ChEA_2016,RING1B 27294783 Chip-Seq ESCs Mouse,27/2000,0.7469691595848144,0.9296915567435262,0,0,0.8886060720830108,0.2592342760387893,NPR3;AAAS;PCSK5;RMND5B;KCNV2;BBX;RGS20;FYN;UBXN4;PTRF;MEST;PLA2G12A;KCNB1;CAV1;NEK7;EBF2;VEZF1;EXT1;SETX;NELL2;RAP2A;NOVA1;ESYT1;CD46;IL6ST;ZCCHC2;ALDH9A1
ChEA_2016,VDR 24787735 ChIP-Seq THP-1 Human,10/805,0.7714934992166398,0.9583395810581696,0,0,0.8199956625460855,0.2127290421152025,EXT1;CST3;SCARB1;KCNV2;SSPN;RGS20;VLDLR;TNS3;SLC25A36;PIAS1
ChEA_2016,LMO2 26923725 Chip-Seq HEMANGIOBLAST Mouse,24/1822,0.7774573784916278,0.9638652879545326,0,0,0.8657929099966146,0.2179429800769156,SMAD2;NCKAP1;ANKRD46;ZFYVE9;SP140;NCOA3;CSE1L;CSTF2T;MED13L;STK3;EXT1;EEA1;MSRA;COX7A2L;ZEB1;GNAQ;SSPN;PKN2;PDE8B;TNS3;TRIM33;SKAP2;MON1B;VAMP3
ChEA_2016,NANOG 18347094 ChIP-ChIP MESCs Mouse,25/1908,0.7902725079235651,0.9647798645867608,0,0,0.8601844252401873,0.2024680133280939,CSE1L;PIK3R1;WASL;TMEM140;CLCN3;AURKA;CST3;UCHL1;ARL6IP5;SPIN1;MLX;PDE8B;TNS3;HEXIM1;NQO1;NTRK2;AKTIP;ATP11B;EXT1;TGFBR3;FEZ2;MXRA7;IL6ST;GRSF1;SLC25A36
ChEA_2016,ZFP42 18358816 ChIP-ChIP MESCs Mouse,19/1480,0.791781909963556,0.9647798645867608,0,0,0.8441081402344711,0.1970733292773704,HEXIM1;MOAP1;RRM1;HSPA4;ST8SIA3;PHKB;ATP2C1;MRPL24;MTDH;AURKA;ALDH3A2;RMND5B;COMMD9;TCF4;GRSF1;SLC25A36;FBXO9;DDR2;HIST1H1C
ChEA_2016,ESR1 17901129 ChIP-ChIP LIVER Mouse,5/444,0.7988995928555926,0.9647798645867608,0,0,0.7436392417281186,0.1669618878516156,EXT1;COX7A2L;GMFB;ACOX1;QPRT
ChEA_2016,HNF4A 19761587 ChIP-ChIP CACO-2 Human,14/1126,0.8013620669731893,0.9647798645867608,0,0,0.8182572822860593,0.1811968689674232,CLIC5;NCOA2;PON2;INPP4A;MSRA;COX7A2L;GRK4;ACOX1;SCD;EHHADH;ME1;PPIG;ZNF148;RREB1
ChEA_2016,WT1 19549856 ChIP-ChIP CCG9911 Human,2/199,0.8023432551949397,0.9647798645867608,0,0,0.6644295302013423,0.1463198496966673,TCF4;ATP2C1
ChEA_2016,NANOG 20526341 ChIP-Seq ESCs Human,26/2000,0.8070171194342087,0.9647798645867608,0,0,0.8520917918339879,0.1826973395925819,LEPROT;CELF2;CSTF2T;HIGD1A;TOB1;LRP6;AURKA;COMMD9;BAG5;NTHL1;FYN;UBXN4;PTRF;ZC3H14;HEXIM1;GSTM2;CAV1;USP22;MED13L;SCD;CAPZA1;TCF4;NDUFAF1;ESYT1;FBXL5;ALDH9A1
ChEA_2016,TP53 16413492 ChIP-PET HCT116 Human,5/449,0.8066800044188698,0.9647798645867608,0,0,0.7350740571079554,0.1579146470172502,EEA1;AKAP10;LASP1;GNAQ;ZCCHC2
ChEA_2016,RARA 24833708 ChIP-Seq LIVER Mouse,26/2000,0.8070171194342087,0.9647798645867608,0,0,0.8520917918339879,0.1826973395925819,RNF14;HFE;QPRT;CHD4;AAAS;EPX;YY1;GOLGA5;SESN1;LEPROTL1;MLX;TLK1;RNF130;PTRF;HIST1H1C;HEXIM1;SMAD3;KCNB1;NCOA3;PEX1;PTP4A2;ZEB1;EHHADH;SYNC;SERINC3;PCYOX1
ChEA_2016,BCOR 27268052 Chip-Seq Bcells Human,26/2000,0.8070171194342087,0.9647798645867608,0,0,0.8520917918339879,0.1826973395925819,CSTB;PCOLCE2;ZFYVE9;CCDC69;TTK;TOB2;SCPEP1;SCRN1;FYN;TNPO1;TNS3;PAK2;PTRF;LYPLA1;GSTM1;ANKRD46;HSPA4;USP22;H2AFV;WIPI2;SETX;RAB14;EXOC3;ESYT1;STAMBP;ALDH9A1
ChEA_2016,FLI1 26923725 Chip-Seq MACROPHAGESS Mouse,26/2000,0.8070171194342087,0.9647798645867608,0,0,0.8520917918339879,0.1826973395925819,CHD4;ATP2C1;PAPSS2;ARL6IP5;TLK1;TEAD1;BPTF;SPEN;NCOA2;NTRK2;GSTM2;USP22;ANXA11;DNAJB14;WIPI2;PIAS1;INPP4A;ALDH4A1;PTP4A2;PIN1;NDUFAF1;FKBP9;STAMBP;SYNC;IL6ST;ZCCHC2
ChEA_2016,SOX2 22085726 ChIP-Seq NPCs Mouse,26/2000,0.8070171194342087,0.9647798645867608,0,0,0.8520917918339879,0.1826973395925819,NFAT5;YWHAB;RNF14;HFE;TTK;LRP6;LASP1;NTHL1;DNAJB4;TPR;TLK1;RGS20;CD36;PTRF;TRPM3;FKTN;SMAD2;NCOA2;WWP1;MRPL24;LSM4;CAPZA1;GNAQ;TCF4;FBXL5;CD46
ChEA_2016,FOXA1 21915096 ChIP-Seq LNCaP-1F5 Human,26/2000,0.8070171194342087,0.9647798645867608,0,0,0.8520917918339879,0.1826973395925819,GMFB;ATP2C1;SLC4A4;SESN1;DNAJB4;BBX;ZNF148;ZC3H14;SMAD2;MOAP1;HSPA4;AKTIP;USP22;NEK7;H2AFV;ALDH3A2;ERP44;PTP4A2;NMT2;PKN2;TLL1;CPEB3;SERINC3;CUEDC1;TRIM33;MON1B
ChEA_2016,GATA3 21867929 ChIP-Seq TH1 Mouse,26/2000,0.8070171194342087,0.9647798645867608,0,0,0.8520917918339879,0.1826973395925819,NCKAP1;CSTB;PCOLCE2;POP4;CSE1L;WASL;TOB1;CHL1;ARL6IP5;MLX;NBN;PDE8B;RREB1;FKTN;MOAP1;LYPLA1;DENND2A;EBF2;H2AFV;MED13L;ALDH3A2;SLC25A16;PIN1;KIF20B;PTPN4;ALDH9A1
ChEA_2016,SMAD4 21741376 ChIP-Seq EPCs Human,26/2000,0.8070171194342087,0.9647798645867608,0,0,0.8520917918339879,0.1826973395925819,NCKAP1;HFE;ZFAND6;FAM69A;PAPSS2;KCNV2;COMMD9;CHL1;SESN1;LEPROTL1;NEK1;RREB1;TEAD1;ZC3H14;RAB2A;SMAD2;GSTM3;NCOA2;NQO1;SMAD3;EBF2;WNK1;GNAQ;PKN2;CUEDC1;SIDT2
ChEA_2016,ETV1 20927104 ChIP-Seq GIST48 Human,26/2000,0.8070171194342087,0.9647798645867608,0,0,0.8520917918339879,0.1826973395925819,DENND1B;LEPROT;PCOLCE2;ZFYVE9;TUFT1;SDC3;FAM69A;ZBTB48;F11R;EHBP1;SCP2;TPR;SPEN;NEK7;CACYBP;INPP4A;ALDH4A1;TGFBR3;PTP4A2;PKN2;SYNC;CD46;PTPN4;TRIM33;VAMP3;DDR2
ChEA_2016,PHF8 20622854 ChIP-Seq HELA Human,26/2000,0.8070171194342087,0.9647798645867608,0,0,0.8520917918339879,0.1826973395925819,CSTB;GMFB;ZFYVE9;ZFAND6;FAM69A;ITGAE;TMEM140;PPP1R9A;RMND5B;SCPEP1;SCP2;CTNNA1;ANKS1A;TNPO1;PTRF;RAB2A;PLA2G12A;HSPA4;USP22;ANXA11;H2AFV;SETX;RAB14;ESYT1;CPEB3;RHOQ
ChEA_2016,POU5F1 16518401 ChIP-PET MESCs Mouse,20/1550,0.7899274752642004,0.9647798645867608,0,0,0.8482726423902894,0.2000346846672814,SPEN;SCARB1;BAD;H2AFV;CSTF2T;VEZF1;PIK3R1;COMT;MRPL24;TOB1;EXT1;TGFBR3;BAG5;CHL1;GNAQ;PSMC2;IL6ST;TEAD1;FBXO9;MON1B
ChEA_2016,SMAD3 21741376 ChIP-Seq EPCs Human,21/1613,0.7818925134303125,0.9647798645867608,0,0,0.856135516291133,0.2106418690788824,RAB2A;SMAD2;NCKAP1;NQO1;PIK3R1;VLDLR;MYRIP;EXT1;NELL2;KCNV2;LASP1;PDZD2;LEPROTL1;DNAJB4;PHACTR2;TCF4;TNS3;RREB1;CUEDC1;MON1B;VAMP3
ChEA_2016,NR0B1 18358816 ChIP-ChIP MESCs Mouse,22/1691,0.7877378016755329,0.9647798645867608,0,0,0.8549512696613231,0.2039828093086321,HEXIM1;LYPLA1;TUFT1;EBF2;ATP11B;TTK;COMT;TOB1;AES;CST3;RMND5B;MSRA;UCHL1;LASP1;ARL6IP5;CTNNA1;NMT2;IL6ST;GRSF1;RREB1;PTRF;SLC25A36
ChEA_2016,ERG 20517297 ChIP-Seq VCAP Human,13/1062,0.8113852031780501,0.9681819685201496,0,0,0.8053563539857106,0.1683294358424154,RAB2A;NCOA2;LYPLA1;HFE;ZFAND6;CAV1;LEPROTL1;BBX;FAM63A;RGS20;CDK13;CEP290;SCAI
ChEA_2016,PRDM14 20953172 ChIP-Seq ESCs Human,22/1723,0.8149204865506856,0.9705794558918278,0,0,0.8373787742292939,0.1713819032603194,CLIC5;ANKRD46;ZFAND6;CELF2;CCDC69;SDC3;PHKB;PIK3R1;PEX1;DYNLL1;SLC4A4;LRP6;EXT1;MSRA;PTP4A2;CCDC91;RASA1;EHHADH;CTNNA1;FYN;TRPM3;FERMT2
ChEA_2016,ZNF652 21678463 ChIP-ChIP ZR75-1 Human,1/112,0.8168540473085245,0.9710638768004142,0,0,0.5902256771821989,0.1193996117307946,DNAJB4
ChEA_2016,RNF2 16625203 ChIP-ChIP MESCs Mouse,15/1219,0.8202002736610651,0.9732227127769354,0,0,0.8085329603077461,0.1602566760781484,GMFB;SMAD3;TUFT1;CAV1;ST8SIA3;NPR3;EBF2;CLCN3;PCSK5;PLSCR4;RGS20;TLL1;FBXL5;PTRF;CUEDC1
ChEA_2016,CEBPB 20176806 ChIP-Seq THIOMACROPHAGE Mouse,20/1588,0.8228658183248212,0.9745673379042576,0,0,0.8259839650145773,0.1610355942388751,SCARB1;NFAT5;GSTM2;SMAD3;BAD;SP140;CCDC69;CACYBP;AES;TGFBR3;TST;GNAQ;MXRA7;TRIM16;DYNLRB1;SYNC;PTRF;ZC3H14;PCYOX1;KLHDC10
ChEA_2016,AR 21909140 ChIP-Seq LNCAP Human,3/298,0.8272517314474053,0.9779407085512076,0,0,0.6644410203732237,0.1260087406618688,YWHAB;PRIM1;TLK1
ChEA_2016,XRN2 22483619 ChIP-Seq HELA Human,19/1529,0.8340625603797653,0.9841628727301126,0,0,0.814522401074686,0.1477925377689244,KDM5A;RTN3;HSPA4;KIAA1033;WWP1;H2AFV;GTPBP8;WASL;AAAS;TMEM140;TOB2;MRPL24;COX7A2L;DNAJB4;ESYT1;PPIG;KIF20B;SPTAN1;TRIM33
ChEA_2016,HCFC1 20581084 ChIP-Seq MESCs Mouse,3/306,0.8404985010842639,0.9875409827215832,0,0,0.6466313297996467,0.1123587306701949,HSPA4;PRIM1;CSTF2T
ChEA_2016,RARG 19884340 ChIP-ChIP MEFs Mouse,4/390,0.839638128035631,0.9875409827215832,0,0,0.6761658031088082,0.1181831530051469,TRIM16;F11R;RHOQ;HIST1H1C
ChEA_2016,NANOG 16153702 ChIP-ChIP HESCs Human,21/1686,0.8423746999295477,0.9875409827215832,0,0,0.8152991701378798,0.1398485535863737,NFAT5;SMAD3;PARG;HSPA4;CAV1;NEK7;VLDLR;PEX1;F11R;PAPSS2;EHBP1;INPP4A;BAG5;RASA1;LEPROTL1;CDC16;PSMC2;RGS20;TRIM16;TNPO1;TRPM3
ChEA_2016,ELF1 20517297 ChIP-Seq JURKAT Human,12/1020,0.8431364050594649,0.9875409827215832,0,0,0.7726521164021164,0.1318349456432254,SPEN;CSTB;SCPEP1;SCP2;TST;QPRT;FAM69A;TCTA;STAMBP;ITGAE;PEX1;HRAS
ChEA_2016,BCL6 27268052 Chip-Seq Bcells Human,25/2000,0.8579715976871193,0.9934840118582045,0,0,0.8158803222094362,0.1249800421476819,KDM5A;CSTB;RTN3;PCOLCE2;CSE1L;ITGAE;HIGD1A;TOB2;ATP2C1;SCPEP1;SCP2;SCRN1;MLX;TNPO1;TNS3;LYPLA1;GSTM1;ANKRD46;HSPA4;H2AFV;PIAS1;SETX;RAB14;EXOC3;STAMBP
ChEA_2016,EZH2 27304074 Chip-Seq ESCs Mouse,10/885,0.8593403881849088,0.9934840118582045,0,0,0.741871921182266,0.112460493992331,NTRK2;CHL1;TMEM33;NPR3;EBF2;TLL1;SYNC;CHRDL1;PTRF;SMAD5
ChEA_2016,SPI1 26923725 Chip-Seq HPCs Mouse,25/2000,0.8579715976871193,0.9934840118582045,0,0,0.8158803222094362,0.1249800421476819,HFE;QPRT;UQCR10;TOB2;ATP2C1;MYL12B;KCNV2;COMMD9;TNS3;RNF130;PTRF;ZC3H14;BPTF;KLHDC10;GSTM3;GSTM1;DENND2A;CACYBP;PHKB;PIAS1;INPP4A;PTP4A2;PSMC2;GRSF1;FERMT2
ChEA_2016,FLI1 21867929 ChIP-Seq CD8 Mouse,25/2000,0.8579715976871193,0.9934840118582045,0,0,0.8158803222094362,0.1249800421476819,RNF14;PON2;QPRT;WASL;TOB2;MTDH;MYL12B;YY1;RMND5B;AKAP10;FBXO9;KLHDC10;ANKRD46;CAV1;DENND2A;VEZF1;DYNLL1;EXT1;ALDH4A1;SLC25A16;ZEB1;FEZ2;PTPN4;RHOQ;TRIM33
ChEA_2016,MYC 19829295 ChIP-Seq ESCs Human,25/2000,0.8579715976871193,0.9934840118582045,0,0,0.8158803222094362,0.1249800421476819,DENND1B;CSTB;RNF14;ZFAND6;FAM69A;TOB2;ATP2C1;AURKA;KCNV2;PDZD2;TLK1;CD36;RREB1;AKTIP;USP22;DENND2A;HUS1;ERP44;TMEM33;EHHADH;EXOC3;TCF4;ESYT1;SERINC3;RHOQ
ChEA_2016,TAF2 19829295 ChIP-Seq ESCs Human,25/2000,0.8579715976871193,0.9934840118582045,0,0,0.8158803222094362,0.1249800421476819,KDM5A;GMFB;KIAA1033;ZBTB20;PIK3R1;AAAS;CLCN3;AURKA;EEA1;KCNV2;ARL6IP5;MLX;CTNNA1;UBXN4;PDE8B;NEK7;ERAP1;ATG12;GLB1L;TMBIM4;TCF4;ZNF358;FBXL5;PCYOX1;ALDH9A1
ChEA_2016,VDR 22108803 ChIP-Seq LS180 Human,1/130,0.860707060587847,0.9934840118582045,0,0,0.507401934095564,0.0761108300161736,TMEM33
ChEA_2016,PBX 27287812 Chip-Seq EMBYONIC-LIMB Mouse,25/2000,0.8579715976871193,0.9934840118582045,0,0,0.8158803222094362,0.1249800421476819,LEPROT;WRB;UQCR10;PAPSS2;YY1;KCNV2;LASP1;SESN1;BBX;TEAD1;BPTF;NCOA2;AKTIP;ANXA11;AES;INPP4A;ALDH3A2;EXT2;ZEB1;NOVA1;PIN1;TRIM16;DYNLRB1;CUEDC1;MON1B
ChEA_2016,ZNF274 21170338 ChIP-Seq K562 Hela,3/327,0.8711745820663063,0.9951694552753476,0,0,0.6040653448060855,0.0833083935622631,MOAP1;ZNF492;CELF2
ChEA_2016,RUNX1 20887958 ChIP-Seq HPC-7 Mouse,13/1120,0.8638232703759385,0.9951694552753476,0,0,0.7607873872002366,0.1113694435629541,KDM5A;F11R;EHBP1;SETX;TMBIM4;WNK1;ACOX1;GNAQ;ARL6IP5;ESYT1;CUEDC1;ZCCHC2;FBXO9
ChEA_2016,DNAJC2 21179169 ChIP-ChIP NT2 Human,10/899,0.8715556392898876,0.9951694552753476,0,0,0.7296458632326132,0.1003084830821176,NQO1;CNTNAP2;NTRK2;SCD;PON2;SDC3;RAB9A;TCF4;VLDLR;CUEDC1
ChEA_2016,NOTCH1 17114293 ChIP-ChIP T-ALL Human,1/134,0.8689312154605396,0.9951694552753476,0,0,0.4920411396383936,0.0691275045374672,MRPL24
ChEA_2016,KLF4 19030024 ChIP-ChIP MESCs Mouse,18/1502,0.8685643472552785,0.9951694552753476,0,0,0.7835063370992716,0.1104067032387265,HEXIM1;LEPROT;RRM1;HSPA4;ZFAND6;USP22;NPR3;EBF2;TOB2;EXT1;ALDH3A2;AKAP10;LASP1;NMT2;RGS20;IL6ST;MEST;HIST1H1C
ChEA_2016,RCOR1 19997604 ChIP-ChIP NEURONS Mouse,30/2378,0.8676278114000171,0.9951694552753476,0,0,0.8211243611584327,0.1165934556797758,YWHAB;POP4;PON2;CSTF2T;EEA1;CST3;SCPEP1;SESN1;DNAJB4;NBN;TNPO1;SMAD2;PLA2G12A;KCNB1;ATP11B;PHKB;VEZF1;MINA;EXT1;TJP1;SLC25A16;NELL2;GNAQ;PSMC2;NMT2;FBXL5;GRSF1;PTPN4;SLC25A36;SIDT2
ChEA_2016,TBP 23326641 ChIP-Seq C3H10T1-2 Mouse,12/1057,0.874287255822162,0.9955913201708304,0,0,0.7438197767145136,0.0999294269373308,HEXIM1;LASP1;PLA2G12A;WNK1;PSMC2;ARL6IP5;MLX;BBX;DNAJB14;TCF4;CHD4;TOB2
ChEA_2016,SUZ12 18555785 ChIP-Seq MESCs Mouse,12/1058,0.8750558930432298,0.9955913201708304,0,0,0.7430688336520076,0.0991755521140028,TGFBR3;NELL2;CHL1;KCNB1;CAV1;NPR3;PARVA;TLL1;VLDLR;MYRIP;SLC4A4;PTRF
ChEA_2016,SMAD2/3 21741376 ChIP-Seq EPCs Human,24/2000,0.8993727400212127,0.9985478831435708,0,0,0.779968315437423,0.0827216566651747,GSTM3;NQO1;NFAT5;RRM1;KCNB1;ZFAND6;EBF2;PHKB;PIK3R1;EEA1;NELL2;KCNV2;GNAQ;LEPROTL1;BBX;PHACTR2;PKN2;TCF4;TLL1;TNS3;RREB1;TEAD1;MON1B;VAMP3
ChEA_2016,SPI1 20517297 ChIP-Seq HL60 Human,14/1249,0.9003513308462024,0.9985478831435708,0,0,0.7318875456527278,0.0768263997743193,SMAD2;GSTM1;KCNB1;YWHAB;DENND2A;ZBTB20;MYL12B;PIAS1;EEA1;NELL2;NIPBL;CAPZA1;TMEM106B;CEP290
ChEA_2016,YY1 22570637 ChIP-Seq MALME-3M Human,8/1049,0.9902419173926612,0.9985478831435708,0,0,0.4910715460634532,0.0048154498897658,SPEN;TST;KCNB1;HSPA4;CAPZA1;PHACTR2;CEP290;AURKA
ChEA_2016,KAP1 22055183 ChIP-Seq ESCs Mouse,19/2000,0.9906976639364674,0.9985478831435708,0,0,0.6047863960291812,0.0056522568486899,ATF7IP;NQO1;TUFT1;POP4;SP140;NPR3;MYRIP;PPP1R9A;EXT2;NIPBL;RAP2A;SCP2;GNAQ;TPR;RGS20;DYNLRB1;TNPO1;MEST;ALDH9A1
ChEA_2016,CTCF 20526341 ChIP-Seq ESCs Human,19/2000,0.9906976639364674,0.9985478831435708,0,0,0.6047863960291812,0.0056522568486899,HEXIM1;CSTB;NFAT5;GMFB;ZFYVE9;CSE1L;ST8SIA3;CHD4;F11R;HIGD1A;PIAS1;LRP6;AURKA;LASP1;NTHL1;NOVA1;TMEM106B;PHACTR2;DDR2
ChEA_2016,POU5F1 16153702 ChIP-ChIP HESCs Human,4/622,0.9849175983936204,0.9985478831435708,0,0,0.4172570628881308,0.0063411798282678,BAG5;PARG;TCF4;PTRF
ChEA_2016,JARID2 20075857 ChIP-Seq MESCs Mouse,11/1258,0.9837531022474804,0.9985478831435708,0,0,0.5632424392937514,0.0092260946396151,TGFBR3;NELL2;NTRK2;NPR3;EBF2;MYRIP;SLC4A4;RREB1;PCSK5;PTRF;LRP6
ChEA_2016,STAT3 20064451 ChIP-Seq CD4+T Mouse,22/2204,0.9877852375697376,0.9985478831435708,0,0,0.6353421387546242,0.0078083394741659,ATF7IP;DENND1B;USP8;NTRK2;NCOA3;ATP11B;PIK3R1;AES;EEA1;YY1;GOLGA5;WNK1;GNAQ;RASA1;EXOC3;TLK1;FYN;FKBP9;IL6ST;RREB1;PTRF;SKAP2
ChEA_2016,EGR1 19032775 ChIP-ChIP M12 Human,1/276,0.9850101897147512,0.9985478831435708,0,0,0.2362420188507145,0.0035680324238221,SPTAN1
ChEA_2016,SOX2 16153702 ChIP-ChIP HESCs Human,11/1278,0.9862466774758908,0.9985478831435708,0,0,0.5537506520320186,0.0076687685590268,LASP1;SMAD3;PARG;RNF14;ACOX1;RASA1;PSMC2;TRIM16;PCSK5;LSM4;TRPM3
ChEA_2016,CBP 20019798 ChIP-Seq JUKART Human,10/1000,0.9364368283368354,0.9985478831435708,0,0,0.6516893068617207,0.0427985315929802,EXT1;NELL2;MSRA;UCHL1;NIPBL;RRM1;SCRN1;RASA1;KCNA4;DNAJB14
ChEA_2016,IRF4 20064451 ChIP-Seq CD4+T Mouse,10/1000,0.9364368283368354,0.9985478831435708,0,0,0.6516893068617207,0.0427985315929802,EXT1;NELL2;MSRA;UCHL1;NIPBL;RRM1;SCRN1;RASA1;KCNA4;DNAJB14
ChEA_2016,RBPJ 21746931 ChIP-Seq IB4-LCL Human,23/2013,0.9361916061807996,0.9985478831435708,0,0,0.7389474448052537,0.0487225854882844,L3MBTL1;SPEN;CSTB;GSTM1;ANKRD46;SCAF11;CSE1L;WASL;SMAD5;PIAS1;LRP6;KCNV2;NTHL1;RASA1;LEPROTL1;EXOC3;PHACTR2;TLK1;FYN;UBXN4;TEAD1;FERMT2;ALDH9A1
ChEA_2016,VDR 20736230 ChIP-Seq LYMPHOBLASTOID Human,4/483,0.933882545195206,0.9985478831435708,0,0,0.5422614681487333,0.0370931805973518,SETX;RRM1;ACOX1;PKN2
ChEA_2016,SPI1 26923725 Chip-Seq MACROPHAGESS Mouse,23/2000,0.9315314428578748,0.9985478831435708,0,0,0.7443524722028965,0.0527934480242414,GSTM3;GSTM1;ANKRD46;KCNB1;CSE1L;DENND2A;MINA;MYRIP;ATP2C1;PIAS1;PTP4A2;KCNV2;LASP1;ZEB1;GNAQ;CDC16;SSPN;YIPF6;TLK1;GRSF1;DDR2;BPTF;ALDH9A1
ChEA_2016,SA1 27219007 Chip-Seq ERYTHROID Human,24/2000,0.8993727400212127,0.9985478831435708,0,0,0.779968315437423,0.0827216566651747,SPEN;GSTM3;SCARB1;ZFYVE9;TUFT1;CELF2;SDC3;FAM69A;ZBTB48;ANXA11;CACYBP;PIK3R1;MRPL24;ALDH4A1;EXT2;PTP4A2;UCHL1;LASP1;SESN1;ESYT1;SYNC;TRIM33;VAMP3;ALDH9A1
ChEA_2016,RUNX1 22897851 ChIP-Seq JUKARTE6-1 Human,24/2000,0.8993727400212127,0.9985478831435708,0,0,0.779968315437423,0.0827216566651747,NQO1;YWHAB;TUFT1;FAM69A;ATRX;ERAP1;TTK;PIK3R1;EPX;PIAS1;INPP4A;SETX;ALDH4A1;COMMD9;SCRN1;EHHADH;EXOC3;STAMBP;CDK13;UBXN4;TEAD1;PAK2;PTRF;KLHDC10
ChEA_2016,TCF12/HEB 22897851 ChIP-Seq JUKARTE6-1 Human,24/2000,0.8993727400212127,0.9985478831435708,0,0,0.779968315437423,0.0827216566651747,RAB2A;NQO1;CELF2;CCDC69;ANXA11;TTK;PIK3R1;PEX1;DYNLL1;PIAS1;SETX;PTP4A2;COX7A2L;DYNC1LI2;SCRN1;WNK1;RASA1;CTNNA1;FYN;CDK13;IL6ST;TEAD1;PTRF;KLHDC10
ChEA_2016,RNF2 27304074 Chip-Seq ESCs Mouse,17/1467,0.8939453702335765,0.9985478831435708,0,0,0.7560618983794322,0.084762562739795,SMAD2;NTRK2;CAV1;ST8SIA3;NPR3;EBF2;VLDLR;MYRIP;SMAD5;TOB1;NELL2;TMEM33;RGS20;CPEB3;PDE8B;RREB1;RNF130
ChEA_2016,TAL1 22897851 ChIP-Seq JUKARTE6-1 Human,24/2000,0.8993727400212127,0.9985478831435708,0,0,0.779968315437423,0.0827216566651747,RAB2A;NQO1;HSPA4;YWHAB;ZFAND6;CELF2;CCDC69;ANXA11;H2AFV;TTK;PIK3R1;PEX1;DYNLL1;CLCN3;PIAS1;EEA1;PTP4A2;SCD;EXOC3;CDK13;UBXN4;TEAD1;FBXO9;KLHDC10
ChEA_2016,CEBPA 26348894 ChIP-Seq LIVER Mouse,24/2000,0.8993727400212127,0.9985478831435708,0,0,0.779968315437423,0.0827216566651747,LEPROT;RRM1;CAV1;WWP1;PARVA;UBE3A;DNAJB14;MINA;WASL;PPP1R9A;SMAD5;MYL12B;NELL2;NIPBL;SCRN1;PPAT;ARL6IP5;YIPF6;TCTA;ANKS1A;SYNC;GRSF1;PCYOX1;KLHDC10
ChEA_2016,GABP 17652178 ChIP-ChIP JURKAT Human,11/1001,0.8902074146599563,0.9985478831435708,0,0,0.7193387158785083,0.0836596632564253,TMEM33;ACOX1;LEPROTL1;CDC16;PSMC2;EXOC3;CSTF2T;CACYBP;ATP11B;STAMBP;MRPL24
ChEA_2016,PPARG 20176806 ChIP-Seq THIOMACROPHAGE Mouse,9/837,0.8851134029611731,0.9985478831435708,0,0,0.7049155834453907,0.0860275476327155,SCPEP1;DENND2A;WASL;CPEB3;TMEM140;PTRF;MTDH;AES;PIAS1
ChEA_2016,MYC 19079543 ChIP-ChIP MESCs Mouse,17/1458,0.8885402517551366,0.9985478831435708,0,0,0.7611591871565437,0.0899502376444437,HEXIM1;RTN3;NFAT5;RRM1;GMFB;KCNB1;HSPA4;ZFAND6;CACYBP;UBE3A;WIPI2;MTDH;AURKA;COX7A2L;AKAP10;IL6ST;SLC25A36
ChEA_2016,RCOR3 21632747 ChIP-Seq MESCs Mouse,36/2851,0.8886009909154468,0.9985478831435708,0,0,0.8179396092362344,0.0966043716206912,DENND1B;SCARB1;WRB;QPRT;AAAS;SLC5A3;TOB1;MTDH;YY1;NIPBL;LASP1;CHL1;BBX;TNS3;RREB1;RNF130;ZC3H14;TRPM3;HIST1H1C;RAB2A;ATF7IP;NTRK2;NCOA3;AKTIP;USP22;ST8SIA3;H2AFV;MED13L;AES;SETX;PTP4A2;ZEB1;RAB14;SYNC;FERMT2;VAMP3
ChEA_2016,NOTCH1 21737748 ChIP-Seq TLL Human,2/245,0.8848825810308534,0.9985478831435708,0,0,0.5373822741458834,0.0657220238635125,SESN1;NR1D2
ChEA_2016,REST 18959480 ChIP-ChIP MESCs Mouse,35/2868,0.924498479335837,0.9985478831435708,0,0,0.7863455634070157,0.0617311722490674,CNTNAP2;NFAT5;PARG;ZBTB20;CSTF2T;PIK3R1;EPX;TOB2;ATP2C1;EEA1;YY1;NIPBL;GOLGA5;CHL1;RGS20;TEAD1;TRPM3;SMAD2;NTRK2;LYPLA1;KCNB1;HSPA4;ST8SIA3;DENND2A;CACYBP;PHKB;WIPI2;MYRIP;SMAD5;INPP4A;NELL2;MSRA;TLL1;STAMBP;VAMP3
ChEA_2016,TFAP2A 17053090 ChIP-ChIP MCF-7 Human,22/1904,0.9234723332157758,0.9985478831435708,0,0,0.7492335568314743,0.0596498088651796,ATF7IP;RTN3;MOAP1;RRM1;CETN2;VPS4B;USP22;CHD4;DYNLL1;TOB2;CHRDL1;SCPEP1;DYNC1LI2;WNK1;ACOX1;YIPF6;SLC39A6;NDUFAF1;PTRF;ZCCHC2;MON1B;SIDT2
ChEA_2016,TP53 20018659 ChIP-ChIP R1E Mouse,12/1122,0.9169420144261392,0.9985478831435708,0,0,0.6978228228228228,0.0605089446011378,ALDH4A1;TGFBR3;NELL2;NTRK2;LASP1;SMAD3;CAV1;NPR3;EBF2;TLL1;AAAS;SYNC
ChEA_2016,CTNNB1 24651522 ChIP-Seq LGR5+ INTESTINAL STEM Human,1/162,0.9144261523468998,0.9985478831435708,0,0,0.4058871185525249,0.0363100797281464,FYN
ChEA_2016,MYC 19915707 ChIP-ChIP AK7 Human,37/2979,0.9121324750892772,0.9985478831435708,0,0,0.8013560005479834,0.073700744773612,RNF14;TUFT1;HFE;UBE3A;PIK3R1;AAAS;EPX;CST3;RMND5B;SCPEP1;CCDC91;NEK1;RGS20;TNS3;RNF130;GSTM3;LYPLA1;EBF2;ANXA11;NR1D2;VEZF1;WIPI2;DYNLL1;NPM3;LSM4;SMAD5;INPP4A;ALDH4A1;NELL2;PSMC2;SSPN;TMEM106B;TRIM16;FKBP9;SCLY;SYNC;CUEDC1
ChEA_2016,E2F1 20622854 ChIP-Seq HELA Human,23/2000,0.9315314428578748,0.9985478831435708,0,0,0.7443524722028965,0.0527934480242414,NQO1;LYPLA1;ZFYVE9;HSPA4;NCOA3;PON2;USP22;H2AFV;MED13L;SETX;RMND5B;SCPEP1;SCP2;RAB14;EXOC3;NDUFAF1;ESYT1;ZNF148;PDE8B;TNS3;PAK2;PTRF;TRIM33
ChEA_2016,RARB 24833708 ChIP-Seq LIVER Mouse,23/2000,0.9315314428578748,0.9985478831435708,0,0,0.7443524722028965,0.0527934480242414,ATF7IP;GSTM3;MOAP1;LYPLA1;PCOLCE2;HUS1;GTPBP8;PEX1;AAAS;TOB1;LRP6;INPP4A;CST3;SESN1;LEPROTL1;BBX;EXOC3;PIN1;TLK1;SYNC;SERINC3;TNS3;HIST1H1C
ChEA_2016,LMO2 26923725 Chip-Seq MACROPHAGESS Mouse,4/473,0.9269421653576974,0.9985478831435708,0,0,0.5541116809773526,0.042037186417672,NFAT5;GRK4;PHKB;SYNC
ChEA_2016,IKZF1 21737484 ChIP-ChIP HCT116 Human,1/155,0.9047960162244522,0.9985478831435708,0,0,0.4244885549233375,0.0424682788681493,HIGD1A
ChEA_2016,THAP11 20581084 ChIP-Seq MESCs Mouse,9/864,0.9051160142760274,0.9985478831435708,0,0,0.6816784228612769,0.0679579882162339,HEXIM1;COMMD9;WNK1;PRIM1;SESN1;TPR;CACYBP;CPEB3;TROVE2
ChEA_2016,PBX1 22567123 ChIP-ChIP OVCAR3 Human,28/2299,0.9015633027412968,0.9985478831435708,0,0,0.7900316004869583,0.0818670399721489,CNTNAP2;RNF14;POP4;NPR3;KCNA4;ZBTB20;F11R;EHBP1;PDZD2;BBX;FAM63A;RGS20;FYN;TNS3;SPTAN1;LYPLA1;H2AFV;DNAJB14;ATP11B;WIPI2;ALDH4A1;MSRA;NOVA1;TRIM16;ZNF358;CD46;SERINC3;DDR2
ChEA_2016,MYC 27129775 Chip-Seq CORNEA Mouse,22/2000,0.9553706643220428,0.9985478831435708,0,0,0.7090295407758728,0.0323713701998479,RRM1;KCNB1;POP4;ANXA11;ATP11B;CHD4;TOB2;TOB1;YY1;RAP2A;LASP1;ZEB1;GLB1L;DNAJB4;MLX;BBX;TCF4;PDE8B;CUEDC1;RHOQ;VAMP3;HIST1H1C
ChEA_2016,EED 16625203 ChIP-ChIP MESCs Mouse,7/830,0.9680581448265378,0.9985478831435708,0,0,0.5479785517896317,0.0177890970679222,NTRK2;TUFT1;CAV1;ST8SIA3;EBF2;RGS20;PTRF
ChEA_2016,OCT4 19829295 ChIP-Seq ESCs Human,20/2000,0.983503794542309,0.9985478831435708,0,0,0.6392496392496393,0.010633139755139,RTN3;CSE1L;AKTIP;UBE3A;MED13L;AES;SETX;YY1;SCPEP1;COMMD9;ZNF329;NMT2;STAMBP;CDK13;PDE8B;TEAD1;SPTAN1;RHOQ;HTATIP2;BMPR1A
ChEA_2016,EZH2 27294783 Chip-Seq ESCs Mouse,20/2000,0.983503794542309,0.9985478831435708,0,0,0.6392496392496393,0.010633139755139,NTRK2;KCNB1;CAV1;CELF2;CCDC69;ST8SIA3;ERAP1;EBF2;VLDLR;MYRIP;PPP1R9A;PCSK5;NELL2;LEPROTL1;RGS20;PDE8B;RNF130;PTRF;MEST;ALDH9A1
ChEA_2016,NCOR 22424771 ChIP-Seq 293T Human,20/2000,0.983503794542309,0.9985478831435708,0,0,0.6392496392496393,0.010633139755139,USP8;CNTNAP2;RRM1;PARG;TUFT1;WWP1;ITGAE;AAAS;EPX;NELL2;UCHL1;RAB14;MAFG;CDC16;TRIM16;NDUFAF1;ESYT1;ANKS1A;GRSF1;HTATIP2
ChEA_2016,CBX2 27304074 Chip-Seq ESCs Mouse,7/840,0.9708118492340088,0.9985478831435708,0,0,0.5411133736771159,0.0160291847879856,SMAD2;CHL1;NOVA1;SP140;EBF2;NR1D2;CHRDL1
ChEA_2016,SUZ12 16625203 ChIP-ChIP MESCs Mouse,12/1270,0.9710758504503376,0.9985478831435708,0,0,0.6108240593534712,0.0179281124562318,PTP4A2;NTRK2;CAV1;SDC3;ST8SIA3;NPR3;EBF2;RGS20;TLL1;PCSK5;PTRF;CUEDC1
ChEA_2016,MYCN 19997598 ChIP-ChIP NEUROBLASTOMA Human,1/234,0.9714883879360966,0.9985478831435708,0,0,0.2794292850273444,0.0080827611465151,EXT1
ChEA_2016,FOXA1 27197147 Chip-Seq ENDOMETRIOID-ADENOCARCINOMA Human,4/594,0.9794394861415237,0.9985478831435708,0,0,0.4377004122766834,0.0090931489692835,CLIC5;PTP4A2;CPEB3;CUEDC1
ChEA_2016,RNF2 27304074 Chip-Seq NSC Mouse,9/1052,0.978641316858401,0.9985478831435708,0,0,0.5532316572930979,0.011944316095747,NELL2;ANKRD46;CHL1;TMEM33;EBF2;ATP11B;CD36;ZCCHC2;BMPR1A
ChEA_2016,GATA1 26923725 Chip-Seq HPCs Mouse,1/226,0.9677787704971634,0.9985478831435708,0,0,0.2894834633965069,0.0094810931198546,NCOA3
ChEA_2016,SRY 25088423 ChIP-ChIP EMBRYONIC GONADS Mouse,36/3083,0.9618240030798378,0.9985478831435708,0,0,0.7452785153802548,0.0290090674314419,CSTB;SCARB1;LEPROT;CCDC69;NPR3;ZBTB48;PPP1R9A;SLC4A4;SLC5A3;MTDH;MYL12B;COMMD9;MLX;ARHGEF40;RREB1;PTRF;TRPM3;NTRK2;RRM1;GSTM1;AKTIP;GTPBP6;EBF2;HUS1;NAGA;NR1D2;MRPL24;TJP1;NELL2;DYNC1LI2;FEZ2;ESYT1;STAMBP;SYNC;RHOQ;DDR2
ChEA_2016,CTCF 27219007 Chip-Seq Bcells Human,22/2000,0.9553706643220428,0.9985478831435708,0,0,0.7090295407758728,0.0323713701998479,DENND1B;SCARB1;WRB;CELF2;SDC3;ZBTB48;ANXA11;PARVA;CHD4;MRPL24;LRP6;ALDH4A1;TJP1;YY1;SLC25A16;PTP4A2;TPR;ESYT1;CDK13;HRAS;PTRF;BMPR1A
ChEA_2016,SPI1 22096565 ChIP-ChIP GC-B Mouse,18/1676,0.951299775609518,0.9985478831435708,0,0,0.694582039370685,0.034677733908959,HEXIM1;NFAT5;ANXA11;NAGA;TOB2;PIAS1;TJP1;RMND5B;AKAP10;RAP2A;SCP2;TMEM33;CAPZA1;PSMC2;TPR;ARL6IP5;FYN;PAK2
ChEA_2016,JARID2 20064375 ChIP-Seq MESCs Mouse,11/1117,0.9509698578754456,0.9985478831435708,0,0,0.6399006363528286,0.0321696684619247,TGFBR3;NELL2;NTRK2;NPR3;EBF2;TLL1;MYRIP;CPEB3;PDE8B;SLC4A4;EHBP1
ChEA_2016,SRY 22984422 ChIP-ChIP TESTIS Rat,1/197,0.9498205513780198,0.9985478831435708,0,0,0.3328100470957614,0.0171337952425164,GSTM3
ChEA_2016,TP53 22573176 ChIP-Seq HFKS Human,14/1348,0.9470208434547605,0.9985478831435708,0,0,0.6739392541491492,0.0366853280103039,KDM5A;RTN3;MOAP1;CELF2;CCDC69;NPR3;GTPBP8;NELL2;ZEB1;ACOX1;STAMBP;ZNF148;SYNC;SKAP2
ChEA_2016,IRF8 22096565 ChIP-ChIP GC-B Mouse,7/772,0.9469265752740758,0.9985478831435708,0,0,0.5913359655580093,0.0322477516460166,TMBIM4;HUS1;CSTF2T;TTK;AAAS;TOB2;TROVE2
ChEA_2016,CEBPB 26923725 Chip-Seq MACROPHAGESS Mouse,22/2000,0.9553706643220428,0.9985478831435708,0,0,0.7090295407758728,0.0323713701998479,ATF7IP;GSTM3;GSTM2;LEPROT;GSTM1;PCOLCE2;CSE1L;ZFAND6;WWP1;INPP4A;MSRA;PTP4A2;LASP1;LEPROTL1;CDC16;SSPN;ME1;TMEM106B;SERINC3;TNS3;PTRF;RHOQ
ChEA_2016,EBNA1 20929547 Chip-Seq RAJI-cells Human,22/2000,0.9553706643220428,0.9985478831435708,0,0,0.7090295407758728,0.0323713701998479,NCKAP1;SCARB1;MOAP1;ZNF492;ANKRD46;PRIM1;NAGA;VEZF1;LRP6;YY1;TGFBR3;EXT2;MSRA;COX7A2L;CTNNA1;NEK1;ESYT1;DYNLRB1;TNS3;VAMP3;DDR2;SIDT2
ChEA_2016,BCL6 25482012 ChIP-Seq CML-JURL-MK1 Human,22/2000,0.9553706643220428,0.9985478831435708,0,0,0.7090295407758728,0.0323713701998479,GSTM2;RRM1;ZFYVE9;CCDC69;FAM69A;DENND2A;ERAP1;H2AFV;CLCN3;ATP2C1;SCPEP1;NIPBL;COMMD9;SCRN1;SSPN;TNS3;RREB1;PAK2;PTRF;SKAP2;KLHDC10;BMPR1A
ChEA_2016,RXRA 24833708 ChIP-Seq LIVER Mouse,20/2000,0.983503794542309,0.9985478831435708,0,0,0.6392496392496393,0.010633139755139,HEXIM1;USP8;RTN3;GSTM2;PCOLCE2;HFE;H2AFV;GTPBP8;CHD4;AAAS;EPX;TOB1;KCNV2;GOLGA5;SESN1;RREB1;RNF130;PTRF;PCYOX1;BPTF
ChEA_2016,SUZ12 18692474 ChIP-Seq MESCs Mouse,19/1909,0.9822367970653136,0.9985478831435708,0,0,0.6371613097591745,0.0114197543256967,NTRK2;CAV1;PON2;ST8SIA3;NPR3;EBF2;PARVA;VLDLR;MYRIP;SLC4A4;TGFBR3;NELL2;RGS20;TLL1;PDE8B;RREB1;RNF130;PTRF;CUEDC1
ChEA_2016,NANOG 16518401 ChIP-PET MESCs Mouse,40/3520,0.9816609400595132,0.9985478831435708,0,0,0.7170645446507515,0.0132723664600433,CLIC5;CSTB;NFAT5;TUFT1;PON2;NPR3;ZBTB20;F11R;PPP1R9A;MTDH;AURKA;EEA1;CST3;SCPEP1;UCHL1;LASP1;GOLGA5;CHL1;FYN;TEAD1;TRPM3;SPEN;NCOA2;LYPLA1;RRM1;KCNB1;HSPA4;NCOA3;AMMECR1;ATP11B;SMAD5;EXT1;EXT2;PSMC2;TCF4;NDUFAF1;IL6ST;GRSF1;DDR2;BMPR1A
ChEA_2016,STAT1 17558387 ChIP-Seq HELA Human,21/2000,0.9722042611030228,0.9985478831435708,0,0,0.6739963161583726,0.0189995190196451,CLIC5;WASL;F11R;NPM3;TMEM140;PPP1R9A;PCSK5;TRAK2;EEA1;ALDH3A2;SLC25A16;RMND5B;NOVA1;TPR;SSPN;SPIN1;PKN2;CD36;FKBP9;CD46;ZCCHC2
ChEA_2016,KLF5 20875108 ChIP-Seq MESCs Mouse,21/2000,0.9722042611030228,0.9985478831435708,0,0,0.6739963161583726,0.0189995190196451,NCOA2;RTN3;ZNF492;ZFAND6;ST8SIA3;KCNA4;MINA;WASL;MYL12B;EXT2;NIPBL;COMMD9;CDC16;ZNF329;SPIN1;TRIM16;CPEB3;UBXN4;PTPN4;TEAD1;HTATIP2
ChEA_2016,EZH2 18974828 ChIP-Seq MESCs Mouse,12/1302,0.9773991023742024,0.9985478831435708,0,0,0.5946382428940569,0.0135935566096665,TGFBR3;NELL2;NTRK2;NPR3;EBF2;RGS20;TLL1;VLDLR;MYRIP;SLC4A4;RREB1;PTRF
ChEA_2016,RNF2 18974828 ChIP-Seq MESCs Mouse,12/1302,0.9773991023742024,0.9985478831435708,0,0,0.5946382428940569,0.0135935566096665,TGFBR3;NELL2;NTRK2;NPR3;EBF2;RGS20;TLL1;VLDLR;MYRIP;SLC4A4;RREB1;PTRF
ChEA_2016,CREB1 15753290 ChIP-ChIP HEK293T Human,8/957,0.9773046844033956,0.9985478831435708,0,0,0.5413340646967969,0.0124273078384089,RRM1;GOLGA5;VPS4B;TPR;CSTF2T;CLCN3;MRPL24;AASS
ChEA_2016,SUZ12 18974828 ChIP-Seq MESCs Mouse,20/1934,0.9743811261418208,0.9985478831435708,0,0,0.6637557844454396,0.0172262892205876,NTRK2;SMAD3;PCOLCE2;CAV1;PON2;ST8SIA3;NPR3;EBF2;KCNA4;PARVA;VLDLR;MYRIP;SLC4A4;CHRDL1;TGFBR3;NELL2;SESN1;RGS20;TLL1;PTRF
ChEA_2016,POU5F1 18700969 ChIP-ChIP MESCs Mouse,4/567,0.972428549002338,0.9985478831435708,0,0,0.459339446017954,0.0128425235038746,ATF7IP;QPRT;CLCN3;HIST1H1C
ChEA_2016,GATA1 19941827 ChIP-Seq MEL86 Mouse,21/2000,0.9722042611030228,0.9985478831435708,0,0,0.6739963161583726,0.0189995190196451,NCKAP1;KCNB1;RNF14;POP4;SP140;CSE1L;KCNA4;NAGA;CHD4;TMEM140;INPP4A;NIPBL;PDZD2;GNAQ;FBXL5;RREB1;RNF130;CUEDC1;FERMT2;SKAP2;SIDT2
ChEA_2016,PHC1 16625203 ChIP-ChIP MESCs Mouse,9/922,0.938372895857612,0.9985478831435708,0,0,0.6364088029719628,0.0404806054897584,NTRK2;PPAT;CAV1;ST8SIA3;NPR3;EBF2;RGS20;TLL1;PCSK5
ChEA_2016,SUZ12 20075857 ChIP-Seq MESCs Mouse,55/4356,0.9390504501645812,0.9985478831435708,0,0,0.8037475859909181,0.0505445299065839,CLIC5;CNTNAP2;VLDLR;SLC4A4;PCSK5;CHRDL1;SCRN1;CHL1;SESN1;ME1;BBX;PHACTR2;PDE8B;PTRF;FBXO9;EBF2;VEZF1;MYRIP;INPP4A;TGFBR3;RAP2A;ZEB1;TST;PLSCR4;PPIG;SYNC;CUEDC1;RHOQ;PCOLCE2;PON2;CCDC69;SDC3;NPR3;ZBTB48;KCNA4;AAAS;TOB2;TROVE2;KCNV2;BAG5;GRK4;RGS20;RREB1;RNF130;MEST;SPEN;NTRK2;KCNB1;CAV1;NAGA;PARVA;NPM3;NELL2;TLL1;ZCCHC2
ChEA_2016,EBNA2 21746931 ChIP-Seq IB4-LCL Human,16/1492,0.9420548918753608,0.9985478831435708,0,0,0.695599068666743,0.041521514906942,L3MBTL1;SPEN;GSTM1;ANKRD46;CSE1L;SMAD5;PIAS1;LRP6;EXT1;KCNV2;RASA1;PHACTR2;FYN;TEAD1;FERMT2;ALDH9A1
ChEA_2016,BMI1 23680149 ChIP-Seq NPCS Mouse,7/1056,0.996453352266869,0.9999945617052836,0,0,0.4247731465364381,0.0015091985999476,UCHL1;CAV1;NPR3;EBF2;KCNA4;TLL1;WASL
ChEA_2016,TRIM28 17542650 ChIP-ChIP NTERA2 Human,17/3568,0.9999945617052836,0.9999945617052836,0,0,0.2731853765375403,1.4856666295531995e-06,RAB2A;NEK7;KCNA4;PARVA;PIAS1;EEA1;NELL2;EXT2;MSRA;RAP2A;NOVA1;SSPN;RGS20;TEAD1;PAK2;AASS;DDR2
ChEA_2016,LXR 22292898 ChIP-Seq THP-1 Human,17/2000,0.997493303106048,0.9999945617052836,0,0,0.5366979751919585,0.0013470281492693,SCARB1;NTRK2;KCNB1;POP4;SDC3;NPR3;NAGA;LSM4;RAP2A;FAM63A;RGS20;ESYT1;DYNLRB1;HRAS;PTRF;SKAP2;SIDT2
ChEA_2016,CUX1 19635798 ChIP-ChIP MULTIPLE HUMAN CANCER TYPES Human,23/3052,0.9999728964821704,0.9999945617052836,0,0,0.4569939442191189,1.2386311372193857e-05,ATF7IP;CSTB;GMFB;PARG;CSE1L;NPR3;ATRX;CSTF2T;ATP11B;PIK3R1;TOB2;CLCN3;YY1;SCP2;RAB14;GNAQ;DNAJB4;TPR;TCF4;TRIM16;PAK2;PTRF;MEST
ChEA_2016,SUZ12 27294783 Chip-Seq ESCs Mouse,14/2000,0.999777679763621,0.9999945617052836,0,0,0.4366157508151466,9.707930867535548e-05,KCNB1;CCDC69;NPR3;EBF2;VLDLR;AAAS;TOB2;NELL2;NOVA1;RGS20;FYN;PDE8B;PTRF;MEST
