Gene_set,Term,Overlap,P-value,Adjusted P-value,Old P-value,Old Adjusted P-value,Odds Ratio,Combined Score,Genes
ChEA_2016,BACH1 22875853 ChIP-PCR HELA AND SCP4 Human,45/1352,3.904788229119015e-07,0.000246001658434498,0,0,2.4834150951888025,36.64500518371132,PHTF2;VAC14;POM121;LTK;STEAP4;EDA;CSF1;SDC2;GRIK1;KLK2;NR2E1;CLDN1;CDH6;ADAM28;SPATA5L1;KIAA1644;TNFRSF8;CD59;TGM4;WNT2;TNPO2;TNS1;IL13RA1;DACT1;OR1D2;HSPA5;DST;MCF2;NRG1;SYNJ2;PAICS;QKI;ACTA2;PARP11;SULT1B1;GJB3;INCENP;CNTN1;SAG;TLL2;CYP2E1;MATN3;CD44;FGFR2;FGFR1
ChEA_2016,NUCKS1 24931609 ChIP-Seq HEPATOCYTES Mouse,24/588,9.936100125790167e-06,0.0027597782625874,0,0,2.950354609929078,33.98612594037365,DDX18;SREBF1;CSF1;CBFB;STAT1;POLDIP3;PTPRJ;SLC3A2;PTPN11;CFLAR;ETS1;EGFR;MALT1;MTOR;HSPD1;IKBKB;SKI;LMAN1;CSRP2;GGA3;CDH2;CDK1;HNRNPA1;MET
ChEA_2016,KDM5B 21448134 ChIP-Seq MESCs Mouse,86/3724,1.314180125041662e-05,0.0027597782625874,0,0,1.774277743239841,19.942371680975537,RBM28;PHTF2;DIDO1;ANKLE2;DDX3X;WDR1;FASTKD2;DOCK9;PITPNA;STMN2;NR2E1;BZW1;CRKL;MED17;CSRP2;ARIH2;UTP14A;TNPO2;NUP214;DDX18;CDV3;OSR2;TIPIN;DST;TPM3;TEX10;SLC7A6;ILF3;RABEP1;PRKAR1A;INCENP;ADORA2B;RUFY2;YME1L1;ANAPC5;SNRPA1;PAFAH1B1;GLYR1;TMEM87A;VAC14;COPA;LTK;CBFB;HPGD;GOSR2;HMGCR;NAPG;EGFR;HSPD1;LMAN1;SPAST;GGA3;PDCD11;HLX;ADAM23;UBR5;MTA2;MPZL1;HNRNPA3;HSPA5;CSNK1A1;FUS;API5;GALNT2;NONO;ERLIN1;HUWE1;DONSON;CFLAR;PTPN12;LARP4;PAICS;USH2A;MTOR;POLA1;SQLE;MFAP4;MCM3AP;RAD51;CENPI;CDK1;TSR1;EIF4G2;ATG2B;FGFR1;PICALM
ChEA_2016,RELA 24523406 ChIP-Seq FIBROSARCOMA Human,33/1182,0.0004457497453661079,0.0586576776078707,0,0,1.9954919275188,15.396722571742687,APP;ANKLE2;CLIC4;CXCL9;CSF1;SRRT;SLC3A2;ENO1;PSEN1;EGFR;PTHLH;IKBKB;CSRP2;IGKC;ADORA1;CD59;PDLIM7;TRAPPC3;STAT1;SLC11A2;SIAH1;NRG1;CFLAR;PTPN12;AGT;QKI;SULT2B1;RPS28;CHI3L1;CYP2E1;CLDN16;CFB;CD44
ChEA_2016,SMAD2 18955504 ChIP-ChIP HaCaT Human,47/1936,0.0006517519734207864,0.0586576776078707,0,0,1.7515949422180002,12.849431586483066,NOTCH2;APP;TMEM87A;MTMR1;DIDO1;HSP90AB1;SLC35D1;FHL2;SLC3A2;PSEN1;CLDN1;ETS1;EGFR;MALT1;PTHLH;C15ORF39;SPATA5L1;CD59;MYH11;MPZL1;NADK;DACT1;MAGI1;SREBF1;CDV3;SVIL;TRAPPC3;RING1;HSPA5;DST;TPM3;CFLAR;QKI;SYTL2;GIP;SLC7A6;RABEP1;NPC1;YME1L1;WDFY3;CYP2E1;SERINC2;MET;CD44;EIF4G2;PAFAH1B1;PICALM
ChEA_2016,SMAD 19615063 ChIP-ChIP OVARY Human,8/124,0.0005714766405288534,0.0586576776078707,0,0,4.625413320736892,34.53928852612097,RGS17;KLF12;SPATA5L1;ADORA2B;CSNK1A1;CFLAR;PTHLH;SYTL2
ChEA_2016,SMAD3 18955504 ChIP-ChIP HaCaT Human,47/1936,0.0006517519734207864,0.0586576776078707,0,0,1.7515949422180002,12.849431586483066,NOTCH2;APP;TMEM87A;MTMR1;DIDO1;HSP90AB1;SLC35D1;FHL2;SLC3A2;PSEN1;CLDN1;ETS1;EGFR;MALT1;PTHLH;C15ORF39;SPATA5L1;CD59;MYH11;MPZL1;NADK;DACT1;MAGI1;SREBF1;CDV3;SVIL;TRAPPC3;RING1;HSPA5;DST;TPM3;CFLAR;QKI;SYTL2;GIP;SLC7A6;RABEP1;NPC1;YME1L1;WDFY3;CYP2E1;SERINC2;MET;CD44;EIF4G2;PAFAH1B1;PICALM
ChEA_2016,HNF4A 19822575 ChIP-Seq HepG2 Human,117/6083,0.0008699245955652872,0.0685065619007663,0,0,1.4717992119276997,10.371922145710595,FAM49A;CLDN1;BZW1;CRKL;BEST1;SAMD14;PSMD4;CDH2;TNFRSF8;TGM4;AGFG2;TNS1;IL13RA1;NUP214;MAGI1;DDX18;ARL15;SLC34A1;WDR74;SULT2B1;EML4;ILF3;PRKAR1A;RUFY2;COL4A3;COL4A6;YME1L1;WDFY3;ANAPC5;CYP2E1;TMEM87A;POM121;COPA;SDC2;PSEN1;PKMYT1;LTBP1;CACNA1G;RRP7A;SOCS2;UBR5;PACSIN2;MYH11;NADK;TRAPPC3;CADM1;HSPA5;NONO;ERLIN1;SYNJ2;LARP4;QKI;POLA1;SULT1B1;SERINC2;FGFR2;PICALM;ALK;RBM28;DIDO1;CLIC4;WDR1;FASTKD2;FHL2;GRIK1;PTPRJ;GM2A;IDH3B;TNPO2;SREBF1;KLF12;DST;SSTR1;GIP;SLC7A6;RABEP1;NPC1;INCENP;NOS1AP;PDE5A;CLDN16;FXN;MET;MATN3;CD44;PAFAH1B1;VAC14;ZNF230;LTK;TOMM40;MVK;POLDIP3;GOSR2;HMGCR;EGFR;JAKMIP2;HSPD1;GGA3;ADAM23;CDC37L1;MPZL1;SVIL;SORT1;STAT1;CSNK1A1;GALNT2;LAMB4;PTPN11;CFLAR;PTPN12;USH2A;AGT;SKI;GALC;AGBL2;TLL2;APBA1
ChEA_2016,DCP1A 22483619 ChIP-Seq HELA Human,22/759,0.0025663142349485,0.1796419964464001,0,0,2.036185976591861,12.146428765981074,NOTCH2;DIDO1;VAC14;FASTKD2;FUS;API5;POLDIP3;GOSR2;SRRT;ERLIN1;SLC3A2;ENO1;MED17;RRP7A;ILF3;GGA3;PDCD11;CDK1;TCEB2;EIF4G2;MPHOSPH6;PICALM
ChEA_2016,EKLF 21900194 ChIP-Seq ERYTHROCYTE Mouse,31/1239,0.0036687308812695,0.2311300455199794,0,0,1.7641128535906845,9.892985205390186,RBM28;VAC14;DCTN5;POM121;COPA;TOMM40;WDR1;POLDIP3;PITPNA;ISG20L2;ENO1;BZW1;LMAN1;PDCD11;IDH3B;RPP14;UTP14A;TRAPPC3;TIPIN;GALNT2;TEX10;WDR74;HUWE1;PTPN11;RPS28;ILF3;RAD51;PRKAR1A;TSR1;SNRPA1;CD44
ChEA_2016,SUZ12 18974828 ChIP-Seq MESCs Mouse,43/1934,0.0057512185988634,0.3042992799555082,0,0,1.575735564943095,8.12818533496903,ALK;RBPJL;APP;RGS17;LTK;CSF1;HPGD;CRABP1;FHL2;GRIK1;PTPRJ;HR;ICAM5;NR2E1;CLDN1;LTBP1;SLC6A3;EGFR;PTHLH;CACNA1G;CDH6;SAMD14;CDH2;CNR1;ADORA1;TNFRSF8;MYH11;WNT2;OSR2;EMX2;SORT1;STAT1;HDGFRP3;SSTR1;OVOL2;CNKSR2;CCKBR;ADORA2B;AGBL2;COL4A3;PDE5A;CD44;FGFR2
ChEA_2016,LXR 22292898 ChIP-Seq THP-1 Human,44/2000,0.0062791914911454,0.3042992799555082,0,0,1.559176891615542,7.905828335743581,ALK;GCDH;LTK;CSF1;WDR1;POLDIP3;PITPNA;CRABP1;STK19;ENO1;ICAM5;NR2E1;ATP2C2;PKMYT1;CACNA1G;C15ORF39;SPATA5L1;ADORA1;TCEB2;TNFRSF8;NADK;PDLIM7;NUP214;OSR2;EMX2;HNRNPA3;HSPA5;SORT1;STAT1;SLC34A1;SFTPC;SPAG4;DONSON;PTPN11;SYNJ2;EML2;AGT;MTOR;PRKAR1A;INCENP;CHI3L1;SERINC2;B4GALT7;EIF4G2
ChEA_2016,CREM 20920259 ChIP-Seq GC1-SPG Mouse,107/5776,0.0060854977700456,0.3042992799555082,0,0,1.3721722631126287,7.000612605237292,ANKLE2;PITPNA;BZW1;CRKL;CDH6;CDH2;TNS1;NUP214;MAGI1;TIPIN;TPM3;SLC11A2;WDR74;HDGFRP3;SULT2B1;EML4;ILF3;PRKAR1A;RUFY2;WDFY3;ANAPC5;NOTCH2;POM121;CBFB;PSEN1;PLCXD1;RRP7A;CNN1;SPAST;PDCD11;UBR5;ATP6V0A2;PACSIN2;NADK;CADM4;EIF2B2;CADM1;HSPA5;FUS;API5;ERLIN1;LARP4;PAICS;SQLE;PARP11;EIF4G2;FGFR1;PICALM;RBM28;DIDO1;CLIC4;HSP90AB1;DDX3X;WDR1;FASTKD2;DOCK9;IKBKB;DSTYK;GM2A;ARIH2;IDH3B;MYBL2;UTP14A;TNPO2;GPR135;DACT1;PSD;SREBF1;CDV3;RING1;TEX10;SLC7A6;MED25;RABEP1;INCENP;B4GALT7;PAFAH1B1;VAC14;TOMM40;POLDIP3;GOSR2;SRRT;SLC3A2;HMGCR;NAPG;MALT1;GGA3;CNR1;CDC37L1;MTA2;RPP14;MPZL1;HNRNPA3;SORT1;CSNK1A1;SPAG4;HUWE1;DONSON;PTPN11;USH2A;GALC;RAD51;CENPI;NOVA2;APBA1;CDKN3;MPHOSPH6
ChEA_2016,CLOCK 20551151 ChIP-Seq 293T Human,13/407,0.0088154884063574,0.3835261127168457,0,0,2.2195121951219514,10.501056105200991,PRPS1;HSP90AB1;DDX3X;HSPA5;CSNK1A1;FUS;SDC2;STMN2;HSPD1;SLC7A6;ACTC1;PSMD4;NPC1
ChEA_2016,PPARD 23176727 ChIP-Seq KERATINOCYTES Mouse,8/194,0.0091315741123058,0.3835261127168457,0,0,2.874355575195169,13.498023186258507,GGCT;POLA1;LRRC15;RGS17;CSRP2;ADORA2B;CRABP1;CACNA1G
ChEA_2016,WT1 19549856 ChIP-ChIP CCG9911 Human,8/199,0.0105453547524921,0.4152233433793768,0,0,2.798393459083411,12.73848242033789,NOTCH2;PDCD11;TPM3;CDC37L1;NRG1;SLC3A2;PICALM;DACT1
ChEA_2016,NKX2-5 21415370 ChIP-Seq HL-1 Mouse,34/1507,0.0112095296166684,0.4154119799118292,0,0,1.5816476016926226,7.103165150422934,NOTCH2;LRRC15;DIDO1;VAC14;COPA;FHL2;ICAM5;PSEN1;BZW1;PSMD4;ATP6V0A2;PACSIN2;PSD;UNC45A;SREBF1;EIF2B2;DST;TPM3;CFLAR;EML4;SKI;ACTA2;SQLE;SLC7A6;ILF3;RABEP1;MYL1;PRKAR1A;ADORA2B;RCAN2;SCRG1;FXN;MATN3;MPHOSPH6
ChEA_2016,FLI1 27457419 Chip-Seq LIVER Mouse,12/393,0.0160438913452487,0.4197146301945955,0,0,2.112751531058618,8.730791689686754,PREX2;DST;MYL1;FASTKD2;STAT1;ADAM23;COL4A3;FHL2;CFLAR;BZW1;TNS1;HSPD1
ChEA_2016,E2F4 21247883 ChIP-Seq LYMPHOBLASTOID Human,59/2998,0.0160593558927877,0.4197146301945955,0,0,1.3961603785971743,5.768185892236513,ANKLE2;DOCK9;ENO1;CSRP2;TNFRSF8;GPR135;PSD;UNC45A;TIPIN;TPM3;SLC11A2;WDR74;HDGFRP3;ACTA2;SLC7A6;INCENP;ADORA2B;RUFY2;YME1L1;ANAPC5;SNRPA1;PAFAH1B1;DCTN5;MVK;SLC35D1;CBFB;ZNF195;ISG20L2;SLC3A2;AKAP5;PKMYT1;PTHLH;SOCS2;C15ORF39;SPATA5L1;ATP6V0A2;TCEB2;CD59;MTA2;HNRNPA1;NADK;TRAPPC3;EIF2B2;SORT1;FUS;API5;GALNT2;SIAH1;ERLIN1;PTPN11;SKI;GALC;RAD51;TSR1;TLL2;EIF4G2;ATG2B;CDKN3;MPHOSPH6
ChEA_2016,SUZ12 18692474 ChIP-Seq MEFs Mouse,27/1135,0.0122843764393088,0.4197146301945955,0,0,1.659539016939739,7.301020812095778,ALK;APP;LTK;CSF1;HPGD;CRABP1;FHL2;GRIK1;HR;NR2E1;EGFR;PTHLH;CACNA1G;CDH6;CDH2;CNR1;ADAM23;ADORA1;TNFRSF8;WNT2;EMX2;HDGFRP3;SYNJ2;SSTR1;CCKBR;ADORA2B;TLL2
ChEA_2016,P300 27058665 Chip-Seq ZR-75-30cells Human,42/2000,0.0159440183807249,0.4197146301945955,0,0,1.4750932370477707,6.104926403798475,ANKLE2;CLIC4;UBIAD1;SLC35D1;CSF1;DOCK9;SDC2;PITPNA;ISG20L2;FHL2;ENO1;ETS1;PTHLH;DSTYK;PDCD11;ADORA1;MYBL2;HNRNPA1;NADK;SREBF1;SVIL;TRAPPC3;KLF12;CADM4;CADM1;HSPA5;SORT1;GALNT2;HDGFRP3;PTPN11;CFLAR;MTOR;SULT2B1;SKI;GJB3;CDK1;CLDN16;SERINC2;CD44;EIF4G2;PAFAH1B1;PICALM
ChEA_2016,MAF 26560356 Chip-Seq TH2 Human,42/2000,0.0159440183807249,0.4197146301945955,0,0,1.4750932370477707,6.104926403798475,NOTCH2;APP;CLIC4;UBIAD1;SLC35D1;DOCK9;ENO1;ICAM5;DTX3;PKMYT1;ETS1;SOCS2;C15ORF39;PSMD4;ATP6V0A2;TCEB2;MTA2;NADK;UNC45A;SVIL;TRAPPC3;KLF12;SORT1;STAT1;TPM3;SLC11A2;WDR74;HUWE1;HDGFRP3;PTPN12;MTOR;EML4;SKI;PARP11;MFAP4;CENPI;RUFY2;AGBL2;TSR1;TLL2;CD44;EIF4G2
ChEA_2016,KLF5 20875108 ChIP-Seq MESCs Mouse,42/2000,0.0159440183807249,0.4197146301945955,0,0,1.4750932370477707,6.104926403798475,ALK;RBM28;ZNF195;GOSR2;CRABP1;STMN2;HMGCR;TARP;LTBP1;CACNA1G;CDH6;LMAN1;ADAM28;CDH2;ZNF207;MPZL1;GPR135;CA12;MAGI1;DDX18;TRAPPC3;TIPIN;FUS;API5;ERLIN1;HUWE1;HDGFRP3;PTPN11;MTOR;GIP;ACTA2;PARP11;ILF3;INCENP;CEACAM5;NOVA2;CDK1;TLL2;APBA1;WDFY3;MET;CD44
ChEA_2016,XRN2 22483619 ChIP-Seq HELA Human,34/1529,0.0137028531974168,0.4197146301945955,0,0,1.556491563356552,6.677584156490167,COPA;TOMM40;HSP90AB1;DDX3X;WDR1;ZNF195;FASTKD2;POLDIP3;ISG20L2;SLC3A2;MED17;SPAST;ZNF207;IDH3B;CDC37L1;CD59;MTA2;RPP14;HNRNPA1;TNPO2;NUP214;TIPIN;ARL15;CSNK1A1;FUS;API5;NONO;ERLIN1;QKI;MTOR;RPS28;ILF3;ZNF711;EIF4G2
ChEA_2016,RUNX1 17652178 ChIP-ChIP JURKAT Human,24/1003,0.0166553424680395,0.4197146301945955,0,0,1.6628325265355066,6.809339511656889,KLF12;DDX3X;WDR1;FUS;API5;STMN2;SLC3A2;SSTR1;HMGCR;CFLAR;ETS1;SLC6A3;PDC;CNKSR2;SOCS2;CLDN10;MYL1;PRKAR1A;WDFY3;CYP2E1;MTA2;SCRG1;MET;FGFR1
ChEA_2016,SMAD4 19686287 ChIP-ChIP HaCaT Human,12/405,0.0197910572978459,0.4795525422170369,0,0,2.046967769296013,8.029282443578348,SREBF1;SVIL;TOMM40;DST;ZNF207;FHL2;CD59;WDFY3;CYP2E1;PTHLH;SYTL2;PICALM
ChEA_2016,MITF 21258399 ChIP-Seq MELANOMA Human,100/5578,0.0213416255936016,0.4801865758560375,0,0,1.2981014968966775,4.993920894719845,FAM49A;APP;HR;ENO1;ETS1;CRKL;RNF126P1;BEST1;TNFRSF8;NUP214;SLC34A1;SLC11A2;SYTL2;OVOL2;ILF3;PRKAR1A;WDFY3;ANAPC5;GLYR1;CBFB;ISG20L2;SOCS2;UBR5;PACSIN2;MYH11;NADK;TRAPPC3;EIF2B2;FUS;SIAH1;ERLIN1;SYNJ2;LARP4;PAICS;QKI;GGCT;POLA1;CNTN1;PICALM;ALK;PHTF2;DIDO1;CLIC4;EDA;DDX3X;WDR1;FASTKD2;DOCK9;FHL2;PTPRJ;SLC6A3;IKBKB;DSTYK;CSRP2;GM2A;IDH3B;MYBL2;DGCR5;TNPO2;DACT1;SREBF1;CDV3;KLF12;DST;SFTPC;TEX10;MED25;RABEP1;NPC1;INCENP;NOS1AP;MET;CD44;RBPJL;RGS17;VAC14;DCTN5;HPGD;SLC3A2;EGFR;HSPD1;C15ORF39;ADAM23;CD59;RPP14;MPZL1;CA12;SVIL;SORT1;STAT1;CSNK1A1;SPAG4;CFLAR;USH2A;AGT;STXBP5L;SKI;TLL2;APBA1;MPHOSPH6
ChEA_2016,YAP1 20516196 ChIP-Seq MESCs Mouse,47/2329,0.0210905846418422,0.4801865758560375,0,0,1.4179469503555926,5.471755988387421,APP;HSP90AB1;WDR1;GOSR2;PITPNA;STMN2;SLC3A2;ATP2C2;PLCXD1;MALT1;CDH6;CDH2;TNFRSF8;PDLIM7;MAGI1;DDX18;SREBF1;SVIL;KLF12;CADM1;HSPA5;DST;ARL15;FUS;API5;NRG1;PTPN11;SSTR1;OVOL2;EML4;SKI;MCM3AP;ACTC1;PRKAR1A;ADORA2B;COL4A3;NOS1AP;COL4A6;APBA1;SCRG1;FXN;B4GALT7;EIF4G2;FGFR2;PAFAH1B1;MPHOSPH6;FGFR1
ChEA_2016,OCT4 18692474 ChIP-Seq MEFs Mouse,41/1992,0.0231110839595294,0.4820262395613778,0,0,1.4401267343348327,5.425595314458394,DIDO1;PRPS1;TOMM40;WDR1;STMN2;PTPRJ;SLC3A2;ENO1;PSEN1;HMGCR;CDH6;ADAM23;ARIH2;MYBL2;MTA2;RPP14;MAGI1;DDX18;SREBF1;KLF12;HSPA5;DST;SORT1;STAT1;SSTR1;CFLAR;PAICS;GIP;ILF3;MCM3AP;RAD51;ACTC1;NPC1;GJB3;ADORA2B;CHI3L1;CFB;MATN3;FGFR2;PAFAH1B1;FGFR1
ChEA_2016,FOXP1 21924763 ChIP-Seq HESCs Human,70/3724,0.0229648911866495,0.4820262395613778,0,0,1.3364984174579375,5.043662624623796,APP;DIDO1;CLIC4;HSP90AB1;STK19;KRI1;CLDN1;CRKL;SAMD14;DSTYK;CDH2;ADORA1;TNPO2;IL13RA1;PSD;UNC45A;DDX18;OSR2;KLF12;IZUMO4;RING1;SLC34A1;SLC11A2;EML2;CNKSR2;TOX4;MED25;SNRPA1;B4GALT7;CFB;NOTCH2;TMEM87A;DCTN5;COPA;POLDIP3;SRRT;ISG20L2;AKAP5;PKMYT1;PLCXD1;CACNA1G;HSPD1;C15ORF39;ADAM23;UBR5;CDC37L1;RPP14;PDLIM7;SVIL;TRAPPC3;CADM1;STAT1;CSNK1A1;API5;GALNT2;SIAH1;SPAG4;LARP4;QKI;POLA1;SQLE;CYP2W1;TSR1;TLL2;APBA1;EIF4G2;FGFR2;ATG2B;MPHOSPH6;PICALM
ChEA_2016,KLF6 26769127 Chip-Seq PDAC-Cell line Human,41/2000,0.0244838724856572,0.4820262395613778,0,0,1.433599208484354,5.318281251028319,CLIC4;LTK;TOMM40;SLC35D1;DOCK9;FHL2;PTPRJ;ENO1;BZW1;LTBP1;MALT1;PTHLH;CRKL;CDH6;SOCS2;DSTYK;C15ORF39;HLX;ADORA1;CD59;MTA2;MPZL1;NADK;SREBF1;SVIL;TRAPPC3;KLF12;ERLIN1;EML2;AGT;MTOR;SKI;SQLE;GJB3;INCENP;CEACAM5;RUFY2;AGBL2;TLL2;CYP2E1;SERINC2
ChEA_2016,JARID1A 20064375 ChIP-Seq MESCs Mouse,44/2171,0.0238283217196563,0.4820262395613778,0,0,1.420009109073813,5.306404232452811,TMEM87A;RBM28;VAC14;DCTN5;ANKLE2;POM121;UBIAD1;MVK;FASTKD2;GOSR2;PITPNA;ISG20L2;STK19;NAPG;MED17;RRP7A;LMAN1;PSMD4;PDCD11;ADAM23;IDH3B;MTA2;RPP14;UTP14A;TNPO2;NUP214;PSD;UNC45A;DDX18;TRAPPC3;EIF2B2;HSPA5;WDR74;PTPN11;TOX4;RPS28;MCM3AP;YME1L1;TSR1;WDFY3;ANAPC5;SNRPA1;B4GALT7;ATG2B
ChEA_2016,MEF2A 21415370 ChIP-Seq HL-1 Mouse,24/1048,0.0264315686456727,0.504602674144661,0,0,1.5859375,5.762022100300513,MAGI1;APP;DDX18;TOMM40;HSP90AB1;DST;GALNT2;STMN2;FHL2;PTPN12;LARP4;LTBP1;PSMD4;CDH2;RCAN2;COL4A3;TCEB2;ANAPC5;PDE5A;SCRG1;FXN;B4GALT7;MPZL1;MPHOSPH6
ChEA_2016,GRHL2 25758223 ChIP-Seq PLACENTA Mouse,23/1000,0.0281830456823988,0.5196082340066955,0,0,1.5912152799589103,5.67910254739855,POM121;CADM4;STEAP4;API5;SDC2;CRABP1;SIAH1;SLC3A2;KRI1;PAICS;NAPG;CDH6;ILF3;SPAST;NPC1;CNR1;NOVA2;SNRPA1;RPP14;MPZL1;CDKN3;GLYR1;DACT1
ChEA_2016,CEBPD 21427703 ChIP-Seq 3T3-L1 Mouse,36/1735,0.0292368528657252,0.5196082340066955,0,0,1.444780352078763,5.103434163175078,NOTCH2;RBM28;PHTF2;DDX3X;WDR1;FASTKD2;CRABP1;SLC3A2;HMGCR;PLCXD1;ETS1;LTBP1;EGFR;MALT1;PTHLH;ADAM28;HLX;ADAM23;CDC37L1;TNFRSF8;GPR135;MAGI1;SVIL;HSPA5;CSNK1A1;FUS;NRG1;PTPN12;USH2A;SKI;SLC7A6;COL4A6;CDK1;TLL2;ANAPC5;FGFR1
ChEA_2016,CHD1 19587682 ChIP-ChIP MESCs Mouse,20/843,0.0296918990860968,0.5196082340066955,0,0,1.6383440374934908,5.761861063490142,GCDH;TRAPPC3;DIDO1;WDR1;STAT1;CSNK1A1;POLDIP3;GOSR2;HUWE1;SLC3A2;PSEN1;HMGCR;RAD51;GM2A;GJB3;INCENP;CDC37L1;ANAPC5;MYBL2;EIF4G2
ChEA_2016,PAX3-FKHR 20663909 ChIP-Seq RHABDOMYOSARCOMA Human,24/1063,0.0305228789730464,0.5197138852167376,0,0,1.5617859982424571,5.449506689955137,MAGI1;APP;SVIL;CADM1;WDR1;DST;FHL2;NRG1;SSTR1;ETS1;QKI;PTHLH;JAKMIP2;GALC;ADAM28;HLX;RUFY2;APBA1;PDE5A;MET;FGFR2;GPR135;PICALM;DACT1
ChEA_2016,ASXL1 24218140 ChIP-Seq BMDM Mouse,19/807,0.0358162803146644,0.5323532616220668,0,0,1.622775800711744,5.402793044798445,NUP214;NOTCH2;CDV3;CSNK1A1;WDR74;ERLIN1;STK19;SLC3A2;CFLAR;BZW1;MALT1;BEST1;HSPD1;DSTYK;RAD51;INCENP;CDC37L1;MTA2;TNPO2
ChEA_2016,NFE2 27457419 Chip-Seq LIVER Mouse,22/972,0.0365194561399833,0.5323532616220668,0,0,1.5619083680424082,5.169776306837401,DDX18;DST;FASTKD2;STAT1;FHL2;CFLAR;BZW1;USH2A;PDC;HSPD1;PREX2;DSTYK;MYL1;HLX;ADAM23;COL4A3;NOS1AP;ADORA1;SAG;CHI3L1;MPZL1;TNS1
ChEA_2016,GATA3 24758297 ChIP-Seq MCF-7 Human,40/2000,0.0366733098543889,0.5323532616220668,0,0,1.3924646781789638,4.6030788977298975,MTMR1;PHTF2;PRPS1;CXCL9;SLC35D1;WDR1;CRABP1;AKAP5;ATP2C2;HMGCR;LTBP1;CRKL;SOCS2;DSTYK;UBR5;ATP6V0A2;TNFRSF8;CD59;AGFG2;NADK;TNS1;CA12;MAGI1;EIF2B2;CADM1;HSPA5;ARL15;TPM3;SLC11A2;WDR74;HUWE1;HDGFRP3;CFLAR;LARP4;KMO;SULT2B1;MFAP4;SLC7A6;RABEP1;CFB
ChEA_2016,CREB1 26743006 Chip-Seq LNCaP-abl Human,40/2000,0.0366733098543889,0.5323532616220668,0,0,1.3924646781789638,4.6030788977298975,FAM49A;TMEM87A;MTMR1;CLIC4;UBIAD1;SLC35D1;CBFB;DOCK9;ENO1;KLK2;PKMYT1;MED17;BEST1;SOCS2;LMAN1;CNN1;DSTYK;HNRNPA1;TGM4;TNPO2;NADK;SREBF1;CDV3;SORT1;TPM3;SLC11A2;SIAH1;WDR74;HUWE1;HDGFRP3;CFLAR;PTPN12;MTOR;SKI;GALC;MED25;SERINC2;CD44;FGFR2;ATG2B
ChEA_2016,SPI1 26923725 Chip-Seq HPCs Mouse,40/2000,0.0366733098543889,0.5323532616220668,0,0,1.3924646781789638,4.6030788977298975,FAM49A;ALK;DIDO1;RGS17;CLIC4;LTK;HSP90AB1;BZW1;ETS1;MALT1;CRKL;JAKMIP2;PREX2;CNN1;PSMD4;ADAM23;ATP6V0A2;ADORA1;TCEB2;TNFRSF8;NADK;PDLIM7;PSD;SREBF1;DST;CSNK1A1;CMA1;GALNT2;TEX10;SLC11A2;OVOL2;SQLE;SLC7A6;CYP2W1;RABEP1;INCENP;WDFY3;MET;PAFAH1B1;MPHOSPH6
ChEA_2016,IRF8 27001747 Chip-Seq BMDM Mouse,40/2000,0.0366733098543889,0.5323532616220668,0,0,1.3924646781789638,4.6030788977298975,FAM49A;APP;TMEM87A;DIDO1;VAC14;DCTN5;CLIC4;HSP90AB1;CSF1;HPGD;GOSR2;GRIK1;PTPRJ;AKAP5;NR2E1;LTBP1;SLC6A3;MALT1;RRP7A;IKBKB;GM2A;HLX;ATP6V0A2;PACSIN2;PDLIM7;IL13RA1;ERLIN1;DONSON;HDGFRP3;SYTL2;ACTA2;SQLE;PARP11;INCENP;YME1L1;APBA1;WDFY3;SERINC2;CDKN3;FGFR1
ChEA_2016,PRDM5 23873026 ChIP-Seq MEFs Mouse,23/1029,0.0371802277958268,0.5323532616220668,0,0,1.542951676224243,5.07936323529434,NUP214;PHTF2;POM121;DDX3X;HSPA5;SDC2;TEX10;NONO;SRRT;HUWE1;PTPN12;EGFR;QKI;GGCT;POLA1;SQLE;CYP2W1;UBR5;CDC37L1;ZNF711;UTP14A;MET;AGFG2
ChEA_2016,GF1 26923725 Chip-Seq HPCs Mouse,30/1432,0.0400453566797124,0.5532953192851069,0,0,1.4501505785385955,4.666211220867649,FAM49A;NOTCH2;RGS17;VAC14;CLIC4;CSF1;HMGCR;ETS1;PTHLH;CACNA1G;DSTYK;PSMD4;ADAM23;ADORA1;CDC37L1;TNFRSF8;WNT2;TNS1;DACT1;SREBF1;SORT1;GALNT2;SYNJ2;SYTL2;GALC;MYL1;INCENP;NOS1AP;CDKN3;MPHOSPH6
ChEA_2016,CDX2 20551321 ChIP-Seq CACO-2 Human,13/504,0.0415320510958461,0.5532953192851069,0,0,1.772085695835137,5.637518209606962,FAM49A;NOTCH2;UBIAD1;EMX2;DOCK9;ETS1;EGFR;CACNA1G;GIP;SULT2B1;PARP11;ADORA2B;CEACAM5
ChEA_2016,SUZ12 27294783 Chip-Seq NPCs Mouse,20/880,0.0432861658137575,0.5532953192851069,0,0,1.564784053156146,4.913300173005886,DDX18;DST;FASTKD2;STAT1;FHL2;CFLAR;BZW1;USH2A;PDC;HSPD1;PREX2;MYL1;HLX;ADAM23;COL4A3;NOS1AP;SAG;CHI3L1;MPZL1;TNS1
ChEA_2016,PCGF2 27294783 Chip-Seq ESCs Mouse,13/512,0.0460569210394566,0.5532953192851069,0,0,1.7429493132606677,5.36458401052952,DDX18;DST;FASTKD2;STAT1;FHL2;CFLAR;BZW1;HSPD1;PREX2;MYL1;ADAM23;COL4A3;TNS1
ChEA_2016,GATA2 21571218 ChIP-Seq MEGAKARYOCYTES Human,24/1111,0.0468865165018613,0.5532953192851069,0,0,1.4889804407823688,4.556317581009246,RBM28;ANKLE2;CLIC4;WDR1;GALNT2;SPAG4;ISG20L2;HR;ICAM5;MTOR;CACNA1G;EML4;RRP7A;POLA1;CLDN10;C15ORF39;GGA3;RABEP1;CYP2E1;TNPO2;CD44;GPR135;CRLF2;CDKN3
ChEA_2016,OLIG2 23332759 ChIP-Seq OLIGODENDROCYTES Mouse,40/2040,0.0474958707696361,0.5532953192851069,0,0,1.3615384615384616,4.148760869313782,FAM49A;NOTCH2;APP;PHTF2;PRPS1;VAC14;WDR1;POLDIP3;CRABP1;GRIK1;PSEN1;BZW1;ETS1;PREX2;CDH6;SOCS2;CDH2;CDC37L1;TCEB2;TNS1;DDX18;CDV3;OSR2;KLF12;EIF2B2;CADM1;HSPA5;NRG1;CFLAR;PTPN12;PAICS;GALC;WDFY3;PDE5A;CD24;SCRG1;FXN;CD44;EIF4G2;FGFR2
ChEA_2016,MYC 19079543 ChIP-ChIP MESCs Mouse,30/1458,0.048689281159726,0.5532953192851069,0,0,1.421724245253657,4.296872029137693,DIDO1;PRPS1;VAC14;SLC35D1;FASTKD2;STMN2;ISG20L2;SLC3A2;ENO1;PLCXD1;NAPG;CRKL;HSPD1;ADAM23;ADORA1;TNFRSF8;MYBL2;TNPO2;CDV3;TIPIN;DST;CSNK1A1;PAICS;POLA1;RPS28;INCENP;TSR1;FGFR2;PAFAH1B1;FGFR1
ChEA_2016,TP53 23651856 ChIP-Seq MEFs Mouse,59/3193,0.0488823974246202,0.5532953192851069,0,0,1.2940576782021305,3.9059033584204537,ALK;APP;HSP90AB1;CSF1;DOCK9;FHL2;PTPRJ;HR;DBH;ETS1;MED17;TNPO2;TNS1;NUP214;MAGI1;DDX18;TIPIN;KLF12;EMX2;RING1;DST;ARL15;HDGFRP3;SYTL2;MED25;PRKAR1A;ADORA2B;NOS1AP;COL4A6;SAG;YME1L1;MET;MATN3;CD44;VAC14;POM121;LTK;CBFB;GOSR2;LTBP1;EGFR;CACNA1G;PDCD11;PACSIN2;MTA2;RPP14;MPZL1;CADM4;GALNT2;SYNJ2;CFLAR;PARP11;MFAP4;MCM3AP;TSR1;TLL2;SCRG1;ATG2B;CRLF2
ChEA_2016,SOX9 26525672 Chip-Seq Limbbuds Mouse,26/1230,0.0491858460516852,0.5532953192851069,0,0,1.457720008730024,4.390870418685486,FAM49A;RGS17;FASTKD2;SRSF1;FHL2;BZW1;EGFR;CACNA1G;PREX2;DSTYK;CSRP2;HLX;ADORA1;MPZL1;TNS1;DACT1;DDX18;DST;USH2A;GALC;MCM3AP;NOS1AP;CDK1;SAG;CHI3L1;LLGL1
ChEA_2016,TRIM28 19339689 ChIP-ChIP MESCs Mouse,57/3072,0.0492766121028715,0.5532953192851069,0,0,1.2980979874291096,3.907671783739712,APP;DIDO1;CLIC4;CSF1;HR;NR2E1;ETS1;ARIH2;MYBL2;UTP14A;GPR135;PSD;MAGI1;DDX18;SREBF1;CDV3;OSR2;EMX2;RING1;SLC11A2;HDGFRP3;KMO;SLC7A6;MED25;ADORA2B;YME1L1;WDFY3;PDE5A;SNRPA1;NOTCH2;VAC14;TOMM40;CBFB;SLC3A2;HMGCR;MALT1;HSPD1;SOCS2;GGA3;CNR1;CDC37L1;MTA2;RPP14;MPZL1;NADK;SVIL;TRAPPC3;STAT1;CSNK1A1;API5;GALNT2;DONSON;CFLAR;SKI;TSR1;EIF4G2;FGFR1
ChEA_2016,ISL1 27105846 Chip-Seq CPCs Mouse,32/1576,0.0494310025895635,0.5532953192851069,0,0,1.404067744180651,4.222280885040916,FAM49A;APP;GCDH;PHTF2;DDX3X;CSF1;DOCK9;CRABP1;FHL2;AKAP5;DTX3;PLCXD1;CDH6;LMAN1;CSRP2;CDH2;HLX;CNR1;WNT2;SVIL;DST;EML2;OVOL2;STXBP5L;CNKSR2;PARP11;NOS1AP;SNRPA1;MET;FGFR2;CDKN3;MPHOSPH6
ChEA_2016,CEBPB 21427703 ChIP-Seq 3T3-L1 Mouse,39/2000,0.0535730388514151,0.5532953192851069,0,0,1.351685452531256,3.955990444016731,DIDO1;CLIC4;CXCL9;STEAP4;DDX3X;SLC35D1;FHL2;DBH;LTBP1;PTHLH;CACNA1G;PREX2;SAMD14;PSMD4;HLX;ADAM23;UBR5;AGFG2;DACT1;EIF2B2;HSPA5;ARL15;STAT1;CSNK1A1;SLC11A2;PTPN12;AGT;EML4;ACTA2;SLC7A6;MED25;PRKAR1A;ADORA2B;APBA1;MET;CD44;EIF4G2;CRLF2;PICALM
ChEA_2016,STAT3 18555785 Chip-Seq ESCs Mouse,39/2000,0.0535730388514151,0.5532953192851069,0,0,1.351685452531256,3.955990444016731,DIDO1;COPA;CSF1;FASTKD2;FHL2;PTPRJ;DBH;BZW1;PDC;HSPD1;PREX2;DSTYK;HLX;ADAM23;ADORA1;IDH3B;MPZL1;TNS1;NUP214;DDX18;HNRNPA3;DST;STAT1;TEX10;CFLAR;KMO;USH2A;OVOL2;RAD51;ACTC1;MYL1;AGBL2;COL4A3;NOS1AP;SAG;YME1L1;CHI3L1;PDE5A;CD44
ChEA_2016,CBP 21632823 ChIP-Seq H3396 Human,39/2000,0.0535730388514151,0.5532953192851069,0,0,1.351685452531256,3.955990444016731,ZNF195;PTPRJ;AKAP5;PSEN1;PTHLH;MED17;BEST1;SOCS2;CSRP2;PDCD11;CD59;MS4A12;MTA2;PSD;SVIL;EMX2;CADM1;API5;ERLIN1;PTPN11;LARP4;SYTL2;ACTA2;GALC;PARP11;CCKBR;INCENP;RUFY2;AGBL2;CNTN1;CDK1;YME1L1;TLL2;ANAPC5;CYP2E1;CD44;EIF4G2;FGFR2;PICALM
ChEA_2016,SMAD2/3 21741376 ChIP-Seq EPCs Human,39/2000,0.0535730388514151,0.5532953192851069,0,0,1.351685452531256,3.955990444016731,FAM49A;ALK;RBPJL;MTMR1;PHTF2;PRPS1;VAC14;FASTKD2;PTPRJ;ENO1;HMGCR;ETS1;CRKL;ADAM28;HLX;CNR1;MTA2;DACT1;DDX18;HNRNPA3;CADM1;DST;ARL15;STAT1;GALNT2;NONO;NRG1;PTPN11;SSTR1;USH2A;OVOL2;STXBP5L;GALC;ILF3;CHI3L1;SERINC2;FGFR2;CDKN3;PICALM
ChEA_2016,CSB 26484114 Chip-Seq FIBROBLAST Human,39/2000,0.0535730388514151,0.5532953192851069,0,0,1.351685452531256,3.955990444016731,RBPJL;MTMR1;VAC14;LTK;HSP90AB1;SDC2;ISG20L2;FHL2;ENO1;EGFR;PTHLH;CDH6;CNN1;PSMD4;ADAM23;CD59;MYBL2;MPZL1;NADK;MAGI1;CDV3;CADM4;SPAG4;WDR74;SYNJ2;CFLAR;MTOR;SYTL2;ACTA2;SQLE;PARP11;MFAP4;RPS28;MED25;MCM3AP;ADORA2B;CHI3L1;WDFY3;MATN3
ChEA_2016,KLF4 26769127 Chip-Seq PDAC-Cell line Human,39/2000,0.0535730388514151,0.5532953192851069,0,0,1.351685452531256,3.955990444016731,ANKLE2;CLIC4;UBIAD1;SLC35D1;WDR1;HPGD;DOCK9;ISG20L2;SLC3A2;ENO1;ICAM5;ETS1;PTHLH;SOCS2;CDH2;CD59;MTA2;MPZL1;NADK;CSNK1A1;GALNT2;WDR74;ERLIN1;LARP4;EML2;AGT;MTOR;SKI;SLC7A6;PRKAR1A;GJB3;CENPI;ADORA2B;AGBL2;TLL2;CYP2E1;SERINC2;MET;EIF4G2
ChEA_2016,SOX2 21211035 ChIP-Seq LN229 Gbm,62/3420,0.0600690674405033,0.6009994951756147,0,0,1.2677664275954574,3.565289136679856,FAM49A;ALK;APP;PHTF2;EDA;FASTKD2;DOCK9;STMN2;FHL2;NR2E1;ETS1;CDH6;CDH2;GM2A;TNFRSF8;UTP14A;TNS1;MAGI1;KLF12;HDGFRP3;NRG1;OVOL2;CNKSR2;MED25;MYL1;COL4A3;NOS1AP;COL4A6;CHI3L1;WDFY3;SNRPA1;CD44;PAFAH1B1;GCDH;MTMR1;LRRC15;RGS17;MVK;POLDIP3;GOSR2;SLC3A2;HMGCR;LTBP1;NAPG;EGFR;PTHLH;SOCS2;LMAN1;ADAM28;GGA3;SVIL;API5;GALNT2;LAMB4;HUWE1;LARP4;POLA1;PARP11;APBA1;SCRG1;FGFR2;MPHOSPH6
ChEA_2016,CHD7 19251738 ChIP-ChIP MESCs Mouse,5/141,0.0615220416857071,0.6009994951756147,0,0,2.438185443668993,6.798538195578727,CDH2;SPAG4;DONSON;NR2E1;MET
ChEA_2016,MYC 19030024 ChIP-ChIP MESCs Mouse,69/3868,0.0635766492180982,0.6009994951756147,0,0,1.2502367335218083,3.445038604745266,RBM28;PHTF2;DIDO1;CLIC4;HSP90AB1;DDX3X;FASTKD2;STMN2;ENO1;ICAM5;BZW1;IDH3B;MYBL2;UTP14A;TNPO2;NUP214;MAGI1;DDX18;SREBF1;CDV3;TIPIN;RING1;TPM3;WDR74;SLC7A6;MED25;ILF3;RABEP1;INCENP;YME1L1;ANAPC5;SNRPA1;PRPS1;VAC14;DCTN5;UBIAD1;TOMM40;ISG20L2;SLC3A2;PSEN1;HSPD1;SOCS2;LMAN1;PDCD11;ADAM23;CDC37L1;TCEB2;RPP14;MPZL1;NADK;HSPA5;CSNK1A1;FUS;SPAG4;HUWE1;SYNJ2;CFLAR;PTPN12;PAICS;POLA1;SQLE;PARP11;RPS28;MCM3AP;RAD51;GJB3;TSR1;EIF4G2;PICALM
ChEA_2016,AR 22383394 ChIP-Seq PROSTATE CANCER Human,36/1857,0.0665583655673847,0.6009994951756147,0,0,1.3388497828366033,3.627849175769085,FAM49A;ALK;UBIAD1;STEAP4;HPGD;FASTKD2;STMN2;GRIK1;PTPRJ;KLK2;AKAP5;CLDN1;EGFR;PDC;MALT1;PTHLH;PREX2;ADAM28;CSRP2;HLX;PACSIN2;TNFRSF8;DACT1;CA12;MAGI1;CDV3;CSNK1A1;SSTR1;PTPN12;USH2A;QKI;STXBP5L;TLL2;APBA1;MPHOSPH6;PICALM
ChEA_2016,SPI1 23127762 ChIP-Seq K562 Human,28/1389,0.0681270512102676,0.6009994951756147,0,0,1.3870964256385876,3.7262693677960335,NOTCH2;ALK;PHTF2;DOCK9;PITPNA;SRRT;ISG20L2;PTPRJ;SLC3A2;PSEN1;CRKL;DSTYK;SPATA5L1;UBR5;AGFG2;NADK;PDLIM7;NUP214;CSNK1A1;TPM3;GALNT2;PTPN12;MTOR;SKI;RAD51;AGBL2;MET;PAFAH1B1
ChEA_2016,EZH2 23942234 ChIP-Seq MYOBLASTS AND MYOTUBES Mouse,20/935,0.0711338199391399,0.6009994951756147,0,0,1.466432474629196,3.876063154528588,PSD;DDX3X;CSF1;HSPA5;DST;DOCK9;SLC11A2;CRABP1;PTPRJ;SYNJ2;NR2E1;LTBP1;OVOL2;RRP7A;CYP2W1;MCM3AP;TNPO2;B4GALT7;LLGL1;TNS1
ChEA_2016,GATA1 21571218 ChIP-Seq MEGAKARYOCYTES Human,48/2601,0.0740122986339843,0.6009994951756147,0,0,1.2793165836644098,3.330731431510394,NOTCH2;ALK;PHTF2;CLIC4;TOMM40;HSP90AB1;MVK;WDR1;HPGD;DOCK9;FHL2;GRIK1;ICAM5;AKAP5;ETS1;LTBP1;EGFR;PTHLH;PREX2;DSTYK;C15ORF39;GGA3;UBR5;ATP6V0A2;PACSIN2;TNPO2;TNS1;GPR135;ARL15;CSNK1A1;GALNT2;NONO;SLC11A2;WDR74;SSTR1;CFLAR;SYTL2;SKI;GALC;PARP11;CLDN10;SLC7A6;ILF3;INCENP;ADORA2B;NOS1AP;FXN;MPHOSPH6
ChEA_2016,IRF1 19129219 ChIP-ChIP H3396 Human,6/196,0.0755007626888269,0.6009994951756147,0,0,2.095596133190118,5.414208408542208,ALK;STEAP4;HPGD;FXN;STXBP5L;PICALM
ChEA_2016,ZNF217 24962896 ChIP-Seq MCF-7 Human,30/1522,0.075714682376894,0.6009994951756147,0,0,1.3559725945784926,3.4994712681070608,FAM49A;ALK;VAC14;SDC2;PTPRJ;ENO1;ATP2C2;LTBP1;RNF126P1;CDH6;SOCS2;UBR5;CA12;CDV3;SVIL;OSR2;HNRNPA3;CADM1;CSNK1A1;SLC11A2;SSTR1;PTPN12;QKI;SYTL2;OVOL2;SULT2B1;NOS1AP;MET;FGFR2;MPHOSPH6
ChEA_2016,ELK3 25401928 ChIP-Seq HUVEC Human,38/2000,0.0763173962127764,0.6009994951756147,0,0,1.3112574020900936,3.373674336025481,FAM49A;ANKLE2;UBIAD1;DDX3X;WDR1;PITPNA;FHL2;PTPRJ;ENO1;ICAM5;PTHLH;PSMD4;HLX;KIAA1644;MTA2;HNRNPA1;TNPO2;MPZL1;PDLIM7;TNS1;SREBF1;STAT1;FUS;NONO;WDR74;CFLAR;PTPN12;MTOR;GIP;SKI;SLC7A6;RUFY2;TSR1;PDE5A;CYP2E1;CD44;FGFR1;PICALM
ChEA_2016,ESRRB 18555785 Chip-Seq ESCs Mouse,38/2000,0.0763173962127764,0.6009994951756147,0,0,1.3112574020900936,3.373674336025481,NOTCH2;RBPJL;TMEM87A;DIDO1;COPA;SLC35D1;FHL2;PTPRJ;BZW1;PDC;PREX2;DSTYK;HLX;ADAM23;ADORA1;IDH3B;MYBL2;MPZL1;TNS1;NUP214;DDX18;DST;STAT1;SPAG4;CFLAR;KMO;USH2A;OVOL2;RAD51;MYL1;AGBL2;COL4A3;NOS1AP;SAG;YME1L1;CHI3L1;PDE5A;CD44
ChEA_2016,FOXH1 21741376 ChIP-Seq ESCs Human,38/2000,0.0763173962127764,0.6009994951756147,0,0,1.3112574020900936,3.373674336025481,NOTCH2;MTMR1;PRPS1;CLIC4;COPA;UBIAD1;ZNF195;HR;STK19;PKMYT1;NAPG;RRP7A;SAMD14;ADAM28;MYBL2;MS4A12;UTP14A;TNPO2;CA12;KLF12;DST;SPAG4;PTPN12;LARP4;MTOR;OVOL2;SKI;MFAP4;CCKBR;PRKAR1A;COL4A6;CHI3L1;TLL2;ANAPC5;MATN3;CD44;FGFR2;MPHOSPH6
ChEA_2016,AR 21915096 ChIP-Seq LNCaP-1F5 Human,38/2000,0.0763173962127764,0.6009994951756147,0,0,1.3112574020900936,3.373674336025481,FAM49A;APP;DIDO1;PRPS1;STEAP4;CSF1;PITPNA;PTPRJ;SLC3A2;KLK2;AKAP5;PSEN1;NR2E1;HMGCR;PKMYT1;BZW1;NAPG;EGFR;ACTG2;RNF126P1;SOCS2;SPAST;CSRP2;PACSIN2;TGM4;MPZL1;NUP214;CA12;MCF2;MTOR;STXBP5L;SKI;CLDN10;RABEP1;NPC1;WDFY3;CD44;FGFR2
ChEA_2016,UBF1/2 26484160 Chip-Seq FIBROBLAST Human,38/2000,0.0763173962127764,0.6009994951756147,0,0,1.3112574020900936,3.373674336025481,RBM28;PHTF2;WDR1;DOCK9;CRABP1;LTBP1;NAPG;EGFR;JAKMIP2;CDH6;SOCS2;LMAN1;ADAM28;CSRP2;MYH11;WNT2;DACT1;SREBF1;KLF12;CADM1;DST;CSNK1A1;FUS;LAMB4;PTPN11;SSTR1;CNKSR2;GALC;CLDN10;RAD51;ACTC1;CEACAM5;NOVA2;CDK1;ZNF711;PDE5A;FGFR2;CRLF2
ChEA_2016,UBF1/2 26484160 Chip-Seq HMECs Human,38/2000,0.0763173962127764,0.6009994951756147,0,0,1.3112574020900936,3.373674336025481,NOTCH2;CLIC4;CSF1;POLDIP3;ISG20L2;PTPRJ;ENO1;PSEN1;PLCXD1;PTHLH;IKBKB;CNN1;DSTYK;C15ORF39;PSMD4;SPATA5L1;PDCD11;KIAA1644;CDC37L1;MPZL1;NADK;CDV3;CADM1;STAT1;GALNT2;WDR74;HDGFRP3;NRG1;LARP4;MTOR;SULT2B1;SKI;RPS28;PDE5A;SERINC2;FXN;EIF4G2;PICALM
ChEA_2016,UBF1/2 26484160 Chip-Seq HMEC-DERIVED Human,38/2000,0.0763173962127764,0.6009994951756147,0,0,1.3112574020900936,3.373674336025481,NOTCH2;UBIAD1;DDX3X;SLC35D1;ISG20L2;PTPRJ;ENO1;ETS1;SOCS2;CNN1;CDH2;CD59;MTA2;TNPO2;NADK;SREBF1;SVIL;TIPIN;KLF12;EMX2;CADM1;GALNT2;SFTPC;WDR74;SSTR1;PAICS;SKI;ACTA2;GALC;NPC1;GJB3;AGBL2;CNTN1;PDE5A;SERINC2;CD44;PAFAH1B1;FGFR1
ChEA_2016,KDM2B 26808549 Chip-Seq DND41 Human,38/2000,0.0763173962127764,0.6009994951756147,0,0,1.3112574020900936,3.373674336025481,DIDO1;CLIC4;UBIAD1;HSP90AB1;MVK;SLC35D1;CBFB;DOCK9;PTPRJ;ENO1;PSEN1;KRI1;MED17;SOCS2;DSTYK;C15ORF39;CDH2;MYBL2;MTA2;TNPO2;MPZL1;PDLIM7;CDV3;KLF12;SORT1;STAT1;GALNT2;SIAH1;CFLAR;EML2;SKI;TLL2;SERINC2;B4GALT7;CD44;EIF4G2;FGFR1;PICALM
ChEA_2016,FLI1 26923725 Chip-Seq MACROPHAGESS Mouse,38/2000,0.0763173962127764,0.6009994951756147,0,0,1.3112574020900936,3.373674336025481,RGS17;STEAP4;CBFB;SRRT;DBH;KRI1;CLDN1;CACNA1G;HSPD1;CNN1;PSMD4;ADORA1;TNFRSF8;TNPO2;AGFG2;SREBF1;STAT1;CSNK1A1;GALNT2;TEX10;ERLIN1;DONSON;SYTL2;GGCT;RPS28;SLC7A6;RABEP1;NPC1;INCENP;NOS1AP;SAG;TLL2;PDE5A;CFB;EIF4G2;CDKN3;MPHOSPH6;GLYR1
ChEA_2016,RING1B 27294783 Chip-Seq ESCs Mouse,38/2000,0.0763173962127764,0.6009994951756147,0,0,1.3112574020900936,3.373674336025481,RBPJL;APP;RGS17;ANKLE2;HSP90AB1;CRABP1;FHL2;GRIK1;HR;ICAM5;NR2E1;PLCXD1;EGFR;PREX2;CDH6;SOCS2;SAMD14;DSTYK;CDH2;HLX;ADAM23;UBR5;ADORA1;MYBL2;WNT2;TNS1;DDX18;OSR2;EMX2;CADM1;STAT1;CSNK1A1;OVOL2;CNTN1;TSR1;APBA1;FGFR2;FGFR1
ChEA_2016,PCGF2 27294783 Chip-Seq NPCs Mouse,11/451,0.0787772286311122,0.612711778241984,0,0,1.666089965397924,4.233753360759326,DDX18;MYL1;FASTKD2;STAT1;ADAM23;COL4A3;FHL2;CFLAR;BZW1;TNS1;HSPD1
ChEA_2016,RUNX1 26923725 Chip-Seq MACROPHAGESS Mouse,3/69,0.0851330297468061,0.6540708382986328,0,0,3.004897459442914,7.402685658378728,INCENP;GALNT2;RCAN2
ChEA_2016,BRD4 25478319 ChIP-Seq HGPS Human,43/2326,0.0864074502215388,0.6558637787899938,0,0,1.2764469578051951,3.125611894910552,NOTCH2;PHTF2;PRPS1;CBFB;PTPRJ;ENO1;PSEN1;BZW1;ETS1;LTBP1;NAPG;EGFR;MALT1;PTHLH;CRKL;DSTYK;PACSIN2;CD59;NADK;PDLIM7;GPR135;CA12;SVIL;HSPA5;DST;STAT1;GALNT2;TEX10;NONO;DONSON;NRG1;CTPS1;SYNJ2;QKI;EML4;ACTA2;GALC;PDE5A;MET;CD44;MPHOSPH6;FGFR1;PICALM
ChEA_2016,TFAP2A 17053090 ChIP-ChIP MCF-7 Human,36/1904,0.0875708516208508,0.6564335383837927,0,0,1.3017325287132568,3.170118444047773,APP;TOMM40;DOCK9;GOSR2;SLC3A2;KLK2;DTX3;ETS1;MALT1;SAMD14;PACSIN2;IDH3B;CD59;MTA2;IL13RA1;CA12;FUS;SIAH1;DONSON;PTPN11;SSTR1;EML2;SYTL2;GALC;MFAP4;MCM3AP;RAD51;CCKBR;NPC1;ADORA2B;CEACAM5;TSR1;EIF4G2;CRLF2;CDKN3;PICALM
ChEA_2016,GABP 19822575 ChIP-Seq HepG2 Human,48/2639,0.0892669880977641,0.6564335383837927,0,0,1.257760379335061,3.038904452145123,RBM28;DIDO1;POM121;COPA;SLC35D1;CBFB;ZNF195;DOCK9;POLDIP3;GOSR2;ISG20L2;SLC3A2;ENO1;KRI1;NAPG;MED17;HSPD1;SPAST;SPATA5L1;IDH3B;CDC37L1;MYBL2;RPP14;NADK;NUP214;PSD;MAGI1;UNC45A;DDX18;SREBF1;TRAPPC3;EIF2B2;RING1;DST;STAT1;CSNK1A1;TPM3;SIAH1;ERLIN1;LARP4;PAICS;PARP11;MCM3AP;YME1L1;TSR1;CYP2E1;B4GALT7;MPHOSPH6
ChEA_2016,MEIS1 26923725 Chip-Seq HEMOGENIC-ENDOTHELIUM Mouse,24/1196,0.0901796922356387,0.6564335383837927,0,0,1.374684671316219,3.3074239854455425,FAM49A;SREBF1;HNRNPA3;CADM4;EIF2B2;CADM1;DOCK9;GALNT2;USH2A;PDC;PTHLH;CDH6;GGCT;CDH2;GM2A;INCENP;ADORA2B;HLX;MYH11;PDE5A;WNT2;FGFR2;TNS1;MPHOSPH6
ChEA_2016,EZH2 27294783 Chip-Seq NPCs Mouse,27/1374,0.0913385374879973,0.6564335383837927,0,0,1.3475366504319737,3.2249011071353992,RGS17;FASTKD2;FHL2;NR2E1;BZW1;PDC;HSPD1;PREX2;SOCS2;DSTYK;PLN;HLX;ADAM23;ADORA1;MPZL1;TNS1;DDX18;DST;STAT1;CFLAR;USH2A;MYL1;COL4A3;NOS1AP;CDK1;SAG;CHI3L1
ChEA_2016,SMAD3 21741376 ChIP-Seq EPCs Human,31/1613,0.0922099754419185,0.6564335383837927,0,0,1.319815395316267,3.146026748424197,FAM49A;ALK;PHTF2;VAC14;ETS1;CDH6;ADAM28;PLN;HLX;CNR1;DACT1;CA12;MAGI1;DDX18;CADM1;DST;STAT1;API5;GALNT2;NONO;NRG1;USH2A;MTOR;OVOL2;STXBP5L;GALC;AGBL2;CHI3L1;FGFR2;CDKN3;PICALM
ChEA_2016,BCL3 23251550 ChIP-Seq MUSCLE Mouse,18/858,0.0961161384787255,0.6564335383837927,0,0,1.4331306990881458,3.3566759186003075,NUP214;PSD;HSPA5;ARL15;FUS;PITPNA;SRRT;SRSF1;HR;ICAM5;PSEN1;MCM3AP;PDCD11;ARIH2;IDH3B;GPR135;CDKN3;GLYR1
ChEA_2016,TP63 23658742 ChIP-Seq EP156T Human,64/3652,0.0962785274064751,0.6564335383837927,0,0,1.2177692118738546,2.8502009706994462,FAM49A;ALK;APP;PHTF2;DDX3X;CSF1;WDR1;DOCK9;FHL2;ENO1;ETS1;CSRP2;DGCR5;NUP214;MAGI1;SREBF1;DST;SLC34A1;TEX10;KMO;GIP;CLDN10;INCENP;WDFY3;SNRPA1;CLDN16;FXN;MET;CD44;NOTCH2;MTMR1;RGS17;HPGD;HMGCR;LTBP1;EGFR;PTHLH;SOCS2;UBR5;PACSIN2;MTA2;WNT2;MPZL1;CA12;STAT1;CSNK1A1;GALNT2;MCF2;LAMB4;ERLIN1;PTPN11;SYNJ2;PTPN12;VENTXP1;QKI;SQLE;CNTN1;CDK1;TLL2;SERINC2;FGFR2;CDKN3;MPHOSPH6;PICALM
ChEA_2016,TCF3 18692474 ChIP-Seq MEFs Mouse,16/745,0.0964819739374313,0.6564335383837927,0,0,1.4661025135725188,3.428332778690935,MAGI1;DIDO1;DST;SLC3A2;ENO1;NR2E1;HMGCR;GIP;ACTC1;GJB3;ADAM23;ARIH2;MYBL2;MATN3;FGFR2;FGFR1
ChEA_2016,KLF4 19030024 ChIP-ChIP MESCs Mouse,29/1502,0.0969219918100823,0.6564335383837927,0,0,1.3241621010914792,3.090394173237556,DIDO1;CLIC4;HSP90AB1;CRABP1;STMN2;PTPRJ;SLC3A2;ENO1;NR2E1;ADAM23;TCEB2;MYBL2;NADK;SREBF1;OSR2;EMX2;DST;HUWE1;SYNJ2;SSTR1;PAICS;SYTL2;SQLE;ILF3;GJB3;COL4A6;ANAPC5;PDE5A;PICALM
ChEA_2016,SOX9 24532713 ChIP-Seq HFSC Mouse,27/1384,0.0973871296377819,0.6564335383837927,0,0,1.3368775660595853,3.1136696900606693,NOTCH2;APP;VAC14;DCTN5;TOMM40;STEAP4;CBFB;SLC3A2;ENO1;CLDN1;EGFR;ARIH2;AGFG2;TNS1;CDV3;TRAPPC3;DST;ARL15;API5;MTOR;SYTL2;SKI;SLC7A6;INCENP;COL4A3;CD44;FGFR2
ChEA_2016,TCF4 18268006 ChIP-ChIP LS174T Human,11/470,0.0979440517588516,0.6564335383837927,0,0,1.595547715433732,3.70702992720042,EML4;FAM49A;ALK;GALNT2;COL4A3;LTBP1;USH2A;PDC;MPZL1;AGT;TNS1
ChEA_2016,SOX2 18692474 ChIP-Seq MEFs Mouse,37/1991,0.1011364641093327,0.661266696930674,0,0,1.2776794019093134,2.927527066165294,PHTF2;DIDO1;PRPS1;TOMM40;HSP90AB1;WDR1;POLDIP3;SLC3A2;ENO1;HMGCR;CRKL;CDH6;LMAN1;ADAM23;ARIH2;MYBL2;MPZL1;MAGI1;KLF12;DST;SORT1;STAT1;TPM3;SLC34A1;SYNJ2;CFLAR;GIP;ILF3;ACTC1;NPC1;GJB3;CHI3L1;CFB;MATN3;FGFR2;PAFAH1B1;FGFR1
ChEA_2016,TCF21 26020271 ChIP-Seq SMOOTH MUSCLE Human,37/2000,0.1060125974444413,0.661266696930674,0,0,1.2711764603336633,2.8527708412682298,DCTN5;CLIC4;HSP90AB1;SLC35D1;CSF1;POLDIP3;CRABP1;FHL2;ETS1;LTBP1;NAPG;BEST1;IKBKB;INE1;HLX;PACSIN2;CD59;UTP14A;TGM4;TNS1;DACT1;KLF12;HSPA5;DST;STAT1;TPM3;SPAG4;CFLAR;SYTL2;GIP;SKI;MFAP4;CYP2W1;RAD51;CCKBR;APBA1;CLDN16
ChEA_2016,GATA3 21878914 ChIP-Seq MCF-7 Human,37/2000,0.1060125974444413,0.661266696930674,0,0,1.2711764603336633,2.8527708412682298,FAM49A;LRRC15;FASTKD2;PITPNA;ICAM5;KLK2;PSEN1;ATP2C2;CLDN1;ETS1;PDC;JAKMIP2;CDH6;GM2A;KIAA1644;TCEB2;MTA2;CDV3;DST;ARL15;LAMB4;HUWE1;CFLAR;LARP4;PAICS;SYTL2;MED25;AGBL2;CNTN1;CDK1;CHI3L1;TLL2;ZNF711;APBA1;SERINC2;B4GALT7;FGFR1
ChEA_2016,SOX3 22085726 ChIP-Seq NPCs Mouse,37/2000,0.1060125974444413,0.661266696930674,0,0,1.2711764603336633,2.8527708412682298,ALK;TMEM87A;TOMM40;STEAP4;CSF1;CBFB;HPGD;PTPRJ;AKAP5;PKMYT1;BZW1;EGFR;MED17;CDH6;LMAN1;DSTYK;CDH2;ATP6V0A2;ARIH2;MPZL1;PDLIM7;NUP214;MAGI1;DDX18;EIF2B2;CADM1;SORT1;CSNK1A1;FUS;HUWE1;RAD51;GJB3;ADORA2B;COL4A6;CDK1;LLGL1;PAFAH1B1
ChEA_2016,CHD1 26751641 Chip-Seq LNCaP Human,37/2000,0.1060125974444413,0.661266696930674,0,0,1.2711764603336633,2.8527708412682298,NOTCH2;APP;TMEM87A;RBM28;CLIC4;CBFB;ZNF195;SDC2;ISG20L2;PTPRJ;ENO1;AKAP5;PSEN1;PTHLH;CSRP2;ZNF207;MTA2;RPP14;TNPO2;MPZL1;NADK;SVIL;TRAPPC3;API5;GALNT2;NONO;SLC11A2;HDGFRP3;STXBP5L;SKI;RPS28;RABEP1;RUFY2;CDK1;SNRPA1;EIF4G2;PICALM
ChEA_2016,ELF3 26769127 Chip-Seq PDAC-Cell line Human,37/2000,0.1060125974444413,0.661266696930674,0,0,1.2711764603336633,2.8527708412682298,APP;UBIAD1;CBFB;HPGD;DOCK9;ISG20L2;ENO1;ATP2C2;MALT1;PTHLH;DSTYK;ADAM28;C15ORF39;GGA3;PDCD11;ADORA1;PACSIN2;TCEB2;MTA2;MPZL1;NADK;CDV3;SVIL;TRAPPC3;KLF12;SORT1;GALNT2;SPAG4;ERLIN1;KMO;SLC7A6;PRKAR1A;GJB3;AGBL2;TLL2;CYP2E1;SERINC2
ChEA_2016,LMO2 26923725 Chip-Seq HEMOGENIC-ENDOTHELIUM Mouse,37/2000,0.1060125974444413,0.661266696930674,0,0,1.2711764603336633,2.8527708412682298,NOTCH2;RGS17;ANKLE2;CLIC4;SLC3A2;ENO1;HMGCR;PLCXD1;ETS1;LTBP1;ACTG2;PTHLH;MED17;HLX;TNFRSF8;SREBF1;EMX2;CADM1;ARL15;SORT1;CSNK1A1;API5;GALNT2;SQLE;RABEP1;PRKAR1A;INCENP;ADORA2B;AGBL2;NOS1AP;APBA1;SNRPA1;MET;CD44;CDKN3;MPHOSPH6;PICALM
ChEA_2016,LMO2 26923725 Chip-Seq HEMANGIOBLAST Mouse,34/1822,0.1084072922471766,0.6695744521149144,0,0,1.2804830869119106,2.845054049798206,FAM49A;NOTCH2;PHTF2;ANKLE2;CLIC4;DDX3X;GRIK1;HMGCR;ETS1;CACNA1G;CDH2;ADAM23;TNFRSF8;MAGI1;DDX18;SVIL;KLF12;HNRNPA3;CSNK1A1;API5;SYNJ2;USH2A;GALC;SQLE;INCENP;ADORA2B;RCAN2;NOS1AP;LLGL1;CD44;PAFAH1B1;CDKN3;MPHOSPH6;PICALM
ChEA_2016,YY1 23942234 ChIP-Seq MYOBLASTS AND MYOTUBES Mouse,28/1466,0.111766401133599,0.6836197350890035,0,0,1.3073099893643132,2.864766280402973,NOTCH2;ALK;APP;RBM28;DIDO1;UBIAD1;DDX3X;FASTKD2;SRSF1;LTBP1;CRKL;RRP7A;LMAN1;IDH3B;TCEB2;TNS1;CSNK1A1;TPM3;GALC;RPS28;MED25;YME1L1;TSR1;MET;EIF4G2;PAFAH1B1;MPHOSPH6;GLYR1
ChEA_2016,NR1I2 20693526 ChIP-Seq LIVER Mouse,19/939,0.1150834792113098,0.6971403067608195,0,0,1.3802413739749342,2.9842164348005893,NOTCH2;SREBF1;SVIL;CLIC4;GALNT2;ERLIN1;PTPRJ;STK19;HMGCR;CLDN1;EGFR;CACNA1G;PARP11;LMAN1;ACTC1;NPC1;NOS1AP;MPZL1;TNS1
ChEA_2016,CREB1 23762244 ChIP-Seq HIPPOCAMPUS Rat,43/2393,0.1196939334196087,0.7181636005176523,0,0,1.2352843778458482,2.622283108540021,FAM49A;PHTF2;POM121;TOMM40;HSP90AB1;GOSR2;PITPNA;STK19;SLC3A2;PSEN1;HMGCR;PLCXD1;CRKL;IKBKB;SAMD14;ARIH2;IDH3B;CDC37L1;RPP14;TNPO2;AGFG2;NUP214;SREBF1;CDV3;HNRNPA3;EIF2B2;RING1;HSPA5;SORT1;CSNK1A1;TPM3;NONO;SPAG4;WDR74;HUWE1;LARP4;POLA1;ILF3;RAD51;INCENP;EIF4G2;ATG2B;PAFAH1B1
ChEA_2016,EGR1 19032775 ChIP-ChIP M12 Human,7/276,0.1227436251827419,0.7295139987276172,0,0,1.725731758377,3.61999407447398,CXCL9;CCKBR;HLX;CMA1;ZNF207;CLDN1;EGFR
ChEA_2016,SMAD4 21799915 ChIP-Seq A2780 Human,44/2464,0.1247561292815557,0.7345454340876648,0,0,1.2272727272727273,2.554438597821807,ALK;RGS17;DDX3X;STMN2;FHL2;GRIK1;PTPRJ;DTX3;CLDN1;BZW1;LTBP1;EGFR;ACTG2;PTHLH;PREX2;ADAM23;UBR5;PACSIN2;CD59;AGFG2;TNS1;MAGI1;EMX2;DST;ARL15;GALNT2;MCF2;SIAH1;HUWE1;NRG1;SSTR1;USH2A;POLA1;PARP11;ACTC1;ADORA2B;NOS1AP;COL4A6;CNTN1;CHI3L1;MET;FGFR2;FGFR1;PICALM
ChEA_2016,ESR1 21235772 ChIP-Seq MCF-7 Human,6/228,0.1292995109529172,0.7355036702619465,0,0,1.7905865048722192,3.6628663264169634,CA12;SVIL;UBR5;ADORA1;ATP2C2;CD44
ChEA_2016,CDX2 19796622 ChIP-Seq MESCs Mouse,8/334,0.1310623934372702,0.7355036702619465,0,0,1.6282040507605682,3.308643791189698,APP;LRRC15;CLIC4;CADM1;CDH2;HPGD;SDC2;AGBL2
ChEA_2016,POU5F1 18555785 ChIP-Seq MESCs Mouse,12/555,0.1320946717294034,0.7355036702619465,0,0,1.4699969306322898,2.975621299867385,TOX4;RPS28;SPAST;GGA3;STAT1;TPM3;POLDIP3;STMN2;ISG20L2;PAICS;NAPG;MPHOSPH6
ChEA_2016,PDX1 19855005 ChIP-ChIP MIN6 Mouse,14/669,0.132701755111688,0.7355036702619465,0,0,1.4233171408743928,2.874604045682905,UNC45A;TRAPPC3;PHTF2;DCTN5;TOMM40;HSP90AB1;DDX3X;FUS;NONO;GOSR2;HUWE1;PAICS;AGT;STXBP5L
ChEA_2016,VDR 23849224 ChIP-Seq CD4+ Human,40/2231,0.1333240529397369,0.7355036702619465,0,0,1.2294351016395746,2.4772780751447794,NOTCH2;RBM28;COPA;HSP90AB1;WDR1;FASTKD2;GOSR2;SLC3A2;PSEN1;BZW1;CRKL;IKBKB;DSTYK;SPATA5L1;ZNF207;CDC37L1;RPP14;HNRNPA1;TNPO2;UNC45A;DDX18;SREBF1;CDV3;TIPIN;KLF12;STAT1;CSNK1A1;FUS;SPAG4;PAICS;TOX4;PARP11;SLC7A6;MED25;RABEP1;RAD51;NPC1;YME1L1;EIF4G2;ATG2B
ChEA_2016,FOXM1 26100407 CHIP-SEQ Hek293 flp-in Human,35/1934,0.1405940119236947,0.7355036702619465,0,0,1.2380597533955309,2.4289232946956947,APP;CLIC4;TOMM40;DDX3X;SLC35D1;GOSR2;PTPRJ;ENO1;PSEN1;BZW1;ETS1;SOCS2;LMAN1;GGA3;CDH2;HLX;TNPO2;MPZL1;DACT1;SVIL;OSR2;TRAPPC3;HNRNPA3;CADM1;DST;ARL15;STAT1;WDR74;HUWE1;CFLAR;EML2;EML4;PDE5A;FGFR2;PAFAH1B1
ChEA_2016,SMARCD1 25818293 ChIP-Seq ESCs Mouse,38/2119,0.1406524467546908,0.7355036702619465,0,0,1.2279805290322108,2.4086387999333025,APP;PHTF2;ANKLE2;HPGD;LTBP1;MALT1;JAKMIP2;PREX2;LMAN1;DSTYK;CDH2;ADAM23;MYBL2;MAGI1;KLF12;DST;ARL15;STAT1;CSNK1A1;DESI2;HUWE1;SYNJ2;PTPN12;SYTL2;STXBP5L;EML4;SULT1B1;RCAN2;NOS1AP;COL4A6;YME1L1;TLL2;APBA1;WDFY3;SERINC2;CD44;FGFR2;FGFR1
ChEA_2016,CDX2 22108803 ChIP-Seq LS180 Human,36/2000,0.1435983356225705,0.7355036702619465,0,0,1.231438622477319,2.389896297052591,NOTCH2;GCDH;RGS17;VAC14;WDR1;PITPNA;ETS1;LTBP1;EGFR;RNF126P1;BEST1;PREX2;DSTYK;ADAM28;MS4A12;MTA2;WNT2;DACT1;DDX18;SREBF1;STAT1;TEX10;LAMB4;HDGFRP3;SYNJ2;SSTR1;PTPN12;PAICS;USH2A;AGT;ADORA2B;RCAN2;COL4A3;ZNF711;CD44;CDKN3
ChEA_2016,HOXB7 26014856 ChIP-Seq BT474 Human,36/2000,0.1435983356225705,0.7355036702619465,0,0,1.231438622477319,2.389896297052591,FAM49A;NOTCH2;PHTF2;VAC14;ANKLE2;POM121;HSP90AB1;DOCK9;SDC2;GOSR2;CRABP1;PSEN1;LTBP1;PTHLH;PDCD11;MYBL2;TGM4;MPZL1;NADK;SVIL;CSNK1A1;API5;CMA1;SIAH1;HDGFRP3;SYNJ2;MTOR;SULT2B1;RABEP1;RAD51;PRKAR1A;CHI3L1;CD24;ATG2B;MPHOSPH6;FGFR1
ChEA_2016,NCOR1 26117541 ChIP-Seq K562 Human,36/2000,0.1435983356225705,0.7355036702619465,0,0,1.231438622477319,2.389896297052591,ANKLE2;HSP90AB1;SLC35D1;CSF1;CBFB;DOCK9;GRIK1;ENO1;ICAM5;NAPG;CRKL;SOCS2;CNN1;DSTYK;INE1;SPAST;SPATA5L1;MYBL2;DGCR5;PDLIM7;NUP214;SREBF1;OSR2;HNRNPA3;HSPA5;TPM3;FUS;SIAH1;WDR74;CFLAR;KMO;EML2;GIP;POLA1;RUFY2;PICALM
ChEA_2016,SOX2 18555785 Chip-Seq ESCs Mouse,36/2000,0.1435983356225705,0.7355036702619465,0,0,1.231438622477319,2.389896297052591,TMEM87A;DIDO1;COPA;FASTKD2;FHL2;PTPRJ;DBH;BZW1;PDC;HSPD1;PREX2;DSTYK;HLX;ADAM23;ADORA1;MPZL1;TNS1;NUP214;DDX18;HNRNPA3;DST;SORT1;STAT1;CFLAR;KMO;USH2A;OVOL2;RAD51;MYL1;COL4A3;NOS1AP;SAG;YME1L1;CHI3L1;PDE5A;CD44
ChEA_2016,SMAD4 21741376 ChIP-Seq EPCs Human,36/2000,0.1435983356225705,0.7355036702619465,0,0,1.231438622477319,2.389896297052591,ALK;RBPJL;APP;PHTF2;PRPS1;VAC14;FASTKD2;DOCK9;ENO1;AKAP5;HMGCR;TARP;CRKL;ADAM28;ADAM23;GPR135;SREBF1;EMX2;EIF2B2;CADM1;ARL15;STAT1;GALNT2;NONO;SSTR1;OVOL2;STXBP5L;ILF3;ADORA2B;AGBL2;CHI3L1;SERINC2;FGFR2;ATG2B;CDKN3;PICALM
ChEA_2016,NCOR 22424771 ChIP-Seq 293T Human,36/2000,0.1435983356225705,0.7355036702619465,0,0,1.231438622477319,2.389896297052591,LTK;GOSR2;ENO1;PSEN1;NR2E1;NAPG;PREX2;CDH6;GGA3;SPATA5L1;CNR1;MYH11;MTA2;AGFG2;MPZL1;PSD;MAGI1;SREBF1;CDV3;SVIL;TRAPPC3;TIPIN;CADM4;EIF2B2;SYTL2;ACTA2;RABEP1;ACTC1;NPC1;INCENP;ADORA2B;CEACAM5;RUFY2;TLL2;ATG2B;GLYR1
ChEA_2016,KDM2B 26808549 Chip-Seq HPB-ALL Human,36/2000,0.1435983356225705,0.7355036702619465,0,0,1.231438622477319,2.389896297052591,DIDO1;CLIC4;SLC35D1;CBFB;SLC3A2;ENO1;C15ORF39;SPATA5L1;CDH2;CD59;MPZL1;NADK;SREBF1;CDV3;SVIL;TIPIN;KLF12;SORT1;STAT1;TPM3;GALNT2;WDR74;ERLIN1;CFLAR;PTPN12;EML2;QKI;SKI;SLC7A6;RUFY2;APBA1;SNRPA1;SERINC2;CD44;EIF4G2;FGFR1
ChEA_2016,ATF3 27146783 Chip-Seq COLON Human,36/2000,0.1435983356225705,0.7355036702619465,0,0,1.231438622477319,2.389896297052591,NOTCH2;POM121;CLIC4;HSP90AB1;DDX3X;FHL2;ATP2C2;ETS1;MALT1;MED17;SOCS2;LMAN1;CNN1;CD59;MTA2;PDLIM7;MAGI1;SREBF1;CDV3;HNRNPA3;HSPA5;SLC11A2;SIAH1;WDR74;ERLIN1;PTPN11;PTPN12;SULT2B1;SKI;SLC7A6;RABEP1;NPC1;GJB3;PDE5A;CLDN16;B4GALT7
ChEA_2016,PU1 27457419 Chip-Seq LIVER Mouse,36/2000,0.1435983356225705,0.7355036702619465,0,0,1.231438622477319,2.389896297052591,NOTCH2;DIDO1;COPA;FASTKD2;FHL2;PTPRJ;DBH;BZW1;PDC;HSPD1;PREX2;DSTYK;HLX;ADAM23;ADORA1;MPZL1;TNS1;NUP214;DDX18;HNRNPA3;DST;STAT1;CFLAR;KMO;USH2A;OVOL2;SKI;MYL1;AGBL2;COL4A3;NOS1AP;SAG;YME1L1;CHI3L1;PDE5A;CD44
ChEA_2016,ELK1 19687146 ChIP-ChIP HELA Human,18/916,0.1479390035274768,0.7510438928678191,0,0,1.336445055205421,2.5538866658453974,UNC45A;RBM28;ZNF230;TOMM40;EIF2B2;CSNK1A1;TPM3;SLC11A2;SIAH1;PTPN11;HMGCR;PTPN12;KMO;SYTL2;CSRP2;SPATA5L1;SNRPA1;MET
ChEA_2016,DROSHA 22980978 ChIP-Seq HELA Human,10/456,0.1496389618979709,0.7510438928678191,0,0,1.4886346064635845,2.8277058064949894,ALK;COPA;EMX2;ADORA2B;TNFRSF8;SYNJ2;SERINC2;USH2A;SLC6A3;MPZL1
ChEA_2016,FOXO1 23066095 ChIP-Seq LIVER Mouse,8/347,0.1523127379321477,0.7510438928678191,0,0,1.5647149149391846,2.944510859661082,SOCS2;KLF12;TOMM40;PLN;APBA1;MET;EGFR;TNS1
ChEA_2016,AR 19668381 ChIP-Seq PC3 Human,60/3519,0.1525671005438287,0.7510438928678191,0,0,1.1738219138479329,2.206962182373401,FAM49A;APP;RBM28;EDA;CSF1;WDR1;DBH;ETS1;CRKL;IKBKB;CSRP2;CDH2;ADORA1;TNFRSF8;TNPO2;TNS1;MAGI1;DDX18;KLF12;NRG1;SULT2B1;EML4;CLDN10;MED25;RABEP1;NPC1;ADORA2B;NOS1AP;SAG;VAC14;ZNF230;LTK;MVK;SDC2;ATP2C2;EGFR;CACNA1G;JAKMIP2;SPAST;CNR1;ATP6V0A2;PACSIN2;SVIL;STAT1;GALNT2;HUWE1;PTPN11;USH2A;SKI;POLA1;PARP11;MCM3AP;ACTC1;NOVA2;CNTN1;TSR1;APBA1;CD24;FGFR2;FGFR1
ChEA_2016,FOXP2 23625967 ChIP-Seq PFSK-1 AND SK-N-MC Human,17/863,0.1540976706641414,0.7510438928678191,0,0,1.3387381065751114,2.503666040840601,APP;LRRC15;CLIC4;CRABP1;SYNJ2;KRI1;ETS1;USH2A;EML4;SOCS2;ADAM28;SPAST;HLX;SNRPA1;MTA2;SERINC2;TNS1
ChEA_2016,MYC 18555785 ChIP-Seq MESCs Mouse,22/1200,0.1928460239825837,0.7510438928678191,0,0,1.2442867437798488,2.047925776381588,DDX18;HSP90AB1;CBFB;TPM3;FUS;TEX10;WDR74;SLC3A2;PAICS;HSPD1;ILF3;RABEP1;PDCD11;INCENP;YME1L1;TSR1;SNRPA1;RPP14;UTP14A;TNPO2;FXN;EIF4G2
ChEA_2016,RUNX1 27514584 Chip-Seq MCF-7 Human,35/2000,0.189684769576296,0.7510438928678191,0,0,1.1920399443084162,1.9816373001386416,NOTCH2;APP;HSP90AB1;PTPRJ;SLC3A2;PSEN1;PKMYT1;LMAN1;DSTYK;GM2A;PACSIN2;TCEB2;HNRNPA1;TNPO2;NADK;TNS1;DDX18;STAT1;SPAG4;LAMB4;HUWE1;PTPN11;SSTR1;EML2;OVOL2;PARP11;YME1L1;ANAPC5;SNRPA1;CYP2E1;MET;FGFR2;CRLF2;CDKN3;MPHOSPH6
ChEA_2016,KDM2B 26808549 Chip-Seq SIL-ALL Human,35/2000,0.189684769576296,0.7510438928678191,0,0,1.1920399443084162,1.9816373001386416,FAM49A;NOTCH2;DIDO1;CLIC4;UBIAD1;SLC35D1;CBFB;PITPNA;ENO1;DBH;ETS1;DSTYK;C15ORF39;CD59;MYBL2;MPZL1;NADK;SVIL;KLF12;STAT1;GALNT2;SPAG4;WDR74;PTPN11;EML2;SKI;RUFY2;TSR1;SERINC2;LLGL1;CD44;EIF4G2;PAFAH1B1;FGFR1;PICALM
ChEA_2016,EBF1 22473956 ChIP-Seq LYMPHODE Mouse,35/2000,0.189684769576296,0.7510438928678191,0,0,1.1920399443084162,1.9816373001386416,NOTCH2;LTK;FASTKD2;STMN2;FHL2;PTPRJ;DBH;BZW1;PDC;HSPD1;PREX2;DSTYK;HLX;ADAM23;ADORA1;MPZL1;TNS1;NUP214;DDX18;HNRNPA3;DST;STAT1;API5;CFLAR;KMO;USH2A;RAD51;MYL1;COL4A3;NOS1AP;SAG;YME1L1;CHI3L1;PDE5A;CD44
ChEA_2016,SOX6 21985497 ChIP-Seq MYOTUBES Mouse,35/2000,0.189684769576296,0.7510438928678191,0,0,1.1920399443084162,1.9816373001386416,RGS17;FASTKD2;FHL2;NR2E1;BZW1;EGFR;PDC;HSPD1;PREX2;SOCS2;DSTYK;CSRP2;PLN;GM2A;HLX;ADAM23;ADORA1;MPZL1;TNS1;DDX18;SREBF1;DST;STAT1;CFLAR;KMO;USH2A;GALC;MYL1;RUFY2;COL4A3;NOS1AP;CDK1;SAG;CHI3L1;PAFAH1B1
ChEA_2016,CTCF 21964334 Chip-Seq Bcells Human,35/2000,0.189684769576296,0.7510438928678191,0,0,1.1920399443084162,1.9816373001386416,ALK;CLIC4;ISG20L2;PTPRJ;BEST1;CNN1;CSRP2;PLN;TNFRSF8;MS4A12;RPP14;NADK;UNC45A;DDX18;TRAPPC3;CADM1;SORT1;TPM3;GALNT2;PTPN11;SYNJ2;CFLAR;QKI;MTOR;SQLE;SLC7A6;NPC1;INCENP;CEACAM5;RUFY2;CDK1;YME1L1;TLL2;PDE5A;MATN3
ChEA_2016,FOXA1 21915096 ChIP-Seq LNCaP-1F5 Human,35/2000,0.189684769576296,0.7510438928678191,0,0,1.1920399443084162,1.9816373001386416,FAM49A;APP;TMEM87A;LRRC15;PHTF2;CBFB;KLK2;AKAP5;PSEN1;MED17;HSPD1;PREX2;SPAST;CSRP2;HLX;TGM4;NADK;CDV3;CADM1;SORT1;TPM3;SLC11A2;SYNJ2;LARP4;MTOR;CLDN10;ACTC1;GJB3;NOS1AP;CDK1;WDFY3;CLDN16;MATN3;FGFR2;GLYR1
ChEA_2016,OCT4 21477851 ChIP-Seq ESCs Mouse,35/2000,0.189684769576296,0.7510438928678191,0,0,1.1920399443084162,1.9816373001386416,RGS17;COPA;FASTKD2;FHL2;NR2E1;BZW1;EGFR;PDC;HSPD1;PREX2;SOCS2;DSTYK;PLN;HLX;ADAM23;ADORA1;MPZL1;TNS1;DDX18;SREBF1;DST;STAT1;CFLAR;KMO;USH2A;MYL1;PRKAR1A;ADORA2B;RUFY2;COL4A3;NOS1AP;CDK1;SAG;CHI3L1;PAFAH1B1
ChEA_2016,NELFA 20434984 ChIP-Seq ESCs Mouse,35/2000,0.189684769576296,0.7510438928678191,0,0,1.1920399443084162,1.9816373001386416,VAC14;CLIC4;HSP90AB1;DDX3X;WDR1;POLDIP3;SLC3A2;ENO1;HMGCR;KRI1;BZW1;CRKL;CSRP2;PSMD4;CDC37L1;MPZL1;NADK;PDLIM7;TIPIN;HSPA5;ARL15;CSNK1A1;FUS;TEX10;PTPN12;PAICS;EML4;RPS28;MED25;RAD51;FXN;EIF4G2;PAFAH1B1;MPHOSPH6;FGFR1
ChEA_2016,SUZ12 18555785 Chip-Seq ESCs Mouse,35/2000,0.189684769576296,0.7510438928678191,0,0,1.1920399443084162,1.9816373001386416,COPA;SLC35D1;FASTKD2;STMN2;FHL2;DBH;BZW1;PDC;HSPD1;PREX2;DSTYK;HLX;ADAM23;ADORA1;MPZL1;TNS1;DDX18;HNRNPA3;DST;STAT1;API5;CFLAR;KMO;USH2A;OVOL2;RAD51;ACTC1;MYL1;COL4A3;NOS1AP;SAG;YME1L1;CHI3L1;CD44;CRLF2
ChEA_2016,KLF4 18555785 Chip-Seq ESCs Mouse,35/2000,0.189684769576296,0.7510438928678191,0,0,1.1920399443084162,1.9816373001386416,NOTCH2;RBPJL;TMEM87A;COPA;LTK;CSF1;FASTKD2;FHL2;BZW1;PDC;HSPD1;PREX2;DSTYK;HLX;ADAM23;ADORA1;MYBL2;MPZL1;TNS1;NUP214;DDX18;DST;STAT1;API5;CFLAR;KMO;USH2A;OVOL2;RAD51;MYL1;COL4A3;NOS1AP;SAG;CHI3L1;CD44
ChEA_2016,ZFX 18555785 Chip-Seq ESCs Mouse,35/2000,0.189684769576296,0.7510438928678191,0,0,1.1920399443084162,1.9816373001386416,RBPJL;TMEM87A;COPA;LTK;FASTKD2;FHL2;DBH;BZW1;PDC;HSPD1;PREX2;DSTYK;HLX;ADAM23;ADORA1;MPZL1;TNS1;NUP214;DDX18;DST;STAT1;CFLAR;KMO;USH2A;OVOL2;RAD51;ACTC1;MYL1;COL4A3;NOS1AP;SAG;YME1L1;CHI3L1;PDE5A;CD44
ChEA_2016,CTCF 18555785 Chip-Seq ESCs Mouse,35/2000,0.189684769576296,0.7510438928678191,0,0,1.1920399443084162,1.9816373001386416,RBPJL;TMEM87A;COPA;LTK;MVK;CSF1;FASTKD2;FHL2;PTPRJ;BZW1;PDC;HSPD1;PREX2;DSTYK;HLX;ADAM23;ADORA1;MPZL1;TNS1;NUP214;DDX18;DST;STAT1;CFLAR;KMO;USH2A;OVOL2;RAD51;MYL1;COL4A3;NOS1AP;SAG;YME1L1;CHI3L1;CD44
ChEA_2016,SMAD1 18555785 Chip-Seq ESCs Mouse,35/2000,0.189684769576296,0.7510438928678191,0,0,1.1920399443084162,1.9816373001386416,RBPJL;TMEM87A;COPA;LTK;SLC35D1;FASTKD2;FHL2;BZW1;PDC;HSPD1;PREX2;DSTYK;HLX;CNR1;ADAM23;ADORA1;MYBL2;MPZL1;TNS1;DDX18;HNRNPA3;DST;STAT1;CFLAR;KMO;USH2A;OVOL2;RAD51;ACTC1;MYL1;COL4A3;NOS1AP;SAG;CHI3L1;CD44
ChEA_2016,OCT4 18555785 Chip-Seq ESCs Mouse,35/2000,0.189684769576296,0.7510438928678191,0,0,1.1920399443084162,1.9816373001386416,TMEM87A;DIDO1;COPA;CSF1;FASTKD2;FHL2;BZW1;PDC;HSPD1;PREX2;DSTYK;HLX;ADAM23;ADORA1;MYBL2;MPZL1;TNS1;NUP214;DDX18;HNRNPA3;DST;STAT1;API5;CFLAR;KMO;USH2A;RAD51;MYL1;COL4A3;NOS1AP;SAG;YME1L1;CHI3L1;PDE5A;CD44
ChEA_2016,MEIS1 26253404 ChIP-Seq OPTIC CUPS Mouse,35/2000,0.189684769576296,0.7510438928678191,0,0,1.1920399443084162,1.9816373001386416,ALK;VAC14;ANKLE2;UBIAD1;SDC2;NR2E1;CLDN1;LTBP1;EGFR;MALT1;LMAN1;PLN;ADAM23;MPZL1;GPR135;DACT1;EMX2;DST;STAT1;PTPN12;USH2A;RABEP1;RAD51;ACTC1;CNTN1;CDK1;PDE5A;CYP2E1;FXN;LLGL1;MATN3;ATG2B;PAFAH1B1;CDKN3;PICALM
ChEA_2016,POU3F1 26484290 ChIP-Seq ESCss Mouse,35/2000,0.189684769576296,0.7510438928678191,0,0,1.1920399443084162,1.9816373001386416,FAM49A;ALK;RBM28;HSP90AB1;SRRT;STMN2;GRIK1;PTPRJ;SLC3A2;PDC;ADAM28;CSRP2;GM2A;ADORA1;MTA2;MPZL1;DACT1;TRAPPC3;KLF12;SORT1;SSTR1;KMO;USH2A;SQLE;PARP11;RABEP1;NPC1;NOS1AP;CNTN1;PDE5A;MET;CD44;FGFR2;CRLF2;FGFR1
ChEA_2016,EP300 21415370 ChIP-Seq HL-1 Mouse,19/1014,0.1886755331985478,0.7510438928678191,0,0,1.2711064217886583,2.1198578573264912,MAGI1;APP;CSF1;GALNT2;STMN2;LTBP1;PTHLH;SYTL2;GALC;PLN;CDH2;RCAN2;COL4A3;NOS1AP;WDFY3;SCRG1;TNS1;MPHOSPH6;FGFR1
ChEA_2016,FOXA1 27197147 Chip-Seq ENDOMETRIOID-ADENOCARCINOMA Human,12/594,0.1837966934890892,0.7510438928678191,0,0,1.3686998854524628,2.3184750341422657,NOTCH2;CLDN10;CLIC4;KLF12;SLC11A2;WDR74;PTPN11;ENO1;CYP2E1;MET;MPZL1;FGFR2
ChEA_2016,ZFX 18555785 ChIP-Seq MESCs Mouse,55/3249,0.1807681331283132,0.7510438928678191,0,0,1.1601216566776993,1.984434616226656,DIDO1;HSP90AB1;HR;PSMD4;ARIH2;MYBL2;TNPO2;NUP214;SREBF1;CDV3;TIPIN;TEX10;SLC11A2;OVOL2;MED25;ILF3;RABEP1;PRKAR1A;INCENP;RUFY2;WDFY3;ANAPC5;SNRPA1;FXN;LLGL1;PAFAH1B1;GCDH;POM121;UBIAD1;CBFB;POLDIP3;GOSR2;ISG20L2;SLC3A2;DTX3;HMGCR;LTBP1;MALT1;HSPD1;LMAN1;SPAST;GGA3;ATP6V0A2;MTA2;MPZL1;TRAPPC3;HSPA5;API5;NONO;SPAG4;PTPN11;PAICS;MCM3AP;RAD51;EIF4G2
ChEA_2016,TP53 18474530 ChIP-ChIP U2OS Human,16/827,0.1803633662876645,0.7510438928678191,0,0,1.312168944617148,2.247459036128914,FAM49A;ALK;API5;FHL2;PTPN11;CLDN1;LTBP1;NAPG;QKI;ACTA2;GALC;INCENP;ADORA2B;NOS1AP;MTA2;FGFR2
ChEA_2016,HNF4A 19761587 ChIP-ChIP CACO-2 Human,21/1126,0.1791746388599753,0.7510438928678191,0,0,1.2666277429085775,2.1778325374342566,NOTCH2;DDX18;ZNF230;HSPA5;HPGD;CSNK1A1;NONO;GOSR2;STK19;PSEN1;SSTR1;CFLAR;LARP4;ETS1;CACNA1G;HSPD1;SULT1B1;PRKAR1A;WDFY3;SNRPA1;IL13RA1
ChEA_2016,SALL4 18804426 ChIP-ChIP MESCs Mouse,20/1062,0.1754157578446107,0.7510438928678191,0,0,1.278996435426378,2.226216544561043,NOTCH2;PHTF2;DIDO1;PRPS1;POM121;DDX3X;CBFB;STMN2;DONSON;HDGFRP3;ENO1;SYNJ2;HMGCR;PTPN12;OVOL2;CDH6;SOCS2;GJB3;MYBL2;FGFR2
ChEA_2016,HOXD13 18407260 ChIP-ChIP DEVELOPING-LIMBS Mouse,5/196,0.1725546845990981,0.7510438928678191,0,0,1.7312095128227882,3.041806233120143,EMX2;WDR1;KLK2;MPZL1;EIF4G2
ChEA_2016,JARID2 20064375 ChIP-Seq MESCs Mouse,21/1117,0.1700654143079169,0.7510438928678191,0,0,1.2776469664861472,2.263443752565007,PSD;APP;OSR2;EMX2;LTK;CSF1;SFTPC;CRABP1;HDGFRP3;HR;NR2E1;SSTR1;PTHLH;OVOL2;PREX2;CDH6;CDH2;HLX;CNR1;ADORA1;APBA1
ChEA_2016,EP300 20729851 ChIP-Seq FORBRAIN MIDBRAIN LIMB HEART Mouse,37/2093,0.1654331574587585,0.7510438928678191,0,0,1.2073131038155966,2.172183306786357,LRRC15;CLIC4;TOMM40;HSP90AB1;CSF1;DOCK9;GOSR2;GRIK1;NAPG;ACTG2;CACNA1G;CNN1;SAMD14;CSRP2;GGA3;SPATA5L1;UBR5;MPZL1;NADK;PDLIM7;TNS1;DACT1;MAGI1;SVIL;OSR2;EMX2;RING1;CSNK1A1;HUWE1;SKI;PARP11;MED25;ACTC1;SERINC2;EIF4G2;FGFR2;FGFR1
ChEA_2016,EOMES 21245162 ChIP-Seq HESCs Human,18/932,0.1645672673792049,0.7510438928678191,0,0,1.31193258531589,2.3672982187516864,CA12;APP;TRAPPC3;KLF12;ENO1;PSEN1;DTX3;QKI;MFAP4;RABEP1;CCKBR;PRKAR1A;ATP6V0A2;LLGL1;MPZL1;EIF4G2;PICALM;DACT1
ChEA_2016,CTNNB1 20460455 ChIP-Seq HCT116 Human,19/988,0.1608580402576179,0.7510438928678191,0,0,1.3070267252808596,2.388242417232961,MAGI1;TRAPPC3;COPA;STEAP4;DOCK9;WDR74;ERLIN1;STK19;LARP4;USH2A;EGFR;MALT1;SULT2B1;EML4;COL4A3;CHI3L1;APBA1;MET;LLGL1
ChEA_2016,SMARCA4 23332759 ChIP-Seq OLIGODENDROCYTES Mouse,44/2522,0.1599814767366578,0.7510438928678191,0,0,1.1945243139628732,2.189201414323348,FAM49A;NOTCH2;APP;PHTF2;WDR1;FASTKD2;DOCK9;GRIK1;PTPRJ;ENO1;BZW1;ETS1;LTBP1;PREX2;CDH6;DSTYK;SPATA5L1;CDH2;CNR1;ADAM23;ADORA1;PACSIN2;MPZL1;TNS1;MAGI1;CDV3;KLF12;EMX2;EIF2B2;CADM1;CSNK1A1;GALC;SQLE;MYL1;ADORA2B;CNTN1;SAG;APBA1;WDFY3;FXN;MET;EIF4G2;FGFR2;PICALM
ChEA_2016,AHR 22903824 ChIP-Seq MCF-7 Human,14/690,0.1569717017264998,0.7510438928678191,0,0,1.377580998882774,2.550852592916248,PRPS1;VAC14;KLF12;DST;HDGFRP3;PTPRJ;SYNJ2;SSTR1;EGFR;CDH6;SOCS2;FGFR2;TNS1;MPHOSPH6
ChEA_2016,SUZ12 20075857 ChIP-Seq MESCs Mouse,73/4356,0.1564480727769569,0.7510438928678191,0,0,1.1575740994259651,2.147335986710621,ALK;APP;CSF1;FHL2;GRIK1;PTPRJ;HR;ICAM5;NR2E1;CLDN1;ETS1;SLC6A3;PREX2;CDH6;SAMD14;DSTYK;CDH2;ADORA1;TNFRSF8;TNS1;GPR135;IL13RA1;DACT1;OSR2;EMX2;SFTPC;SLC11A2;HDGFRP3;SSTR1;OVOL2;CNKSR2;SLC7A6;CCKBR;ADORA2B;COL4A3;NOS1AP;PDE5A;MET;CD44;NOTCH2;RBPJL;RGS17;POM121;LTK;HPGD;CRABP1;AKAP5;ATP2C2;LTBP1;EGFR;PTHLH;CACNA1G;CNN1;HLX;CNR1;WNT2;NADK;CADM4;CADM1;SORT1;GALNT2;DONSON;SYNJ2;STXBP5L;SKI;GGCT;RCAN2;CNTN1;TLL2;APBA1;SERINC2;FGFR2;FGFR1
ChEA_2016,PPARD 23208498 ChIP-Seq MDA-MB-231 Human,11/516,0.1548198190359756,0.7510438928678191,0,0,1.4467436363013464,2.698890554657133,CDH2;HPGD;ADORA2B;SIAH1;AGBL2;LAMB4;TCEB2;MYBL2;MET;CDKN3;BEST1
ChEA_2016,GATA6 25053715 ChIP-Seq YYC3 Human,34/2000,0.2443872984728617,0.7510438928678191,0,0,1.1529765410474304,1.6245451261504011,NOTCH2;GCDH;PHTF2;DDX3X;CSF1;CBFB;HPGD;DOCK9;ENO1;AKAP5;BZW1;BEST1;UBR5;ATP6V0A2;TNFRSF8;AGFG2;SVIL;HNRNPA3;OR1D2;TPM3;GALNT2;WDR74;ERLIN1;CFLAR;LARP4;MTOR;SULT2B1;SKI;GGCT;GALC;ILF3;ADORA2B;CHI3L1;PICALM
ChEA_2016,KLF4 18555785 ChIP-Seq MESCs Mouse,41/2444,0.2439434998539797,0.7510438928678191,0,0,1.1394653080046335,1.607578894432144,NOTCH2;VAC14;TOMM40;HSP90AB1;CBFB;POLDIP3;CRABP1;PTPRJ;STK19;ENO1;ICAM5;PSEN1;HSPD1;SOCS2;LMAN1;GGA3;GM2A;MYBL2;MTA2;MAGI1;UNC45A;OSR2;CADM4;DST;ARL15;SORT1;CSNK1A1;FUS;TEX10;ERLIN1;DONSON;PAICS;SQLE;RPS28;PRKAR1A;NOVA2;YME1L1;APBA1;B4GALT7;LLGL1;MPHOSPH6
ChEA_2016,STAT3 1855785 ChIP-Seq MESCs Mouse,11/572,0.2419591224198557,0.7510438928678191,0,0,1.2985277155845036,1.8425932758435517,SOCS2;LMAN1;DIDO1;RPS28;DDX3X;CSF1;ARL15;GJB3;STK19;MYBL2;NAPG
ChEA_2016,SUZ12 18555785 ChIP-Seq MESCs Mouse,19/1058,0.240779690614736,0.7510438928678191,0,0,1.2144136676725157,1.7291707234248743,OSR2;CSF1;CRABP1;FHL2;HDGFRP3;GRIK1;HR;NR2E1;EGFR;PTHLH;OVOL2;CNKSR2;CDH6;ADORA1;TLL2;APBA1;PDE5A;SERINC2;CD44
ChEA_2016,FOXM1 25889361 ChIP-Seq OE33 AND U2OS Human,17/932,0.2367649364430207,0.7510438928678191,0,0,1.2332541659425746,1.7767338111133917,MAGI1;PHTF2;ZNF230;TOMM40;STAT1;SRRT;WDR74;CFLAR;HSPD1;ACTA2;ILF3;INCENP;CDK1;ANAPC5;HNRNPA1;AGFG2;CDKN3
ChEA_2016,ZNF652 21678463 ChIP-ChIP ZR75-1 Human,3/112,0.2366117205457465,0.7510438928678191,0,0,1.8154943934760448,2.616735232686922,PHTF2;EDA;QKI
ChEA_2016,PIAS1 25552417 ChIP-Seq VCAP Human,14/749,0.2363015998876639,0.7510438928678191,0,0,1.263070263070263,1.822163672267392,MAGI1;APP;DDX18;KLF12;CADM1;FASTKD2;PTPRJ;KLK2;ETS1;PREX2;SULT1B1;CDH2;UBR5;FGFR1
ChEA_2016,NANOG 18692474 ChIP-Seq MEFs Mouse,34/1989,0.2342487315024692,0.7510438928678191,0,0,1.160183066361556,1.683856954055824,LRRC15;PHTF2;DIDO1;PRPS1;TOMM40;WDR1;SDC2;STMN2;SLC3A2;ENO1;NR2E1;HMGCR;BZW1;CRKL;CDH6;ADAM23;ARIH2;MYBL2;MTA2;KLF12;DST;STAT1;TPM3;HUWE1;SYNJ2;CFLAR;GIP;ACTC1;NPC1;GJB3;MATN3;FGFR2;PAFAH1B1;FGFR1
ChEA_2016,RUNX1 21571218 ChIP-Seq MEGAKARYOCYTES Human,82/5071,0.2321637618416042,0.7510438928678191,0,0,1.1091391887841324,1.619689584618219,RBM28;ANKLE2;CLIC4;HSP90AB1;DDX3X;WDR1;FHL2;ENO1;BZW1;IKBKB;DSTYK;GM2A;ZNF207;IDH3B;AGFG2;TNS1;GPR135;NUP214;KLF12;TPM3;TEX10;EML2;SYTL2;MED25;PRKAR1A;ADORA2B;RUFY2;NOS1AP;ANAPC5;SNRPA1;FXN;CD44;NOTCH2;TMEM87A;PRPS1;VAC14;ZNF230;UBIAD1;LTK;TOMM40;MVK;SLC3A2;PKMYT1;EGFR;JAKMIP2;RRP7A;SOCS2;C15ORF39;PDCD11;ATP6V0A2;PACSIN2;CDC37L1;TCEB2;MYH11;MTA2;SVIL;TRAPPC3;HNRNPA3;CADM4;EIF2B2;HSPA5;STAT1;FUS;API5;GALNT2;SPAG4;ERLIN1;PTPN11;SYNJ2;CFLAR;PTPN12;LARP4;PAICS;SKI;GALC;SQLE;PARP11;CYP2W1;TLL2;SERINC2;MPHOSPH6;PICALM
ChEA_2016,PKCTHETA 26484144 Chip-Seq BREAST Human,10/506,0.2305818369990461,0.7510438928678191,0,0,1.3350945494994435,1.9587832184383007,GALC;SREBF1;SPAST;CBFB;HSPA5;WDR74;SYNJ2;HMGCR;HNRNPA1;USH2A
ChEA_2016,NANOG 18358816 ChIP-ChIP MESCs Mouse,22/1232,0.2275228006245782,0.7510438928678191,0,0,1.2092871157619358,1.7903554073830634,OSR2;DIDO1;PRPS1;STEAP4;HSP90AB1;DST;FASTKD2;SDC2;STMN2;HMGCR;PTPN12;KMO;PKMYT1;GJB3;CNR1;ATP6V0A2;ARIH2;WDFY3;MYBL2;MTA2;FGFR2;PICALM
ChEA_2016,TBX5 21415370 ChIP-Seq HL-1 Mouse,39/2296,0.2262487943474453,0.7510438928678191,0,0,1.154818470250918,1.7161988541885198,CLIC4;HSP90AB1;MVK;POLDIP3;CRABP1;PSEN1;ETS1;MALT1;SOCS2;SAMD14;PSMD4;ATP6V0A2;ARIH2;TCEB2;MTA2;WNT2;NADK;NUP214;DDX18;CDV3;CADM4;CADM1;API5;GALNT2;SPAG4;DONSON;LARP4;MED25;MCM3AP;RAD51;ACTC1;RCAN2;AGBL2;ANAPC5;SNRPA1;B4GALT7;LLGL1;EIF4G2;FGFR1
ChEA_2016,TFAP2C 20629094 ChIP-Seq MCF-7 Human,22/1203,0.195976898398344,0.7510438928678191,0,0,1.2409249569015406,2.0224079864609696,FAM49A;MAGI1;NOTCH2;ALK;UNC45A;SVIL;DIDO1;CLIC4;HSPA5;FHL2;SLC3A2;SYNJ2;KMO;SLC6A3;SYTL2;OVOL2;SKI;RABEP1;INCENP;NOVA2;NOS1AP;FGFR2
ChEA_2016,TCF3 18467660 ChIP-ChIP MESCs Mouse,25/1388,0.1970223404145556,0.7510438928678191,0,0,1.223037417461482,1.986748644148857,NOTCH2;PHTF2;RGS17;POM121;DDX3X;CSF1;WDR1;PITPNA;STMN2;ETS1;HSPD1;SOCS2;ADAM23;ARIH2;DACT1;DONSON;HDGFRP3;PTPN11;EML4;SKI;MED25;WDFY3;PDE5A;LLGL1;FGFR2
ChEA_2016,SRY 25088423 ChIP-ChIP EMBRYONIC GONADS Mouse,52/3083,0.197139930859546,0.7510438928678191,0,0,1.1531220399953173,1.8724874155704472,ALK;WDR1;PITPNA;STMN2;HR;ICAM5;DBH;CRKL;IKBKB;SAMD14;AGFG2;CDV3;EMX2;RING1;SFTPC;WDR74;SSTR1;CLDN10;ILF3;PRKAR1A;WDFY3;MATN3;GLYR1;RBPJL;GCDH;VAC14;DCTN5;TOMM40;SLC35D1;GOSR2;DTX3;LTBP1;EGFR;CACNA1G;LMAN1;ATP6V0A2;CDC37L1;MTA2;HNRNPA1;SVIL;TRAPPC3;CADM4;HSPA5;API5;HUWE1;SYNJ2;PAICS;AGT;SKI;RCAN2;NOVA2;PICALM
ChEA_2016,ELF5 23300383 ChIP-Seq T47D Human,20/1087,0.2024889214049822,0.7510438928678191,0,0,1.2473557370464587,1.992114555496489,APP;SVIL;TRAPPC3;CSF1;ARL15;STMN2;WDR74;ISG20L2;PTPRJ;SYNJ2;PTPN12;EGFR;CRKL;IKBKB;MCM3AP;SNRPA1;CYP2E1;MTA2;MPHOSPH6;FGFR1
ChEA_2016,GATA4 21415370 ChIP-Seq HL-1 Mouse,35/2039,0.2225601427051985,0.7510438928678191,0,0,1.1662712311226604,1.752390063072125,DIDO1;UBIAD1;CBFB;FASTKD2;FHL2;LTBP1;CSRP2;PSMD4;MYBL2;HNRNPA1;TNPO2;DACT1;MAGI1;DDX18;DST;ARL15;STAT1;CSNK1A1;TPM3;ERLIN1;SYNJ2;PTPN12;SYTL2;ACTA2;SQLE;RAD51;MYL1;PRKAR1A;ADORA2B;RCAN2;ANAPC5;PDE5A;SCRG1;FXN;PICALM
ChEA_2016,WT1 20215353 ChIP-ChIP NEPHRON PROGENITOR Mouse,29/1663,0.2231170791457271,0.7510438928678191,0,0,1.1831468743084004,1.7747896754657908,APP;DIDO1;VAC14;EDA;HSP90AB1;CBFB;WDR1;PITPNA;ICAM5;ETS1;SOCS2;CDH2;ADORA1;TNPO2;PDLIM7;MAGI1;SVIL;CSNK1A1;TPM3;FUS;GALNT2;PTPN12;EML4;ILF3;PRKAR1A;ANAPC5;SERINC2;LLGL1;FGFR2
ChEA_2016,ESR1 20079471 ChIP-ChIP T-47D Human,5/216,0.2247408509124755,0.7510438928678191,0,0,1.5655072696602137,2.337000702740389,CA12;TMEM87A;TPM3;FHL2;CRKL
ChEA_2016,MYB 21317192 ChIP-Seq ERMYB Mouse,17/923,0.2250271072898014,0.7510438928678191,0,0,1.2461017636643033,1.8586036553665803,SVIL;PRPS1;CLIC4;CSF1;SORT1;STAT1;PITPNA;SYNJ2;PTPN12;MALT1;SOCS2;SLC7A6;ILF3;ADORA2B;CDC37L1;NADK;IL13RA1
ChEA_2016,SOX2 18358816 ChIP-ChIP MESCs Mouse,15/785,0.2025922039857377,0.7510438928678191,0,0,1.2939166097060837,2.065815719435726,LRRC15;OSR2;PHTF2;DIDO1;PRPS1;HSP90AB1;DST;STMN2;SLC3A2;ENO1;HMGCR;GJB3;MYBL2;MPZL1;FGFR2
ChEA_2016,KLF4 25985364 ChIP-Seq ATHEROSCLEROSIS LESION Mouse,22/1211,0.2044502231772622,0.7510438928678191,0,0,1.232043129163616,1.9557831369470997,ALK;APP;POM121;HNRNPA3;MVK;MCF2;STK19;PSEN1;SSTR1;BZW1;LTBP1;USH2A;MTOR;CACNA1G;PARP11;RPS28;RABEP1;CDH2;INCENP;ARIH2;TLL2;LLGL1
ChEA_2016,CRX 20693478 ChIP-Seq ADULT RETINA Mouse,13/668,0.205649121319982,0.7510438928678191,0,0,1.3170465728648562,2.083019598575045,APP;DCTN5;CADM4;TOMM40;MCF2;HUWE1;GRIK1;SLC6A3;MTOR;MED17;GGCT;PSMD4;GM2A
ChEA_2016,SMAD3 21741376 ChIP-Seq HESCs Human,26/1460,0.2071357372360623,0.7510438928678191,0,0,1.2086960062710606,1.902947984959097,FAM49A;ALK;CLIC4;UBIAD1;WDR1;CLDN1;ETS1;ADAM28;C15ORF39;PLN;PACSIN2;TNFRSF8;AGFG2;MAGI1;CADM1;DST;KMO;OVOL2;ACTA2;GJB3;SAG;CHI3L1;LLGL1;FGFR2;CDKN3;MPHOSPH6
ChEA_2016,SMAD1 18555785 ChIP-Seq MESCs Mouse,12/610,0.2074484490758453,0.7510438928678191,0,0,1.330964325529543,2.0934370641448283,DIDO1;TOMM40;HSP90AB1;HPGD;ARL15;NONO;ADAM23;MYBL2;ICAM5;PSEN1;CLDN1;FGFR2
ChEA_2016,HIF1A 21447827 ChIP-Seq MCF-7 Human,7/321,0.2086568272989587,0.7510438928678191,0,0,1.4749896741375188,2.311403736701395,SPAG4;ENO1;BZW1;EGFR;CRKL;TNS1;GPR135
ChEA_2016,SALL1 21062744 ChIP-ChIP HESCs Human,3/105,0.2090671269347415,0.7510438928678191,0,0,1.9407803525450584,3.0375151300214576,DDX3X;KRI1;PICALM
ChEA_2016,EGR1 20690147 ChIP-Seq ERYTHROLEUKEMIA Human,100/6207,0.2098867327203544,0.7510438928678191,0,0,1.1129032258064515,1.7374503397164751,APP;STEAP4;CSF1;HR;ICAM5;BZW1;CRKL;BEST1;SAMD14;CDH2;ZNF207;ADORA1;TNFRSF8;TGM4;TNS1;NUP214;ARL15;SLC11A2;HDGFRP3;SULT2B1;ILF3;PRKAR1A;RUFY2;WDFY3;CFB;LLGL1;NOTCH2;MTMR1;POM121;CBFB;SDC2;PKMYT1;CACNA1G;SOCS2;CNN1;SPAST;ATP6V0A2;PACSIN2;MYH11;NADK;TRAPPC3;FUS;SIAH1;SYNJ2;QKI;SQLE;FGFR1;PICALM;ALK;RBM28;DIDO1;CLIC4;HSP90AB1;DDX3X;WDR1;DOCK9;GRIK1;DBH;SLC6A3;IKBKB;GM2A;MYBL2;UTP14A;PSD;UNC45A;KLF12;EMX2;RING1;NRG1;CNKSR2;RABEP1;NPC1;INCENP;CEACAM5;NOS1AP;SNRPA1;B4GALT7;LRRC15;RGS17;VAC14;SLC3A2;ATP2C2;HMGCR;EGFR;PTHLH;GGA3;ADAM23;TCEB2;CD59;PDLIM7;SVIL;STAT1;GALNT2;DONSON;PTPN11;PTPN12;SKI;MCM3AP;NOVA2;TLL2
ChEA_2016,FOXP3 21729870 ChIP-Seq TREG Human,25/1404,0.2130321076174111,0.7510438928678191,0,0,1.207792207792208,1.867624048986814,GCDH;RBM28;DCTN5;HSP90AB1;FASTKD2;POLDIP3;SLC3A2;BZW1;DSTYK;SPATA5L1;MTA2;RPP14;TNPO2;AGFG2;HNRNPA3;FUS;MTOR;TOX4;GALC;ILF3;MCM3AP;PRKAR1A;CDK1;ANAPC5;SNRPA1
ChEA_2016,ERG 20887958 ChIP-Seq HPC-7 Mouse,34/1969,0.2163434613603748,0.7510438928678191,0,0,1.1734957548911038,1.7964906106100176,PRPS1;DCTN5;CBFB;FASTKD2;PITPNA;PKMYT1;MALT1;PDCD11;IDH3B;MYBL2;MTA2;RPP14;TNPO2;TIPIN;HSPA5;FUS;GALNT2;SPAG4;HUWE1;CFLAR;LARP4;PAICS;TOX4;SQLE;PARP11;ILF3;RABEP1;PRKAR1A;RUFY2;YME1L1;TSR1;SNRPA1;LLGL1;FGFR1
ChEA_2016,SREBP1 19666523 ChIP-Seq LIVER Mouse,14/738,0.2203807367566802,0.7510438928678191,0,0,1.2830042885291504,1.9404138985009105,NOTCH2;SREBF1;RBM28;CADM1;CSNK1A1;WDR74;SLC3A2;BZW1;MALT1;SKI;RPS28;ADAM23;TLL2;SNRPA1
ChEA_2016,TAL1 26923725 Chip-Seq HEMANGIOBLAST Mouse,25/1413,0.2223084518803978,0.7510438928678191,0,0,1.1993712339533664,1.8034818574323368,NOTCH2;CLIC4;GRIK1;HMGCR;ETS1;CDH2;ADAM23;MAGI1;SVIL;KLF12;HNRNPA3;CSNK1A1;NRG1;SYNJ2;USH2A;GALC;INCENP;RCAN2;NOS1AP;LLGL1;CD44;FGFR2;CDKN3;MPHOSPH6;PICALM
ChEA_2016,CEBPB 22108803 ChIP-Seq LS180 Human,34/2000,0.2443872984728617,0.7510438928678191,0,0,1.1529765410474304,1.6245451261504011,GCDH;LRRC15;CLIC4;DDX3X;HPGD;ZNF195;GOSR2;FHL2;PKMYT1;ETS1;NAPG;EGFR;RNF126P1;DSTYK;C15ORF39;MTA2;RPP14;NADK;TNS1;DACT1;SREBF1;TRAPPC3;STAT1;SLC34A1;TEX10;CFLAR;EML4;SKI;SLC7A6;ADORA2B;AGBL2;CHI3L1;ZNF711;CD44
ChEA_2016,NFI 21473784 ChIP-Seq ESCs Mouse,34/2000,0.2443872984728617,0.7510438928678191,0,0,1.1529765410474304,1.6245451261504011,ALK;TOMM40;CSF1;WDR1;SRRT;MALT1;SOCS2;SAMD14;IDH3B;MYBL2;WNT2;NADK;DACT1;NUP214;OSR2;KLF12;CADM1;STAT1;CMA1;SLC34A1;CFLAR;PAICS;GGCT;ACTA2;GALC;PARP11;RABEP1;MYL1;NOS1AP;CDK1;PDE5A;CYP2E1;CD44;PICALM
ChEA_2016,SOX2 21211035 ChIP-Seq LN229 Human,34/2000,0.2443872984728617,0.7510438928678191,0,0,1.1529765410474304,1.6245451261504011,RBPJL;PHTF2;DIDO1;UBIAD1;EDA;WDR1;SDC2;ATP2C2;KRI1;TARP;BZW1;SLC6A3;EGFR;RNF126P1;DSTYK;HLX;KIAA1644;ARIH2;TNFRSF8;WNT2;PDLIM7;IL13RA1;NUP214;HSPA5;DST;SYNJ2;MFAP4;CYP2W1;NPC1;CEACAM5;WDFY3;MATN3;EIF4G2;MPHOSPH6
ChEA_2016,P300 18555785 Chip-Seq ESCs Mouse,34/2000,0.2443872984728617,0.7510438928678191,0,0,1.1529765410474304,1.6245451261504011,NOTCH2;TMEM87A;COPA;LTK;FASTKD2;FHL2;DBH;BZW1;PDC;HSPD1;PREX2;DSTYK;HLX;ADAM23;ADORA1;MYBL2;MPZL1;TNS1;DDX18;HNRNPA3;DST;STAT1;API5;CFLAR;KMO;USH2A;RAD51;MYL1;COL4A3;NOS1AP;SAG;YME1L1;CHI3L1;CD44
ChEA_2016,RUNX1 27457419 Chip-Seq LIVER Mouse,34/2000,0.2443872984728617,0.7510438928678191,0,0,1.1529765410474304,1.6245451261504011,DIDO1;COPA;LTK;FASTKD2;FHL2;PTPRJ;BZW1;PDC;HSPD1;PREX2;DSTYK;HLX;ADAM23;ADORA1;MPZL1;TNS1;NUP214;DDX18;HNRNPA3;DST;STAT1;CFLAR;KMO;USH2A;OVOL2;RAD51;ACTC1;MYL1;AGBL2;COL4A3;NOS1AP;SAG;YME1L1;CHI3L1
ChEA_2016,MYB 26560356 Chip-Seq TH1 Human,34/2000,0.2443872984728617,0.7510438928678191,0,0,1.1529765410474304,1.6245451261504011,NOTCH2;TMEM87A;MTMR1;VAC14;TOMM40;HSP90AB1;WDR1;ENO1;KRI1;ETS1;ACTG2;MALT1;RRP7A;SOCS2;LMAN1;C15ORF39;UBR5;HNRNPA1;DACT1;SREBF1;EMX2;TPM3;WDR74;CFLAR;EML2;MTOR;SKI;RAD51;NPC1;SNRPA1;CD44;CDKN3;MPHOSPH6;FGFR1
ChEA_2016,GATA3 26560356 Chip-Seq TH2 Human,34/2000,0.2443872984728617,0.7510438928678191,0,0,1.1529765410474304,1.6245451261504011,PHTF2;SLC35D1;DOCK9;AKAP5;ETS1;ACTG2;CRKL;MED17;IKBKB;UBR5;ATP6V0A2;DGCR5;UTP14A;TNPO2;STAT1;CMA1;SLC34A1;TEX10;SLC11A2;LAMB4;WDR74;HDGFRP3;CFLAR;QKI;TOX4;ACTA2;SQLE;PARP11;RAD51;SAG;PDE5A;CD44;CRLF2;MPHOSPH6
ChEA_2016,P53 22387025 ChIP-Seq ESCs Mouse,34/2000,0.2443872984728617,0.7510438928678191,0,0,1.1529765410474304,1.6245451261504011,COPA;HPGD;FASTKD2;FHL2;PTPRJ;BZW1;PDC;HSPD1;PREX2;DSTYK;HLX;CNR1;ADAM23;ADORA1;MPZL1;TNS1;NUP214;DDX18;HNRNPA3;DST;STAT1;API5;TEX10;CFLAR;KMO;USH2A;MYL1;COL4A3;NOS1AP;SAG;YME1L1;CHI3L1;PDE5A;CD44
ChEA_2016,CJUN 26792858 Chip-Seq BT549 Human,34/2000,0.2443872984728617,0.7510438928678191,0,0,1.1529765410474304,1.6245451261504011,NOTCH2;RGS17;HSP90AB1;SDC2;PITPNA;STMN2;PTPRJ;ENO1;HMGCR;LTBP1;EGFR;PREX2;DSTYK;KIAA1644;PACSIN2;TNFRSF8;TGM4;SVIL;HSPA5;CSNK1A1;GALNT2;WDR74;NRG1;SYNJ2;USH2A;SYTL2;STXBP5L;ACTA2;ADORA2B;RCAN2;COL4A6;CLDN16;CD44;CDKN3
ChEA_2016,UTX 26944678 Chip-Seq JUKART Human,34/2000,0.2443872984728617,0.7510438928678191,0,0,1.1529765410474304,1.6245451261504011,NOTCH2;CLIC4;UBIAD1;HSP90AB1;DDX3X;SLC35D1;GOSR2;PITPNA;ENO1;ETS1;SLC6A3;SOCS2;C15ORF39;KIAA1644;UBR5;MTA2;HNRNPA1;TNPO2;NADK;TRAPPC3;KLF12;HNRNPA3;SORT1;FUS;API5;SLC11A2;WDR74;CFLAR;MTOR;SKI;MFAP4;CYP2E1;CD44;EIF4G2
ChEA_2016,CTCF 27219007 Chip-Seq ERYTHROID Human,34/2000,0.2443872984728617,0.7510438928678191,0,0,1.1529765410474304,1.6245451261504011,NOTCH2;ALK;CLIC4;UBIAD1;LTK;SLC35D1;CSF1;PITPNA;ISG20L2;SLC3A2;ENO1;BEST1;PSMD4;HLX;ATP6V0A2;TCEB2;TNFRSF8;MPZL1;NADK;PDLIM7;GPR135;KLF12;TPM3;GALNT2;SLC11A2;SPAG4;WDR74;LARP4;MTOR;OVOL2;SKI;SLC7A6;TLL2;SERINC2
ChEA_2016,SUZ12 27294783 Chip-Seq ESCs Mouse,34/2000,0.2443872984728617,0.7510438928678191,0,0,1.1529765410474304,1.6245451261504011,RBPJL;APP;RBM28;RGS17;CRABP1;FHL2;GRIK1;HR;ICAM5;NR2E1;SLC6A3;EGFR;CACNA1G;PREX2;CDH6;SOCS2;CNN1;SAMD14;CDH2;HLX;ADORA1;DACT1;PSD;OSR2;EMX2;SYNJ2;SSTR1;OVOL2;CCKBR;ADORA2B;COL4A3;TLL2;SERINC2;FGFR2
ChEA_2016,FOXA1 26769127 Chip-Seq PDAC-Cell line Human,34/2000,0.2443872984728617,0.7510438928678191,0,0,1.1529765410474304,1.6245451261504011,TMEM87A;DDX3X;SLC35D1;SLC3A2;ENO1;PTHLH;MED17;SOCS2;ZNF207;CD59;MPZL1;NADK;CDV3;TRAPPC3;CADM1;CSNK1A1;FUS;SLC11A2;SPAG4;WDR74;ERLIN1;HDGFRP3;PTPN12;LARP4;KMO;QKI;MTOR;SLC7A6;GJB3;INCENP;CYP2E1;CLDN16;ATG2B;PICALM
ChEA_2016,ZFP281 18757296 ChIP-ChIP E14 Mouse,34/2004,0.2481232972696452,0.7588236761159054,0,0,1.150375939849624,1.603427909495457,NOTCH2;DIDO1;DCTN5;HSP90AB1;STMN2;HR;SLC3A2;ENO1;PLCXD1;CRKL;CACNA1G;SOCS2;IDH3B;MYBL2;TNPO2;MPZL1;MAGI1;SVIL;CSNK1A1;TPM3;FUS;HUWE1;SYNJ2;PTPN12;PAICS;OVOL2;ILF3;NPC1;PRKAR1A;GJB3;NOVA2;ANAPC5;FGFR2;PAFAH1B1
ChEA_2016,ZFP281 18358816 ChIP-ChIP MESCs Mouse,11/578,0.2522546484490628,0.7633921745635962,0,0,1.2843839060678737,1.7690027505374053,SOCS2;TRAPPC3;DIDO1;DST;STAT1;MYBL2;SLC3A2;PTPN12;MPZL1;BEST1;CACNA1G
ChEA_2016,TCF3/E2A 22897851 ChIP-Seq JUKARTE6-1 Human,33/1946,0.2531877791419098,0.7633921745635962,0,0,1.1491862302284197,1.578549620264453,FAM49A;RGS17;VAC14;WDR1;ZNF195;SDC2;ENO1;TARP;ETS1;ACTG2;PREX2;CDH6;LMAN1;DSTYK;CDH2;KIAA1644;TNFRSF8;MTA2;DDX18;SREBF1;API5;GALNT2;HDGFRP3;NRG1;USH2A;AGT;SKI;GALC;RCAN2;AGBL2;PDE5A;CYP2E1;CD44
ChEA_2016,CIITA 25753668 ChIP-Seq RAJI Human,9/459,0.253252324577447,0.7633921745635962,0,0,1.3230240549828178,1.8170001663618485,RBM28;MED25;UBIAD1;GUSBP11;WDR74;IDH3B;TCEB2;EIF4G2;PICALM
ChEA_2016,NANOG 18700969 ChIP-ChIP MESCs Mouse,7/344,0.2594721942217216,0.7760079263459175,0,0,1.3726921947316717,1.851906910213948,DIDO1;DCTN5;GJB3;CSNK1A1;MCF2;ADAM23;ENO1
ChEA_2016,GBX2 23144817 ChIP-Seq PC3 Human,6/286,0.25990106739522,0.7760079263459175,0,0,1.4154518950437318,1.9072566439005525,NOTCH2;CNTN1;NRG1;USH2A;AGT;JAKMIP2
ChEA_2016,EED 16625203 ChIP-ChIP MESCs Mouse,15/830,0.2657193118883645,0.7896375777814607,0,0,1.2195673232160156,1.6163105569542693,OSR2;RGS17;CRABP1;FHL2;GRIK1;NR2E1;SSTR1;EGFR;PTHLH;CNKSR2;CCKBR;CDH2;CNR1;AGBL2;FGFR2
ChEA_2016,FOXA1 26743006 Chip-Seq LNCaP-abl Human,33/2000,0.3071898901828641,0.7904172382119853,0,0,1.1142445862346697,1.3151308377098787,FAM49A;TMEM87A;DDX3X;ENO1;AKAP5;MALT1;PTHLH;CRKL;HSPD1;DSTYK;SPAST;PLN;TCEB2;CD59;NUP214;CA12;TRAPPC3;CADM1;SORT1;STAT1;API5;GALNT2;SLC11A2;SIAH1;WDR74;LARP4;KMO;MTOR;MED25;RCAN2;RUFY2;CD44;MPHOSPH6
ChEA_2016,MAF 26560356 Chip-Seq TH1 Human,33/2000,0.3071898901828641,0.7904172382119853,0,0,1.1142445862346697,1.3151308377098787,ANKLE2;POM121;CLIC4;UBIAD1;SLC35D1;ISG20L2;ENO1;BZW1;ETS1;SOCS2;SAMD14;ATP6V0A2;MTA2;TNPO2;NADK;DACT1;SREBF1;TRAPPC3;KLF12;STAT1;FUS;SLC11A2;SPAG4;WDR74;HUWE1;CFLAR;EML2;MTOR;SKI;GALC;INCENP;TSR1;GLYR1
ChEA_2016,EBF1 22473956 ChIP-Seq BONE MARROW Mouse,33/2000,0.3071898901828641,0.7904172382119853,0,0,1.1142445862346697,1.3151308377098787,NOTCH2;FASTKD2;STMN2;FHL2;PTPRJ;DBH;BZW1;PDC;HSPD1;PREX2;DSTYK;HLX;ADAM23;ADORA1;MPZL1;TNS1;NUP214;DDX18;HNRNPA3;DST;STAT1;API5;CFLAR;KMO;USH2A;MYL1;COL4A3;NOS1AP;SAG;YME1L1;CHI3L1;PDE5A;CD44
ChEA_2016,SMC1 22415368 ChIP-Seq MEFs Mouse,33/2000,0.3071898901828641,0.7904172382119853,0,0,1.1142445862346697,1.3151308377098787,ALK;LRRC15;RGS17;VAC14;CSF1;ISG20L2;FHL2;ICAM5;EGFR;SOCS2;UBR5;PACSIN2;TCEB2;PDLIM7;DACT1;DDX18;OSR2;EIF2B2;ARL15;SORT1;PTPN12;SKI;SLC7A6;CYP2W1;ILF3;NPC1;ADORA2B;TLL2;APBA1;MET;B4GALT7;LLGL1;FGFR1
ChEA_2016,SMAD3 21741376 ChIP-Seq ESCs Human,33/2000,0.3071898901828641,0.7904172382119853,0,0,1.1142445862346697,1.3151308377098787,APP;MTMR1;PRPS1;VAC14;UBIAD1;HPGD;ZNF195;PTPRJ;ETS1;EGFR;PREX2;CDH6;HLX;CNR1;KIAA1644;AGFG2;CADM1;GALNT2;SIAH1;KMO;OVOL2;STXBP5L;CNKSR2;SKI;GALC;PARP11;CCKBR;ADORA2B;CNTN1;CHI3L1;APBA1;WDFY3;FGFR2
ChEA_2016,P53 21459846 ChIP-Seq SAOS-2 Human,33/2000,0.3071898901828641,0.7904172382119853,0,0,1.1142445862346697,1.3151308377098787,ALK;APP;GCDH;PHTF2;RGS17;CLIC4;GRIK1;ATP2C2;CLDN1;ETS1;CRKL;RNF126P1;IKBKB;SAMD14;INE1;TCEB2;TNFRSF8;CA12;TRAPPC3;HNRNPA3;CSNK1A1;NONO;SLC11A2;PTPN12;GGCT;ACTC1;CCKBR;CEACAM5;TLL2;SERINC2;MATN3;EIF4G2;FGFR1
ChEA_2016,CDX2 21402776 ChIP-Seq INTESTINAL-VILLUS Mouse,33/2000,0.3071898901828641,0.7904172382119853,0,0,1.1142445862346697,1.3151308377098787,RGS17;COPA;FASTKD2;FHL2;NR2E1;BZW1;PDC;HSPD1;PREX2;SOCS2;DSTYK;CSRP2;PLN;HLX;ADAM23;ADORA1;MPZL1;TNS1;DACT1;DDX18;SREBF1;DST;STAT1;CFLAR;KMO;USH2A;MYL1;ADORA2B;COL4A3;NOS1AP;CDK1;SAG;CHI3L1
ChEA_2016,CRX 20693478 ChIP-Seq RETINA Mouse,33/2000,0.3071898901828641,0.7904172382119853,0,0,1.1142445862346697,1.3151308377098787,RGS17;FASTKD2;GOSR2;FHL2;NR2E1;BZW1;EGFR;PDC;HSPD1;PREX2;DSTYK;CSRP2;PLN;HLX;ADAM23;ADORA1;MPZL1;TNS1;DDX18;SREBF1;DST;STAT1;CFLAR;KMO;USH2A;MYL1;RUFY2;COL4A3;NOS1AP;CDK1;SAG;CHI3L1;PAFAH1B1
ChEA_2016,SMC4 20622854 ChIP-Seq HELA Human,33/2000,0.3071898901828641,0.7904172382119853,0,0,1.1142445862346697,1.3151308377098787,DIDO1;CLIC4;CSF1;ZNF195;POLDIP3;GOSR2;PTPRJ;DBH;SLC6A3;CDH6;KIAA1644;TCEB2;TNFRSF8;MYBL2;DGCR5;TNPO2;AGFG2;PDLIM7;NUP214;TIPIN;HSPA5;STAT1;SLC34A1;SLC11A2;PTPN12;LARP4;SYTL2;NOVA2;AGBL2;CYP2E1;SERINC2;LLGL1;GLYR1
ChEA_2016,ESET 19884257 ChIP-Seq ESCs Mouse,33/2000,0.3071898901828641,0.7904172382119853,0,0,1.1142445862346697,1.3151308377098787,NOTCH2;RBPJL;POM121;CLIC4;STEAP4;MVK;STMN2;GRIK1;STK19;SLC3A2;NR2E1;BZW1;CSRP2;HLX;CNR1;ATP6V0A2;IDH3B;CDV3;OSR2;CADM4;DST;API5;CFLAR;GALC;SQLE;PARP11;SULT1B1;CEACAM5;NOS1AP;APBA1;ANAPC5;SCRG1;PICALM
ChEA_2016,KLF4 19829295 ChIP-Seq ESCs Human,33/2000,0.3071898901828641,0.7904172382119853,0,0,1.1142445862346697,1.3151308377098787,ALK;MTMR1;DIDO1;PRPS1;ZNF230;UBIAD1;SLC35D1;POLDIP3;FHL2;PTPRJ;ICAM5;HMGCR;EGFR;RNF126P1;C15ORF39;PDCD11;GM2A;TCEB2;TNFRSF8;TGM4;NADK;CADM4;SIAH1;VENTXP1;SYTL2;SKI;SLC7A6;CYP2W1;NOVA2;COL4A3;CHI3L1;SCRG1;FGFR2
ChEA_2016,CMYC 18555785 Chip-Seq ESCs Mouse,33/2000,0.3071898901828641,0.7904172382119853,0,0,1.1142445862346697,1.3151308377098787,DIDO1;COPA;UBIAD1;FASTKD2;FHL2;PTPRJ;DBH;BZW1;PDC;HSPD1;PREX2;DSTYK;HLX;ADAM23;ADORA1;MPZL1;TNS1;NUP214;DDX18;DST;STAT1;API5;CFLAR;KMO;USH2A;SKI;MYL1;COL4A3;NOS1AP;SAG;CHI3L1;PDE5A;CD44
ChEA_2016,TCFCP2L1 18555785 Chip-Seq ESCs Mouse,33/2000,0.3071898901828641,0.7904172382119853,0,0,1.1142445862346697,1.3151308377098787,COPA;FASTKD2;FHL2;PTPRJ;BZW1;PDC;HSPD1;PREX2;DSTYK;HLX;CNR1;ADAM23;ADORA1;MPZL1;TNS1;NUP214;DDX18;HNRNPA3;DST;STAT1;API5;TEX10;KMO;USH2A;MYL1;COL4A3;NOS1AP;YME1L1;CHI3L1;WDFY3;PDE5A;CD44;FGFR2
ChEA_2016,OLIG2 26023283 ChIP-Seq AINV15 Mouse,33/2000,0.3071898901828641,0.7904172382119853,0,0,1.1142445862346697,1.3151308377098787,ALK;MTMR1;EDA;HSP90AB1;CSF1;FHL2;NR2E1;ACTG2;MALT1;CRKL;CACNA1G;JAKMIP2;RRP7A;CDH6;GGA3;MAGI1;CDV3;TRAPPC3;DST;ARL15;TPM3;CMA1;SSTR1;PAICS;USH2A;EML4;MFAP4;RPS28;MED25;CCKBR;LLGL1;EIF4G2;FGFR1
ChEA_2016,FOXO3 22982991 ChIP-Seq MACROPHAGES Mouse,33/2000,0.3071898901828641,0.7904172382119853,0,0,1.1142445862346697,1.3151308377098787,NOTCH2;TMEM87A;VAC14;DCTN5;ANKLE2;FASTKD2;GOSR2;PTPRJ;PKMYT1;CRKL;MED17;HSPD1;GGA3;PDCD11;CDC37L1;HNRNPA1;SREBF1;HNRNPA3;RING1;FUS;WDR74;ERLIN1;PTPN11;PAICS;EML4;TOX4;GGCT;PARP11;MED25;ILF3;YME1L1;WDFY3;EIF4G2
ChEA_2016,FOXA1 21572438 ChIP-Seq LNCaP Human,33/2000,0.3071898901828641,0.7904172382119853,0,0,1.1142445862346697,1.3151308377098787,MVK;CBFB;GRIK1;CLDN1;ETS1;SLC6A3;NAPG;EGFR;PTHLH;MED17;LMAN1;DSTYK;C15ORF39;GM2A;UBR5;MS4A12;DACT1;MAGI1;STAT1;CSNK1A1;SPAG4;HDGFRP3;CFLAR;PAICS;QKI;SULT1B1;CYP2W1;ACTC1;PRKAR1A;GJB3;CDK1;APBA1;CD44
ChEA_2016,RUNX2 22187159 ChIP-Seq PCA Human,55/3423,0.3086391120637275,0.7904172382119853,0,0,1.0885888797324157,1.2797261529266428,FAM49A;ALK;DIDO1;CLIC4;EDA;HSP90AB1;DDX3X;WDR1;DOCK9;PITPNA;STMN2;FHL2;GRIK1;PTPRJ;ENO1;ETS1;SLC6A3;ACTG2;MED17;PREX2;IKBKB;CDH2;TNS1;MAGI1;DDX18;OSR2;EMX2;DST;SLC11A2;HDGFRP3;CNKSR2;COL4A6;ANAPC5;MATN3;PRPS1;UBIAD1;EGFR;PDC;PTHLH;RRP7A;C15ORF39;ADAM23;TCEB2;CADM1;SORT1;DONSON;LARP4;USH2A;AGT;QKI;STXBP5L;GALC;RCAN2;TLL2;SERINC2
ChEA_2016,FOXA2 19822575 ChIP-Seq HepG2 Human,48/2968,0.3079360020618575,0.7904172382119853,0,0,1.0945857795172864,1.289272421802106,TMEM87A;RBM28;VAC14;CLIC4;HSP90AB1;MVK;WDR1;SDC2;SLC3A2;ENO1;HMGCR;CLDN1;JAKMIP2;SOCS2;SAMD14;GGA3;CDH2;UBR5;PACSIN2;IDH3B;CDC37L1;TNFRSF8;NADK;SVIL;KLF12;CADM1;DST;ARL15;SORT1;STAT1;LAMB4;ERLIN1;PTPN11;SYNJ2;CFLAR;OVOL2;SULT2B1;EML4;SKI;ILF3;NPC1;NOS1AP;ANAPC5;PDE5A;MET;MATN3;CD44;FGFR2
ChEA_2016,RING1B 27294783 Chip-Seq NPCs Mouse,33/2000,0.3071898901828641,0.7904172382119853,0,0,1.1142445862346697,1.3151308377098787,FAM49A;RBPJL;DIDO1;CBFB;CRABP1;SLC3A2;NR2E1;BZW1;ETS1;EGFR;MALT1;CACNA1G;HSPD1;SOCS2;CSRP2;CDH2;HLX;ADORA1;TNS1;GPR135;PSD;SREBF1;OSR2;EMX2;STAT1;CFLAR;OVOL2;STXBP5L;SKI;RABEP1;PDE5A;SERINC2;LLGL1
ChEA_2016,KDM2B 26808549 Chip-Seq SUP-B15 Human,33/2000,0.3071898901828641,0.7904172382119853,0,0,1.1142445862346697,1.3151308377098787,NOTCH2;APP;SLC35D1;CSF1;CBFB;WDR1;DOCK9;SDC2;PITPNA;PTPRJ;SLC3A2;SOCS2;DSTYK;C15ORF39;CSRP2;SPATA5L1;HLX;CD59;TNPO2;NADK;SVIL;OSR2;KLF12;SORT1;GALNT2;SIAH1;QKI;SKI;CYP2W1;NPC1;TLL2;LLGL1;FGFR1
ChEA_2016,CREB1 20920259 ChIP-Seq GC1-SPG Mouse,50/3057,0.2739119778252154,0.7904172382119853,0,0,1.1102760226139008,1.4377502401130386,ALK;DIDO1;HSP90AB1;WDR1;FASTKD2;PITPNA;STMN2;PTPRJ;BZW1;CRKL;SAMD14;DSTYK;PSMD4;AGFG2;NUP214;PSD;SREBF1;RING1;SLC11A2;WDR74;ILF3;INCENP;B4GALT7;PAFAH1B1;NOTCH2;GCDH;POM121;TOMM40;GOSR2;SRRT;SLC3A2;HMGCR;LTBP1;RRP7A;CNN1;PDCD11;PACSIN2;CDC37L1;RPP14;HNRNPA3;EIF2B2;HSPA5;SPAG4;PTPN11;LARP4;MCM3AP;RAD51;CRLF2;CDKN3;MPHOSPH6
ChEA_2016,MYCN 19997598 ChIP-ChIP NEUROBLASTOMA Human,5/234,0.2751674355572969,0.7904172382119853,0,0,1.4411220487010583,1.8595885985959124,CCKBR;ADORA1;STK19;KLK2;TNS1
ChEA_2016,CEBPB 26923725 Chip-Seq MESODERM Mouse,19/1079,0.2676078947401322,0.7904172382119853,0,0,1.1890149734774726,1.5673981205570584,NUP214;FAM49A;MAGI1;TMEM87A;CDV3;KLF12;STEAP4;DST;ARL15;NR2E1;ETS1;PARP11;PLN;CDH2;MYL1;CHI3L1;MPHOSPH6;FGFR1;DACT1
ChEA_2016,SUZ12 16625203 ChIP-ChIP MESCs Mouse,22/1270,0.2720612509076141,0.7904172382119853,0,0,1.170056262682162,1.5230950582372291,ALK;APP;OSR2;RGS17;STEAP4;CRABP1;FHL2;HDGFRP3;GRIK1;HR;NR2E1;SSTR1;EGFR;PTHLH;CACNA1G;CCKBR;CDH2;CNR1;AGBL2;ADORA1;WNT2;DACT1
ChEA_2016,ASH2L 23239880 ChIP-Seq MESCs Mouse,54/3336,0.2905681650790184,0.7904172382119853,0,0,1.098096044945824,1.3571556604855386,FAM49A;RBM28;DIDO1;CLIC4;HSP90AB1;DDX3X;WDR1;FASTKD2;DOCK9;PTPRJ;ENO1;MED17;CDH6;CSRP2;IDH3B;TNPO2;TNS1;DACT1;DDX18;OSR2;TIPIN;KLF12;DST;ARL15;TPM3;MED25;MYL1;LLGL1;MATN3;NOTCH2;GCDH;TMEM87A;PRPS1;UBIAD1;GOSR2;ADAM23;UBR5;MTA2;MPZL1;SVIL;EIF2B2;CADM1;STAT1;API5;GALNT2;ERLIN1;SYNJ2;CFLAR;PTPN12;LARP4;GJB3;CENPI;CDKN3;FGFR1
ChEA_2016,SFPI1 20887958 ChIP-Seq HPC-7 Mouse,39/2369,0.2913147557326184,0.7904172382119853,0,0,1.1139558975876869,1.3738985773986054,PRPS1;VAC14;DCTN5;COPA;CBFB;FASTKD2;PITPNA;ISG20L2;ENO1;PKMYT1;BZW1;NAPG;MALT1;CACNA1G;SAMD14;SPAST;PDCD11;ATP6V0A2;CDC37L1;MYBL2;MTA2;RPP14;NUP214;TIPIN;HNRNPA3;EIF2B2;HSPA5;STAT1;GALNT2;LARP4;EML4;TOX4;PARP11;SLC7A6;ILF3;RABEP1;RAD51;RCAN2;PICALM
ChEA_2016,ZNF263 19887448 ChIP-Seq K562 Human,2/71,0.2883433029743995,0.7904172382119853,0,0,1.9094446065557824,2.374591966222732,SQLE;SLC3A2
ChEA_2016,AR 20517297 ChIP-Seq VCAP Human,34/2047,0.289826031752969,0.7904172382119853,0,0,1.1230722110791136,1.390896212551053,APP;PRPS1;UBIAD1;DDX3X;MVK;GOSR2;KLK2;EGFR;MED17;CDH6;GM2A;WNT2;MPZL1;IL13RA1;DACT1;CA12;DDX18;OSR2;TRAPPC3;STAT1;SPAG4;LAMB4;PAICS;AGT;QKI;SYTL2;GIP;GGCT;GALC;SLC7A6;INCENP;TSR1;MATN3;FGFR1
ChEA_2016,ATF3 23680149 ChIP-Seq GBM1-GSC Human,36/2189,0.3035641272512347,0.7904172382119853,0,0,1.111366803192163,1.3249297135688929,POM121;CLIC4;HSP90AB1;WDR1;POLDIP3;GOSR2;FHL2;STK19;ENO1;ETS1;PDC;PTHLH;SOCS2;GGA3;PACSIN2;TNFRSF8;CD59;HNRNPA1;TGM4;CDV3;TRAPPC3;HSPA5;DST;GALNT2;SIAH1;SPAG4;SYNJ2;CFLAR;EML2;SYTL2;GIP;ADORA2B;RCAN2;NOS1AP;CLDN16;CRLF2
ChEA_2016,GFI1B 20887958 ChIP-Seq HPC-7 Mouse,31/1871,0.3063061619465741,0.7904172382119853,0,0,1.1185954420559236,1.3234887347164015,NOTCH2;VAC14;DCTN5;ANKLE2;COPA;MVK;CBFB;PITPNA;ISG20L2;MALT1;DSTYK;GM2A;NUP214;HSPA5;ARL15;STAT1;FUS;HUWE1;CFLAR;EML4;TOX4;RPS28;SLC7A6;CYP2W1;MCM3AP;PRKAR1A;RCAN2;TSR1;SNRPA1;B4GALT7;PICALM
ChEA_2016,SMAD4 21741376 ChIP-Seq HESCs Human,45/2738,0.2764009598834412,0.7904172382119853,0,0,1.1144579629103777,1.43308451946761,ALK;DIDO1;PRPS1;DCTN5;CLIC4;CSF1;WDR1;PITPNA;PTPRJ;SLC3A2;ENO1;HMGCR;CLDN1;ETS1;PDC;CACNA1G;CNN1;ADAM28;C15ORF39;PLN;HLX;ADORA1;PACSIN2;TNFRSF8;AGFG2;CA12;MAGI1;EMX2;EIF2B2;CADM1;DST;NRG1;CFLAR;KMO;OVOL2;GIP;EML4;ACTA2;CCKBR;GJB3;ADORA2B;RCAN2;CHI3L1;FGFR2;CDKN3
ChEA_2016,NANOG 18347094 ChIP-ChIP MESCs Mouse,32/1908,0.2783623346660205,0.7904172382119853,0,0,1.1344556535022117,1.4507777972877152,LRRC15;PHTF2;DIDO1;PRPS1;HSP90AB1;STMN2;ENO1;NR2E1;HMGCR;PKMYT1;SOCS2;ATP6V0A2;MYBL2;DACT1;MAGI1;KLF12;DST;ARL15;CSNK1A1;TPM3;MCF2;HUWE1;SYNJ2;GIP;EML4;ACTC1;GJB3;CENPI;ADORA2B;APBA1;FGFR2;FGFR1
ChEA_2016,RNF2 27304074 Chip-Seq ESCs Mouse,25/1467,0.2816723408724192,0.7904172382119853,0,0,1.1510528306644812,1.458396362512434,APP;RBM28;HR;NR2E1;EGFR;CACNA1G;CDH6;CDH2;HLX;CNR1;ADORA1;UTP14A;TNS1;DACT1;PSD;OSR2;EMX2;ERLIN1;NRG1;OVOL2;ADORA2B;CDK1;APBA1;PDE5A;FGFR2
ChEA_2016,STAT3 24763339 ChIP-Seq IMN-ESCs Mouse,30/1788,0.2859321835168667,0.7904172382119853,0,0,1.1339906459360385,1.4197569882142858,PRPS1;UBIAD1;DDX3X;MVK;HPGD;SLC3A2;PKMYT1;LTBP1;CDH6;CSRP2;CDH2;CNR1;PACSIN2;WNT2;MPZL1;SVIL;KLF12;HNRNPA3;ARL15;CSNK1A1;API5;MCF2;HDGFRP3;PTPN12;NPC1;RCAN2;NOS1AP;CDK1;CDKN3;FGFR1
ChEA_2016,CCND1 20090754 ChIP-ChIP RETINA Mouse,35/2137,0.3159170762599408,0.8027237205298879,0,0,1.1057393677180762,1.2741164013076924,APP;TMEM87A;DIDO1;DCTN5;TOMM40;HSP90AB1;DDX3X;MVK;STK19;SLC3A2;ICAM5;SOCS2;RPP14;TNPO2;DACT1;UNC45A;SREBF1;OSR2;TRAPPC3;EMX2;EIF2B2;HSPA5;FUS;NONO;HUWE1;PTPN12;PAICS;EML4;PARP11;MED25;ILF3;PRKAR1A;INCENP;ANAPC5;SERINC2
ChEA_2016,SOX2 19030024 ChIP-ChIP MESCs Mouse,15/863,0.3159928296689082,0.8027237205298879,0,0,1.170059582919563,1.3479504768452153,TRAPPC3;DIDO1;HSPA5;WDR1;MCF2;HUWE1;ETS1;LTBP1;MALT1;CRKL;OVOL2;SKI;SQLE;FGFR2;PICALM
ChEA_2016,POU5F1 16153702 ChIP-ChIP HESCs Human,11/622,0.3318040623838823,0.8395042542242805,0,0,1.1891504652308598,1.3118834670051494,OSR2;PRPS1;FUS;STMN2;WDFY3;NR2E1;SSTR1;FGFR2;PTHLH;CACNA1G;FGFR1
ChEA_2016,SPI1 22790984 ChIP-Seq ERYTHROLEUKEMIA Mouse,32/1962,0.3350752543796813,0.8443896410367969,0,0,1.0993735983295956,1.202055238020662,GCDH;VAC14;CBFB;SRRT;STK19;SLC3A2;PSEN1;HMGCR;NAPG;MALT1;RRP7A;IKBKB;PSMD4;GM2A;ARIH2;IDH3B;TCEB2;NADK;NUP214;UNC45A;ARL15;CSNK1A1;FUS;SLC11A2;ERLIN1;CFLAR;KMO;MTOR;GALC;RAD51;INCENP;ANAPC5
ChEA_2016,GF1B 26923725 Chip-Seq HPCs Mouse,27/1676,0.377764977776404,0.8654883794626999,0,0,1.0826341638955344,1.0539259847832487,ALK;RGS17;CLIC4;HMGCR;ETS1;MALT1;CACNA1G;PSMD4;ADAM23;CDC37L1;TNFRSF8;TNS1;GPR135;DACT1;KLF12;CSNK1A1;SSTR1;SYTL2;RABEP1;INCENP;NOVA2;NOS1AP;YME1L1;MET;LLGL1;CD44;MPHOSPH6
ChEA_2016,ZFP281 27345836 Chip-Seq ESCs Mouse,32/2000,0.3768708218973293,0.8654883794626999,0,0,1.0758403106419123,1.049861777059638,NOTCH2;LRRC15;EDA;STMN2;NR2E1;ATP2C2;BZW1;CRKL;SOCS2;ADORA1;IDH3B;MYBL2;MTA2;RPP14;PDLIM7;TRAPPC3;CADM1;CSNK1A1;HUWE1;NRG1;CFLAR;PTPN12;OVOL2;NPC1;PRKAR1A;NOVA2;CNTN1;APBA1;WDFY3;FXN;CRLF2;FGFR1
ChEA_2016,KDM2B 26808549 Chip-Seq JURKAT Human,32/2000,0.3768708218973293,0.8654883794626999,0,0,1.0758403106419123,1.049861777059638,APP;DIDO1;CLIC4;SLC35D1;DOCK9;PTPRJ;ENO1;SOCS2;SAMD14;DSTYK;SPATA5L1;CDH2;CD59;MPZL1;NADK;PSD;SREBF1;TIPIN;KLF12;STAT1;GALNT2;SLC34A1;SYNJ2;CFLAR;EML2;QKI;MTOR;SKI;RUFY2;CYP2E1;SERINC2;FGFR1
ChEA_2016,NCOR 22465074 ChIP-Seq MACROPHAGES Mouse,32/2000,0.3768708218973293,0.8654883794626999,0,0,1.0758403106419123,1.049861777059638,FAM49A;APP;COPA;HSP90AB1;POLDIP3;PITPNA;PSEN1;DTX3;HMGCR;LTBP1;SOCS2;GGA3;HLX;IDH3B;CDC37L1;NADK;PDLIM7;DDX18;TRAPPC3;HSPA5;STAT1;FUS;GALNT2;SLC11A2;ERLIN1;CFLAR;EML2;PRKAR1A;ADORA2B;NOS1AP;LLGL1;ATG2B
ChEA_2016,CBX2 22325352 ChIP-Seq 293T-Rex Human,32/2000,0.3768708218973293,0.8654883794626999,0,0,1.0758403106419123,1.049861777059638,FAM49A;NOTCH2;ALK;CLIC4;UBIAD1;SLC35D1;CSF1;ENO1;LTBP1;DSTYK;SPAST;HLX;ADAM23;TNFRSF8;MPZL1;NADK;TNS1;DDX18;CDV3;TRAPPC3;HNRNPA3;SORT1;TPM3;GALNT2;KMO;USH2A;AGT;MTOR;EML4;SKI;GJB3;SERINC2
ChEA_2016,LXR 22158963 ChIP-Seq LIVER Mouse,32/2000,0.3768708218973293,0.8654883794626999,0,0,1.0758403106419123,1.049861777059638,SLC35D1;FHL2;HMGCR;CLDN1;ETS1;EGFR;SOCS2;CSRP2;CDH2;PACSIN2;TNFRSF8;AGFG2;NADK;TNS1;DACT1;SREBF1;KLF12;HNRNPA3;SORT1;GALNT2;ERLIN1;STXBP5L;EML4;SKI;GGCT;NPC1;INCENP;RUFY2;NOS1AP;CDK1;MET;FGFR2
ChEA_2016,CTCF 21964334 ChIP-Seq BJAB-B Human,32/2000,0.3768708218973293,0.8654883794626999,0,0,1.0758403106419123,1.049861777059638,ALK;STEAP4;POLDIP3;ISG20L2;ENO1;ATP2C2;KRI1;MED17;BEST1;C15ORF39;CSRP2;PLN;PSMD4;SPATA5L1;KIAA1644;TNFRSF8;RPP14;NADK;OSR2;TRAPPC3;CADM1;TPM3;PTPN11;SYNJ2;USH2A;QKI;SLC7A6;YME1L1;TLL2;ANAPC5;PDE5A;MATN3
ChEA_2016,P300 19829295 ChIP-Seq ESCs Human,32/2000,0.3768708218973293,0.8654883794626999,0,0,1.0758403106419123,1.049861777059638,RBPJL;RGS17;DDX3X;FASTKD2;DOCK9;ENO1;ETS1;LTBP1;PREX2;CDH6;INE1;GGA3;AGFG2;MPZL1;GPR135;MAGI1;CADM1;GALNT2;NRG1;USH2A;STXBP5L;CNKSR2;GALC;PARP11;CCKBR;PRKAR1A;CNTN1;TLL2;ZNF711;WDFY3;FGFR2;CDKN3
ChEA_2016,PPARG 20176806 ChIP-Seq THIOMACROPHAGE Mouse,14/837,0.3766776311181462,0.8654883794626999,0,0,1.1227812284920426,1.096244908547354,APP;UBIAD1;EIF2B2;ARL15;SPAG4;CFLAR;ACTG2;GGA3;ARIH2;WDFY3;FXN;CD44;MPZL1;PICALM
ChEA_2016,GATA2 21666600 ChIP-Seq HMVEC Human,14/837,0.3766776311181462,0.8654883794626999,0,0,1.1227812284920426,1.096244908547354,MAGI1;WDR1;DST;DOCK9;HDGFRP3;AKAP5;SYNJ2;CFLAR;PTPN12;SAMD14;PACSIN2;CD59;TNPO2;PICALM
ChEA_2016,PPARG 20176806 ChIP-Seq 3T3-L1 Mouse,29/1807,0.3791626959026249,0.8654883794626999,0,0,1.0786571420269884,1.0460707902777866,NOTCH2;ALK;APP;EDA;DOCK9;AKAP5;DBH;ETS1;MALT1;ADAM28;HLX;CNR1;ADAM23;UBR5;TNS1;MAGI1;SREBF1;SVIL;KLF12;HNRNPA3;DST;ARL15;GALNT2;DONSON;HDGFRP3;NRG1;AGBL2;SNRPA1;MET
ChEA_2016,SALL4 22934838 ChIP-ChIP CD34+ Human,23/1418,0.3791663376693733,0.8654883794626999,0,0,1.089541037485605,1.056615417318859,NUP214;TMEM87A;OSR2;PHTF2;KLF12;TOMM40;ARL15;CSNK1A1;NRG1;PSEN1;CLDN1;ACTG2;SYTL2;PLN;GM2A;MYL1;IDH3B;CDC37L1;TCEB2;TNPO2;CD44;NADK;DACT1
ChEA_2016,EZH2 27294783 Chip-Seq ESCs Mouse,32/2000,0.3768708218973293,0.8654883794626999,0,0,1.0758403106419123,1.049861777059638,RBPJL;RBM28;RGS17;CBFB;FHL2;GRIK1;HR;ICAM5;NR2E1;ETS1;SLC6A3;EGFR;CACNA1G;SAMD14;CDH2;HLX;ADORA1;WNT2;DACT1;PSD;OSR2;EMX2;HDGFRP3;SSTR1;OVOL2;STXBP5L;SKI;ADORA2B;SERINC2;LLGL1;FGFR2;FGFR1
ChEA_2016,BCOR 27268052 Chip-Seq Bcells Human,32/2000,0.3768708218973293,0.8654883794626999,0,0,1.0758403106419123,1.049861777059638,LRRC15;DDX3X;HPGD;GOSR2;PTPRJ;ICAM5;PKMYT1;SLC6A3;ACTG2;RRP7A;IKBKB;C15ORF39;HLX;ATP6V0A2;TNFRSF8;MTA2;RPP14;UTP14A;AGFG2;IL13RA1;PSD;API5;SLC34A1;PTPN12;LARP4;SKI;CYP2W1;ADORA2B;CD24;SCRG1;SERINC2;EIF4G2
ChEA_2016,P300 27268052 Chip-Seq Bcells Human,32/2000,0.3768708218973293,0.8654883794626999,0,0,1.0758403106419123,1.049861777059638,POM121;HPGD;PITPNA;PTPRJ;ATP2C2;LTBP1;SLC6A3;NAPG;ACTG2;IKBKB;C15ORF39;ATP6V0A2;TNFRSF8;MTA2;RPP14;UTP14A;AGFG2;NADK;PDLIM7;PSD;SLC34A1;SLC11A2;PTPN12;LARP4;CYP2W1;ACTC1;ADORA2B;YME1L1;TLL2;ANAPC5;SCRG1;EIF4G2
ChEA_2016,RACK7 27058665 Chip-Seq MCF-7 Human,32/2000,0.3768708218973293,0.8654883794626999,0,0,1.0758403106419123,1.049861777059638,CLIC4;UBIAD1;SLC35D1;ISG20L2;PTPRJ;ENO1;KLK2;DTX3;PKMYT1;ADORA1;HNRNPA1;MPZL1;NADK;SREBF1;SVIL;TRAPPC3;CADM4;CADM1;SORT1;TPM3;GALNT2;SLC11A2;WDR74;EML2;SULT2B1;SKI;MFAP4;NPC1;ADORA2B;CDK1;B4GALT7;CD44
ChEA_2016,PU 27001747 Chip-Seq BMDM Mouse,32/2000,0.3768708218973293,0.8654883794626999,0,0,1.0758403106419123,1.049861777059638,FASTKD2;PITPNA;HR;NR2E1;BZW1;LTBP1;EGFR;PREX2;SOCS2;DSTYK;CSRP2;GGA3;GM2A;HLX;UBR5;DDX18;SREBF1;DST;STAT1;SSTR1;CFLAR;KMO;GALC;MFAP4;RABEP1;MYL1;PRKAR1A;ADORA2B;NOS1AP;CDK1;SAG;CHI3L1
ChEA_2016,CEBPB 26923725 Chip-Seq HEMOGENIC-ENDOTHELIUM Mouse,32/2000,0.3768708218973293,0.8654883794626999,0,0,1.0758403106419123,1.049861777059638,FAM49A;APP;CLIC4;STEAP4;PITPNA;NR2E1;PLCXD1;ETS1;LTBP1;PLN;ADORA1;TNFRSF8;NADK;TNS1;DACT1;CDV3;SVIL;SORT1;CSNK1A1;GALNT2;MCF2;SLC11A2;SSTR1;PAICS;USH2A;GALC;RAD51;INCENP;WDFY3;MET;CDKN3;MPHOSPH6
ChEA_2016,CEBPD 23245923 ChIP-Seq MEFs Mouse,9/504,0.3450054401467618,0.8654883794626999,0,0,1.1999375195251485,1.2769676208257343,CDH6;MAGI1;API5;SDC2;WDFY3;NRG1;PSEN1;FGFR2;PTHLH
ChEA_2016,SUZ12 18692474 ChIP-Seq MESCs Mouse,31/1909,0.3477307006276049,0.8654883794626999,0,0,1.093629622591462,1.1552304409871468,ALK;APP;LTK;CSF1;HPGD;CRABP1;FHL2;GRIK1;HR;NR2E1;EGFR;PTHLH;CACNA1G;CDH6;SAMD14;CDH2;CNR1;ADAM23;ADORA1;TNFRSF8;WNT2;PSD;OSR2;EMX2;HDGFRP3;SYNJ2;SSTR1;CCKBR;ADORA2B;TLL2;SERINC2
ChEA_2016,KDM5A 27292631 Chip-Seq BREAST Human,17/1012,0.350484609721162,0.8654883794626999,0,0,1.1292682493740789,1.1839682902387505,TRAPPC3;DIDO1;ANKLE2;UBIAD1;HSPA5;TPM3;FUS;WDR74;ERLIN1;SLC3A2;MTOR;PDCD11;TSR1;MYBL2;TNPO2;NADK;EIF4G2
ChEA_2016,SCL 21571218 ChIP-Seq MEGAKARYOCYTES Human,29/1784,0.3524667235541343,0.8654883794626999,0,0,1.0941958137530092,1.1410263687191853,DDX3X;CSF1;GRIK1;PTPRJ;HR;ICAM5;KRI1;ETS1;LTBP1;DSTYK;PACSIN2;MYBL2;TGM4;TNS1;NUP214;CA12;ARL15;GALNT2;TEX10;ERLIN1;CFLAR;QKI;CLDN10;CCKBR;INCENP;SAG;PDE5A;FXN;LLGL1
ChEA_2016,SOX2 16153702 ChIP-ChIP HESCs Human,21/1278,0.3645270719306815,0.8654883794626999,0,0,1.1043618104207833,1.1144716451992176,APP;OSR2;POM121;CLIC4;SORT1;TPM3;FUS;POLDIP3;SLC3A2;NR2E1;SSTR1;PTHLH;CDH6;MED25;ADAM28;ILF3;CDH2;PRKAR1A;EIF4G2;FGFR2;FGFR1
ChEA_2016,RARG 19884340 ChIP-ChIP MEFs Mouse,7/390,0.3691632959715899,0.8654883794626999,0,0,1.2049563799356615,1.2007585484693857,SLC35D1;DST;IDH3B;LTBP1;MATN3;FGFR2;PDLIM7
ChEA_2016,FOXM1 23109430 ChIP-Seq U2OS Human,5/267,0.3721263040007957,0.8654883794626999,0,0,1.257471859231466,1.2430385412125209,SVIL;INCENP;CDK1;PTPRJ;CDKN3
ChEA_2016,IRF8 22096565 ChIP-ChIP GC-B Mouse,13/772,0.3747509804751902,0.8654883794626999,0,0,1.130375103863969,1.1094558460076056,TMEM87A;COPA;HSP90AB1;STAT1;CSNK1A1;PTPRJ;CFLAR;KMO;ETS1;LTBP1;CLDN10;PDCD11;NADK
ChEA_2016,DMRT1 23473982 ChIP-Seq TESTES Mouse,33/2072,0.3845181410434957,0.8732712748999663,0,0,1.0705346859828844,1.0231788457814652,NOTCH2;APP;VAC14;CLIC4;MVK;DOCK9;CRABP1;SRRT;ENO1;DTX3;BZW1;CACNA1G;RRP7A;CDH2;ADAM23;PACSIN2;NADK;TNS1;PSD;TIPIN;CADM1;GALNT2;HUWE1;PTPN11;PTPN12;SKI;MFAP4;NOVA2;APBA1;WDFY3;LLGL1;FGFR2;CRLF2
ChEA_2016,PPARD 21283829 ChIP-Seq MYOFIBROBLAST Human,54/3447,0.38534827686062,0.8732712748999663,0,0,1.0549912660930325,1.0060478352798872,APP;CLIC4;HSP90AB1;WDR1;STMN2;ENO1;ETS1;SLC6A3;DSTYK;CDH2;ARIH2;AGFG2;TNS1;DACT1;NUP214;MAGI1;SREBF1;CDV3;KLF12;NRG1;CLDN10;PRKAR1A;PDE5A;FXN;CD44;PAFAH1B1;RGS17;VAC14;CBFB;SRRT;AKAP5;PSEN1;HMGCR;MALT1;CNN1;C15ORF39;GGA3;PLN;HLX;PACSIN2;TCEB2;CA12;SVIL;SIAH1;PAICS;QKI;SKI;GGCT;GALC;AGBL2;CDK1;SCRG1;FGFR2;FGFR1
ChEA_2016,SOX17 20123909 ChIP-Seq XEN Mouse,31/1947,0.3905297269136696,0.8818413188373185,0,0,1.069654096592188,1.0057435343646484,APP;RBM28;PRPS1;TOMM40;EDA;HSP90AB1;DDX3X;WDR1;FASTKD2;FHL2;ENO1;ETS1;IKBKB;PACSIN2;MYBL2;DACT1;SREBF1;OSR2;TRAPPC3;DST;WDR74;HUWE1;PAICS;GALC;SQLE;MED25;RABEP1;INCENP;RUFY2;LLGL1;FGFR2
ChEA_2016,TRIM28 21343339 ChIP-Seq HEK293 Human,2/90,0.3919747150194995,0.8819431087938739,0,0,1.4957291031116535,1.4008369732521728,CA12;TNFRSF8
ChEA_2016,NFE2L2 22581777 ChIP-Seq LYMPHOBLASTOID Human,9/527,0.3938737671190652,0.8830621825089363,0,0,1.1452851968315887,1.067090631316642,CDH6;CDV3;ANKLE2;PSMD4;CADM1;STAT1;GALNT2;SYNJ2;STXBP5L
ChEA_2016,RBPJ 22232070 ChIP-Seq NCS Mouse,1/34,0.4020752260683009,0.8982531646206722,0,0,1.993209688861863,1.8160453950381168,HSPD1
ChEA_2016,DACH1 20351289 ChIP-Seq MDA-MB-231 Human,27/1698,0.4045397884074442,0.9005656067020842,0,0,1.0670783435594926,0.9657114314839872,DIDO1;HSP90AB1;MVK;CBFB;POLDIP3;ENO1;ICAM5;CLDN1;HSPD1;CSRP2;GGA3;ZNF207;TCEB2;NUP214;SVIL;ARL15;CSNK1A1;WDR74;SKI;GGCT;SLC7A6;ILF3;NPC1;RUFY2;YME1L1;B4GALT7;PAFAH1B1
ChEA_2016,PPAR 26484153 Chip-Seq NCI-H1993 Human,19/1185,0.4158127890068309,0.9131699332115129,0,0,1.0747758251283397,0.9431374394557644,ALK;CDV3;VAC14;HSPA5;HPGD;GALNT2;SIAH1;WDR74;FHL2;ETS1;LTBP1;QKI;EML4;SLC7A6;CDK1;SERINC2;MPZL1;NADK;PICALM
ChEA_2016,LMO2 26923725 Chip-Seq MACROPHAGESS Mouse,8/473,0.4156791279079384,0.9131699332115129,0,0,1.1333038739136838,0.994861335251206,GALC;SQLE;ANKLE2;CSNK1A1;CDC37L1;SYNJ2;FGFR2;MPHOSPH6
ChEA_2016,NFE2L2 20460467 ChIP-Seq MEFs Mouse,17/1055,0.4159996362408002,0.9131699332115129,0,0,1.0799989106531316,0.9472356091593712,PHTF2;KLF12;SYNJ2;ETS1;PDC;STXBP5L;PREX2;RABEP1;PLN;CDH2;RCAN2;ADAM23;UBR5;NOS1AP;PACSIN2;CNTN1;CDKN3
ChEA_2016,NRF2 20460467 ChIP-Seq MEFs Mouse,17/1055,0.4159996362408002,0.9131699332115129,0,0,1.0799989106531316,0.9472356091593712,PHTF2;KLF12;SYNJ2;ETS1;PDC;STXBP5L;PREX2;RABEP1;PLN;CDH2;RCAN2;ADAM23;UBR5;NOS1AP;PACSIN2;CNTN1;CDKN3
ChEA_2016,GATA1 19941827 ChIP-Seq MEL86 Mouse,31/2000,0.4515197762780774,0.9184423942546326,0,0,1.03776000120832,0.8251604461199342,NOTCH2;ALK;CLIC4;PTPRJ;ICAM5;PSEN1;ATP2C2;HMGCR;KRI1;BEST1;CNN1;PDCD11;CNR1;PACSIN2;PSD;CDV3;SVIL;GALNT2;SLC11A2;DONSON;PTPN12;GALC;PARP11;SLC7A6;ILF3;RAD51;NPC1;MYL1;RCAN2;NOS1AP;MATN3
ChEA_2016,PU.1 20513432 ChIP-Seq Bcells Mouse,31/2000,0.4515197762780774,0.9184423942546326,0,0,1.03776000120832,0.8251604461199342,LRRC15;STEAP4;DOCK9;PITPNA;PTPRJ;PKMYT1;MALT1;RRP7A;CNN1;HLX;PACSIN2;MPZL1;PDLIM7;TNS1;SREBF1;STAT1;SLC34A1;SLC11A2;SPAG4;PTPN11;CFLAR;LARP4;SLC7A6;NPC1;RUFY2;SAG;TSR1;B4GALT7;MATN3;CD44;PICALM
ChEA_2016,TP63 22573176 ChIP-Seq HFKS Human,65/4229,0.4345981930785974,0.9184423942546326,0,0,1.0319864287612155,0.8599887272704456,ALK;PHTF2;DIDO1;ANKLE2;CSF1;WDR1;PITPNA;STK19;KRI1;ETS1;CRKL;IKBKB;SAMD14;CSRP2;TGM4;TNS1;MAGI1;TIPIN;IZUMO4;SLC34A1;SYTL2;OVOL2;CLDN10;NPC1;PRKAR1A;CLDN16;FXN;MET;B4GALT7;LLGL1;CD44;MTMR1;LRRC15;POM121;ZNF230;MVK;SLC35D1;ZNF195;POLDIP3;PKMYT1;PLCXD1;EGFR;MALT1;CACNA1G;KIAA1644;PACSIN2;HNRNPA1;WNT2;MPZL1;CA12;TRAPPC3;CADM4;EIF2B2;CADM1;SORT1;STAT1;FUS;LAMB4;CFLAR;CYP2W1;TLL2;SERINC2;SUGP2;ATG2B;PICALM
ChEA_2016,ESR1 15608294 ChIP-ChIP MCF-7 Human,2/98,0.4336635768762594,0.9184423942546326,0,0,1.3705257270693512,1.1450553508549937,TNPO2;AGT
ChEA_2016,AUTS2 25519132 ChIP-Seq 293T-REX Human,16/1000,0.4318444703995066,0.9184423942546326,0,0,1.0715676170846216,0.8997843742713353,ALK;HNRNPA3;CADM4;FUS;API5;SDC2;LAMB4;CDH6;SPAST;CCKBR;CEACAM5;NOVA2;PDE5A;MTA2;CDKN3;GLYR1
ChEA_2016,POU5F1 26923725 Chip-Seq MESODERM Mouse,9/559,0.4621592325998666,0.9184423942546326,0,0,1.076850984067479,0.8311628963288973,FAM49A;SQLE;PARP11;ILF3;CDH2;STMN2;SERINC2;GPR135;MPHOSPH6
ChEA_2016,TEAD4 26923725 Chip-Seq HEMANGIOBLAST Mouse,9/559,0.4621592325998666,0.9184423942546326,0,0,1.076850984067479,0.8311628963288973,FAM49A;SQLE;PARP11;ILF3;CDH2;STMN2;SERINC2;GPR135;MPHOSPH6
ChEA_2016,NMYC 18555785 Chip-Seq ESCs Mouse,31/2000,0.4515197762780774,0.9184423942546326,0,0,1.03776000120832,0.8251604461199342,TMEM87A;COPA;CSF1;FASTKD2;FHL2;DBH;BZW1;PDC;PREX2;DSTYK;HLX;ADAM23;ADORA1;MPZL1;TNS1;NUP214;DDX18;HNRNPA3;DST;STAT1;CFLAR;KMO;USH2A;RAD51;MYL1;COL4A3;NOS1AP;YME1L1;CHI3L1;PDE5A;CD44
ChEA_2016,E2F1 18555785 Chip-Seq ESCs Mouse,31/2000,0.4515197762780774,0.9184423942546326,0,0,1.03776000120832,0.8251604461199342,NOTCH2;TMEM87A;CLIC4;COPA;FASTKD2;FHL2;PTPRJ;BZW1;PDC;PREX2;DSTYK;HLX;ADAM23;ATP6V0A2;ADORA1;MPZL1;TNS1;NUP214;DDX18;HNRNPA3;DST;STAT1;CFLAR;KMO;USH2A;MYL1;COL4A3;NOS1AP;YME1L1;CHI3L1;CD44
ChEA_2016,JUN 26020271 ChIP-Seq SMOOTH MUSCLE Human,31/2000,0.4515197762780774,0.9184423942546326,0,0,1.03776000120832,0.8251604461199342,MTMR1;RGS17;HSP90AB1;SLC35D1;CSF1;FHL2;ENO1;PLCXD1;ETS1;PTHLH;CRKL;RRP7A;CNN1;KIAA1644;RPP14;TGM4;AGFG2;IL13RA1;CA12;HSPA5;SPAG4;NRG1;SSTR1;SYTL2;GIP;ADORA2B;WDFY3;CLDN16;SERINC2;LLGL1;ATG2B
ChEA_2016,FOXO1 25302145 ChIP-Seq T-LYMPHOCYTE Mouse,31/2000,0.4515197762780774,0.9184423942546326,0,0,1.03776000120832,0.8251604461199342,NOTCH2;RBM28;DDX3X;PITPNA;SLC3A2;DBH;BZW1;ETS1;MALT1;IKBKB;SAMD14;ATP6V0A2;TNPO2;TNS1;IL13RA1;OSR2;HNRNPA3;STAT1;TPM3;GALNT2;CFLAR;USH2A;SKI;ACTA2;NPC1;MYL1;CENPI;CEACAM5;AGBL2;EIF4G2;PICALM
ChEA_2016,STAT3 18555785 ChIP-Seq MESCs Mouse,31/1997,0.4480488354588223,0.9184423942546326,0,0,1.039519413675608,0.8345813263851538,PHTF2;CLIC4;LTK;WDR1;HPGD;GOSR2;CRABP1;PSEN1;PLCXD1;SOCS2;LMAN1;CDH2;HLX;CNR1;UBR5;MTA2;PDLIM7;TNS1;KLF12;HNRNPA3;DST;STAT1;CSNK1A1;SPAG4;NRG1;PTPN11;PAICS;COL4A6;SERINC2;FXN;ATG2B
ChEA_2016,TBX3 20139965 ChIP-Seq ESCs Mouse,17/1070,0.4391053496491595,0.9184423942546326,0,0,1.0637586032167894,0.8754902636493183,MAGI1;ALK;SVIL;CSNK1A1;NR2E1;ETS1;LTBP1;CRKL;SKI;CNR1;NOS1AP;COL4A6;CNTN1;MYBL2;TNPO2;FGFR2;DACT1
ChEA_2016,Nerf2 26677805 Chip-Seq MACROPHAGESS Mouse,21/1331,0.4375797724888341,0.9184423942546326,0,0,1.0566362964786995,0.8733059394943261,NOTCH2;WDR1;SORT1;GALNT2;PITPNA;PTPRJ;SLC3A2;SYNJ2;HMGCR;PTPN12;BZW1;OVOL2;ACTA2;PLN;NPC1;INCENP;HLX;WDFY3;MET;TNS1;FGFR1
ChEA_2016,STAT3 22323479 ChIP-Seq MACROPHAGE Mouse,1/38,0.4372124516127418,0.9184423942546326,0,0,1.777365994757299,1.4704789485796832,CSRP2
ChEA_2016,SOX11 23321250 ChIP-ChIP Z138-A519-JVM2 Human,18/1134,0.4369024237897848,0.9184423942546326,0,0,1.0629146648364218,0.8801415938581422,ALK;DIDO1;SORT1;TPM3;POLDIP3;SIAH1;PSEN1;SYNJ2;HMGCR;HSPD1;SULT2B1;CDH6;SQLE;NOVA2;ADORA1;CDC37L1;MPZL1;FGFR1
ChEA_2016,MYBL2 22936984 ChIP-ChIP MESCs Mouse,35/2250,0.4361694709220929,0.9184423942546326,0,0,1.0425912517568892,0.8650634178867793,TMEM87A;DIDO1;DCTN5;TOMM40;HSP90AB1;MVK;STMN2;ISG20L2;PSEN1;NR2E1;BEST1;HSPD1;SPAST;PDCD11;ADAM23;ATP6V0A2;ARIH2;IDH3B;MYBL2;RPP14;TNPO2;SVIL;EMX2;CADM4;NONO;WDR74;PTPN11;SULT2B1;TOX4;RPS28;MED25;ILF3;INCENP;ANAPC5;LLGL1
ChEA_2016,TBX3 20139965 ChIP-Seq MESCs Mouse,17/1068,0.4360228050552445,0.9184423942546326,0,0,1.0658971936536967,0.8847594046180162,MAGI1;ALK;SVIL;CSNK1A1;NR2E1;ETS1;LTBP1;CRKL;SKI;CNR1;NOS1AP;COL4A6;CNTN1;MYBL2;TNPO2;FGFR2;DACT1
ChEA_2016,JARID2 20075857 ChIP-Seq MESCs Mouse,20/1258,0.4269840083719487,0.9184423942546326,0,0,1.06519732287099,0.9064922077001054,RBPJL;OSR2;EMX2;LTK;SFTPC;CRABP1;HDGFRP3;HR;NR2E1;SSTR1;EGFR;CACNA1G;CDH6;HLX;CNR1;NOS1AP;ADORA1;APBA1;SERINC2;FGFR2
ChEA_2016,SOX2 20726797 ChIP-Seq SW620 Human,40/2564,0.420288574609387,0.9184423942546326,0,0,1.0469340485188343,0.907496798483681,TMEM87A;CLIC4;STEAP4;CBFB;HPGD;CLDN1;ETS1;EGFR;PTHLH;HSPD1;SOCS2;CSRP2;ZNF207;CD59;NADK;CA12;KLF12;HSPA5;DST;SLC11A2;SPAG4;HDGFRP3;CFLAR;QKI;SYTL2;SULT2B1;EML4;SQLE;RABEP1;GJB3;TSR1;WDFY3;CD24;SERINC2;MET;CFB;CD44;FGFR2;MPHOSPH6;FGFR1
ChEA_2016,KDM6A 18722178 ChIP-ChIP U937 AND SAOS2 Human,8/479,0.4293374588809025,0.9184423942546326,0,0,1.118517872204287,0.9457203411443246,TMEM87A;DCTN5;COPA;HSPA5;FASTKD2;INCENP;GOSR2;STK19
ChEA_2016,E2F1 21310950 ChIP-Seq MCF-7 Human,18/1145,0.4533827803076786,0.9184423942546326,0,0,1.0519171590930545,0.8320859550428612,UNC45A;GCDH;VAC14;TIPIN;CLIC4;STAT1;TPM3;FUS;HUWE1;DONSON;SLC3A2;PKMYT1;AGT;ILF3;CEACAM5;YME1L1;SNRPA1;SERINC2
ChEA_2016,E2A 27217539 Chip-Seq RAMOS-Cell line Human,31/2000,0.4515197762780774,0.9184423942546326,0,0,1.03776000120832,0.8251604461199342,NOTCH2;MTMR1;ANKLE2;CLIC4;SLC35D1;PITPNA;ENO1;NAPG;PTHLH;CRKL;RRP7A;CNR1;MYH11;MYBL2;MS4A12;NADK;SREBF1;OSR2;STAT1;WDR74;EML4;SLC7A6;MED25;RAD51;NPC1;MYL1;PRKAR1A;SNRPA1;SERINC2;EIF4G2;PICALM
ChEA_2016,AR 21909140 ChIP-Seq LNCAP Human,5/298,0.463521669975349,0.9184423942546326,0,0,1.1226355064499334,0.8631968457694436,OSR2;TIPIN;MPZL1;SYTL2;HSPD1
ChEA_2016,SMAD3 22036565 ChIP-Seq ESCs Mouse,16/1020,0.4635947323380526,0.9184423942546326,0,0,1.04909937713933,0.8064894077030643,MAGI1;SVIL;DIDO1;DST;ARL15;GALNT2;STMN2;SKI;CDH2;UBR5;CDC37L1;WDFY3;MYBL2;FGFR2;TNS1;FGFR1
ChEA_2016,TP63 17297297 ChIP-ChIP HaCaT Human,1/40,0.45400149159157,0.9184423942546326,0,0,1.6860475087899838,1.3313955007605471,DST
ChEA_2016,EZH2 27304074 Chip-Seq ESCs Mouse,14/885,0.4580240635928378,0.9184423942546326,0,0,1.0582081523528135,0.8262844342220519,PSD;RBPJL;APP;OSR2;RBM28;EMX2;NR2E1;SSTR1;EGFR;CACNA1G;SAMD14;CDH2;HLX;APBA1
ChEA_2016,TCFAP2C 20176728 ChIP-ChIP TROPHOBLAST STEM CELLS Mouse,41/2667,0.4582432067538025,0.9184423942546326,0,0,1.0292589401500292,0.8031875832766625,ALK;GCDH;DIDO1;PRPS1;VAC14;CLIC4;TOMM40;SLC35D1;GOSR2;FHL2;SLC3A2;PSEN1;NAPG;ARIH2;MYBL2;TNPO2;SREBF1;CDV3;SVIL;TRAPPC3;ARL15;STAT1;API5;PAICS;OVOL2;GALC;PARP11;SLC7A6;ILF3;RABEP1;NPC1;GJB3;INCENP;CENPI;NOVA2;CHI3L1;APBA1;FXN;FGFR2;FGFR1;PICALM
ChEA_2016,SPI1 23547873 ChIP-Seq NB4 Human,49/3198,0.4595930200522501,0.9184423942546326,0,0,1.0260627860106095,0.7976754927703842,ANKLE2;DDX3X;KRI1;BZW1;ACTG2;IKBKB;PSMD4;GM2A;IDH3B;TNPO2;NUP214;UNC45A;DDX18;SREBF1;KLF12;TPM3;EML2;TOX4;ACTA2;PRKAR1A;INCENP;ANAPC5;CYP2E1;PRPS1;VAC14;DCTN5;POM121;ZNF195;SDC2;SRRT;PSEN1;HSPD1;RRP7A;ADAM28;SPAST;SPATA5L1;KIAA1644;PACSIN2;CDC37L1;CD59;MYH11;TRAPPC3;CSNK1A1;PTPN12;VENTXP1;GGCT;SQLE;PARP11;PICALM
ChEA_2016,GATA1 22383799 ChIP-Seq G1ME Mouse,31/2000,0.4515197762780774,0.9184423942546326,0,0,1.03776000120832,0.8251604461199342,DIDO1;COPA;LTK;FASTKD2;GOSR2;PITPNA;DTX3;ATP2C2;KRI1;MALT1;SAMD14;DSTYK;UBR5;ATP6V0A2;CDC37L1;AGFG2;NADK;GALNT2;SLC11A2;SYNJ2;CFLAR;PTPN12;LARP4;KMO;EML4;SLC7A6;PRKAR1A;NOS1AP;LLGL1;EIF4G2;PICALM
ChEA_2016,GATA6 21074721 ChIP-Seq CACO-2 Human,31/2000,0.4515197762780774,0.9184423942546326,0,0,1.03776000120832,0.8251604461199342,NOTCH2;CLIC4;COPA;UBIAD1;SLC35D1;CSF1;ISG20L2;ENO1;PDC;DSTYK;PSMD4;HLX;ADORA1;TNFRSF8;MPZL1;NADK;SVIL;TRAPPC3;SORT1;TPM3;GALNT2;KMO;USH2A;AGT;MTOR;SKI;ACTA2;GJB3;NOS1AP;CHI3L1;SERINC2
ChEA_2016,TCF3 18692474 ChIP-Seq MESCs Mouse,21/1351,0.4653696755920052,0.9190686383164992,0,0,1.039615166949632,0.795225747762764,MAGI1;DIDO1;DST;ARL15;CSNK1A1;MCF2;SLC3A2;ENO1;NR2E1;HMGCR;PKMYT1;PLCXD1;GIP;ACTC1;GJB3;ADAM23;ARIH2;MYBL2;MATN3;FGFR2;FGFR1
ChEA_2016,MECOM 23826213 ChIP-Seq KASUMI Mouse,30/1951,0.4714570627821128,0.9281810923522846,0,0,1.0283417201688936,0.7732381578038879,MTMR1;DIDO1;TOMM40;CBFB;WDR1;SRSF1;PSEN1;KRI1;MALT1;MED17;BEST1;SPAST;ATP6V0A2;PACSIN2;MYBL2;RPP14;NADK;TNS1;TRAPPC3;ARL15;STAT1;API5;ERLIN1;SYNJ2;EML4;GGCT;INCENP;NOS1AP;B4GALT7;CRLF2
ChEA_2016,BCL11B 21912641 ChIP-Seq STHDH STRIUM Mouse,1/43,0.4782536344465486,0.9328166863818133,0,0,1.565376652333174,1.1546438455211565,AGBL2
ChEA_2016,ARNT 22903824 ChIP-Seq MCF-7 Human,16/1029,0.4778401945530909,0.9328166863818133,0,0,1.0392781168749914,0.7674849848703499,PRPS1;VAC14;KLF12;DST;HDGFRP3;PTPRJ;SYNJ2;SSTR1;EGFR;EML4;CDH6;SOCS2;CNR1;FGFR2;TNS1;MPHOSPH6
ChEA_2016,TCF3 18347094 ChIP-ChIP MESCs Mouse,34/2221,0.4770421451678086,0.9328166863818133,0,0,1.0235499585727006,0.7575809494844403,PHTF2;DIDO1;HSP90AB1;CBFB;STMN2;SLC3A2;ENO1;NR2E1;HMGCR;PKMYT1;CDH6;SOCS2;MYBL2;DACT1;MAGI1;OSR2;TRAPPC3;KLF12;EMX2;DST;STAT1;CSNK1A1;TPM3;MCF2;PTPN12;KMO;GIP;EML4;ACTC1;GJB3;TLL2;APBA1;FGFR2;FGFR1
ChEA_2016,MYCN 18555785 ChIP-Seq MESCs Mouse,34/2261,0.521225485925293,0.9408380598859264,0,0,1.0028697698444584,0.6534423995913263,NOTCH2;VAC14;POM121;TOMM40;DDX3X;FASTKD2;GOSR2;ISG20L2;ENO1;PSEN1;HMGCR;BZW1;NAPG;CRKL;SOCS2;SPAST;GGA3;CNR1;NUP214;MAGI1;UNC45A;CDV3;SVIL;RING1;ERLIN1;SYNJ2;PAICS;PARP11;RPS28;MCM3AP;APBA1;SNRPA1;EIF4G2;PICALM
ChEA_2016,FOXA1 27270436 Chip-Seq PROSTATE Human,30/2000,0.5286613860311397,0.9408380598859264,0,0,1.0,0.6374071540971311,HPGD;FHL2;TARP;CLDN1;NAPG;EGFR;LMAN1;C15ORF39;UBR5;RPP14;NADK;DACT1;HSPA5;DST;SORT1;STAT1;API5;TEX10;SLC11A2;SPAG4;HDGFRP3;CFLAR;PTPN12;LARP4;PAICS;OVOL2;GIP;GGCT;PRKAR1A;CD44
ChEA_2016,SMRT 27268052 Chip-Seq Bcells Human,30/2000,0.5286613860311397,0.9408380598859264,0,0,1.0,0.6374071540971311,DIDO1;HPGD;PITPNA;PTPRJ;ICAM5;TARP;CLDN1;LTBP1;RRP7A;DSTYK;HLX;CNR1;TNFRSF8;MYH11;MTA2;AGFG2;NADK;TNS1;ARL15;GALNT2;SLC34A1;HUWE1;LARP4;CNKSR2;SKI;CYP2W1;ACTC1;CNTN1;TLL2;CLDN16
ChEA_2016,TCFCP2L1 18555785 ChIP-Seq MESCs Mouse,30/1987,0.5135763561747172,0.9408380598859264,0,0,1.0073809118264918,0.6712748821890395,RBPJL;TMEM87A;PRPS1;CRABP1;ENO1;PLCXD1;SLC6A3;CRKL;CACNA1G;HSPD1;SOCS2;SAMD14;CSRP2;ADAM23;NUP214;PSD;RING1;HSPA5;ARL15;CSNK1A1;TEX10;MCF2;SYTL2;EML4;MCM3AP;GJB3;PDE5A;FXN;B4GALT7;LLGL1
ChEA_2016,E2F1 17053090 ChIP-ChIP MCF-7 Human,26/1726,0.5211467076075358,0.9408380598859264,0,0,1.004723057106054,0.6548018165667571,MTMR1;DIDO1;PRPS1;VAC14;DOCK9;POLDIP3;SLC3A2;DTX3;NAPG;CACNA1G;SAMD14;INE1;GGA3;IDH3B;CD59;MTA2;TNPO2;FUS;NONO;EML2;SYTL2;GALC;AGBL2;CNTN1;TSR1;PICALM
ChEA_2016,SMARCA4 20176728 ChIP-ChIP TSCs Mouse,17/1118,0.5126787073316263,0.9408380598859264,0,0,1.014763321490582,0.6779693941746464,ALK;DIDO1;CLIC4;SLC35D1;WDR1;GOSR2;SLC11A2;PTPN11;ENO1;PLCXD1;MALT1;PTHLH;GM2A;GJB3;CDC37L1;PICALM;DACT1
ChEA_2016,SOX2 18692474 ChIP-Seq MESCs Mouse,50/3319,0.5110208440493702,0.9408380598859264,0,0,1.0052615478739677,0.6748772122326258,PHTF2;DIDO1;HSP90AB1;WDR1;ENO1;CRKL;CDH6;ARIH2;MYBL2;MAGI1;UNC45A;KLF12;DST;ARL15;TPM3;SLC34A1;OVOL2;GIP;TOX4;MED25;ILF3;NPC1;CHI3L1;CFB;MATN3;PAFAH1B1;GCDH;LRRC15;PRPS1;TOMM40;POLDIP3;SLC3A2;HMGCR;PKMYT1;PLCXD1;NAPG;SOCS2;LMAN1;ADAM23;MPZL1;SORT1;STAT1;GALNT2;MCF2;SYNJ2;CFLAR;ACTC1;GJB3;FGFR2;FGFR1
ChEA_2016,TAF15 26573619 Chip-Seq HEK293 Human,4/247,0.508900935008542,0.9408380598859264,0,0,1.0820264709153598,0.7309109456921998,APP;DDX18;CDH2;STMN2
ChEA_2016,NR3C1 23031785 ChIP-Seq PC12 Mouse,14/918,0.5135377620260657,0.9408380598859264,0,0,1.0177919425707036,0.6782888285843636,ALK;DDX18;POLDIP3;SSTR1;JAKMIP2;CNKSR2;CDH6;CDH2;HLX;MYH11;RPP14;AGFG2;EIF4G2;PAFAH1B1
ChEA_2016,MTF2 20144788 ChIP-Seq MESCs Mouse,45/2981,0.5065905110844973,0.9408380598859264,0,0,1.0076133995832666,0.6852297818628291,NOTCH2;ALK;RBPJL;APP;RBM28;LTK;CSF1;CRABP1;FHL2;GRIK1;PTPRJ;HR;ICAM5;NR2E1;EGFR;MALT1;PTHLH;CACNA1G;CDH6;SAMD14;CDH2;HLX;CNR1;ADORA1;WNT2;GPR135;DACT1;OSR2;EMX2;CADM1;SFTPC;DONSON;HDGFRP3;SSTR1;OVOL2;CNKSR2;CLDN10;CCKBR;COL4A3;NOS1AP;TLL2;APBA1;PDE5A;SERINC2;FGFR2
ChEA_2016,E2F7 22180533 ChIP-Seq HELA Human,1/46,0.501431974790771,0.9408380598859264,0,0,1.460795243403939,1.0083684398735315,POLA1
ChEA_2016,STAT6 20620947 ChIP-Seq CD4 POS T Human,8/508,0.4946810876083284,0.9408380598859264,0,0,1.0520547945205478,0.7404803417433409,SKI;KLF12;PLN;SLC3A2;CFLAR;CLDN1;CD44;DACT1
ChEA_2016,GATA2 20887958 ChIP-Seq HPC-7 Mouse,26/1708,0.4987707504287726,0.9408380598859264,0,0,1.016490622043622,0.7070797270474624,CLIC4;FASTKD2;FHL2;GRIK1;AKAP5;PLCXD1;PDC;BEST1;SAMD14;HLX;ADAM23;ATP6V0A2;TGM4;TNS1;DDX18;HSPA5;GALNT2;KMO;OVOL2;GGCT;MFAP4;PRKAR1A;NOVA2;TLL2;MPHOSPH6;PICALM
ChEA_2016,EWS-FLI1 20517297 ChIP-Seq SK-N-MC Human,9/574,0.4937875308565441,0.9408380598859264,0,0,1.047440926922726,0.7391266416851813,TOX4;ALK;PARP11;CDV3;LRRC15;SVIL;NRG1;PTHLH;ATG2B
ChEA_2016,PPARG 20887899 ChIP-Seq 3T3-L1 Mouse,54/3565,0.4921577413615847,0.9408380598859264,0,0,1.0121569145056304,0.7175747188481787,PHTF2;CXCL9;WDR1;DOCK9;FHL2;ENO1;BZW1;ETS1;ACTG2;PREX2;CDH2;ADORA1;TNFRSF8;TNS1;NUP214;MAGI1;UNC45A;DST;NRG1;TOX4;NPC1;INCENP;SAG;YME1L1;FXN;MET;VAC14;MVK;HPGD;SLC3A2;MALT1;HSPD1;HLX;ADAM23;MTA2;SVIL;HNRNPA3;HSPA5;STAT1;API5;GALNT2;ERLIN1;SYNJ2;CFLAR;PTPN12;PAICS;MTOR;GGCT;SQLE;PARP11;CDK1;FGFR2;FGFR1;PICALM
ChEA_2016,STAT3 23295773 ChIP-Seq U87 Human,48/3165,0.4913626859958706,0.9408380598859264,0,0,1.0133675542722704,0.7200713757307889,ALK;APP;RBM28;WDR1;DOCK9;GOSR2;NR2E1;ATP2C2;HMGCR;TARP;CLDN1;LTBP1;BEST1;CDH6;SOCS2;SPAST;ADAM23;UBR5;MYH11;TNPO2;IL13RA1;NUP214;MAGI1;DST;ARL15;API5;GALNT2;MCF2;SLC11A2;SIAH1;LAMB4;WDR74;HUWE1;NRG1;PTPN12;USH2A;EML2;QKI;STXBP5L;GIP;CNKSR2;SULT1B1;RAD51;MYL1;RCAN2;CNTN1;ANAPC5;MPHOSPH6
ChEA_2016,NACC1 18358816 ChIP-ChIP MESCs Mouse,12/769,0.4860138889797259,0.9408380598859264,0,0,1.0426574196389256,0.7522961767446724,DIDO1;DST;ARL15;GJB3;ADAM23;STMN2;ARIH2;STK19;MYBL2;SYNJ2;RPP14;PAICS
ChEA_2016,SMAD2/3 21741376 ChIP-Seq ESCs Human,30/2000,0.5286613860311397,0.9408380598859264,0,0,1.0,0.6374071540971311,MTMR1;PRPS1;UBIAD1;ZNF195;GOSR2;HR;STK19;PKMYT1;C15ORF39;TNFRSF8;CD59;MYBL2;MS4A12;MTA2;RPP14;UTP14A;AGFG2;NADK;IL13RA1;PSD;DST;SLC34A1;LARP4;OVOL2;SKI;MFAP4;CCKBR;CHI3L1;SCRG1;FGFR2
ChEA_2016,JUND 26020271 ChIP-Seq SMOOTH MUSCLE Human,30/2000,0.5286613860311397,0.9408380598859264,0,0,1.0,0.6374071540971311,RGS17;HSP90AB1;SLC35D1;WDR1;FHL2;ENO1;ETS1;NAPG;EGFR;PTHLH;CRKL;RRP7A;CNN1;KIAA1644;TGM4;AGFG2;PDLIM7;IL13RA1;CA12;EIF2B2;HSPA5;CSNK1A1;NRG1;CFLAR;SYTL2;GIP;ADORA2B;CLDN16;SERINC2;LLGL1
ChEA_2016,KLF5 25053715 ChIP-Seq YYC3 Human,30/2000,0.5286613860311397,0.9408380598859264,0,0,1.0,0.6374071540971311,ALK;RGS17;STEAP4;SLC3A2;ENO1;PLCXD1;TARP;EGFR;JAKMIP2;ADAM28;SPAST;UTP14A;NADK;TNS1;GPR135;SVIL;KLF12;SORT1;TPM3;GALNT2;SPAG4;WDR74;HUWE1;DONSON;SYNJ2;OVOL2;CLDN16;PAFAH1B1;CDKN3;PICALM
ChEA_2016,FOXA1 25329375 ChIP-Seq VCAP Human,30/2000,0.5286613860311397,0.9408380598859264,0,0,1.0,0.6374071540971311,HPGD;FHL2;TARP;CLDN1;NAPG;EGFR;LMAN1;C15ORF39;UBR5;RPP14;NADK;DACT1;HSPA5;DST;SORT1;STAT1;API5;TEX10;SLC11A2;SPAG4;HDGFRP3;CFLAR;PTPN12;LARP4;PAICS;OVOL2;GIP;GGCT;PRKAR1A;CD44
ChEA_2016,FOXM1 26456572 ChIP-Seq MCF-7 Human,30/2000,0.5286613860311397,0.9408380598859264,0,0,1.0,0.6374071540971311,NOTCH2;RBPJL;STEAP4;PTPRJ;ATP2C2;TARP;CLDN1;BZW1;LTBP1;RNF126P1;SOCS2;UBR5;TNFRSF8;TGM4;WNT2;MPZL1;MAGI1;SVIL;HNRNPA3;DST;LAMB4;WDR74;HDGFRP3;EML4;INCENP;CDK1;PDE5A;MET;FGFR2;MPHOSPH6
ChEA_2016,CTCF 20526341 ChIP-Seq ESCs Human,30/2000,0.5286613860311397,0.9408380598859264,0,0,1.0,0.6374071540971311,NOTCH2;VAC14;ZNF230;UBIAD1;DTX3;ATP2C2;BZW1;ETS1;IKBKB;TCEB2;MYH11;NADK;DACT1;EMX2;SORT1;SLC34A1;TEX10;PTPN11;LARP4;KMO;MTOR;SKI;ACTA2;SLC7A6;MED25;SAG;CHI3L1;APBA1;PDE5A;CYP2E1
ChEA_2016,LDB1 21186366 ChIP-Seq BM-HSCs Mouse,30/2000,0.5286613860311397,0.9408380598859264,0,0,1.0,0.6374071540971311,NOTCH2;SLC35D1;STMN2;HR;PSEN1;BZW1;MED17;RRP7A;SPAST;ARIH2;PACSIN2;MTA2;TNPO2;DDX18;CDV3;CADM1;STAT1;CSNK1A1;CMA1;ERLIN1;CFLAR;SULT2B1;POLA1;SQLE;SULT1B1;INCENP;TSR1;FXN;MET;MATN3
ChEA_2016,DPY 21335234 ChIP-Seq ESCs Mouse,30/2000,0.5286613860311397,0.9408380598859264,0,0,1.0,0.6374071540971311,ALK;RBPJL;ANKLE2;FASTKD2;PITPNA;PKMYT1;PLCXD1;BZW1;EGFR;CRKL;HSPD1;PREX2;DSTYK;GM2A;ADAM23;ADORA1;MPZL1;GPR135;DDX18;SREBF1;CDV3;DST;STAT1;SSTR1;CFLAR;SKI;RPS28;PDE5A;PAFAH1B1;CDKN3
ChEA_2016,RBPJ 21746931 ChIP-Seq IB4 Human,30/2000,0.5286613860311397,0.9408380598859264,0,0,1.0,0.6374071540971311,FAM49A;NOTCH2;ALK;CLIC4;UBIAD1;SLC35D1;CSF1;FHL2;ENO1;LTBP1;DSTYK;PSMD4;HLX;ADAM23;ADORA1;TNFRSF8;MPZL1;NADK;TNS1;DDX18;TRAPPC3;SORT1;GALNT2;KMO;USH2A;MTOR;EML4;SKI;GJB3;SERINC2
ChEA_2016,NFYB 21822215 ChIP-Seq K562 Human,30/2000,0.5286613860311397,0.9408380598859264,0,0,1.0,0.6374071540971311,NOTCH2;CLIC4;UBIAD1;SLC35D1;CSF1;ENO1;PTHLH;DSTYK;HLX;TNFRSF8;MPZL1;NADK;SVIL;TRAPPC3;EMX2;CADM1;SORT1;API5;GALNT2;KMO;USH2A;MTOR;SYTL2;SKI;INCENP;CNTN1;CDK1;TLL2;SERINC2;CD44
ChEA_2016,MYB 26560356 Chip-Seq TH2 Human,30/2000,0.5286613860311397,0.9408380598859264,0,0,1.0,0.6374071540971311,DCTN5;TOMM40;SLC35D1;ENO1;NR2E1;PLCXD1;ETS1;ACTG2;IKBKB;C15ORF39;ATP6V0A2;MYBL2;HNRNPA1;DDX18;SREBF1;EMX2;HNRNPA3;EIF2B2;STAT1;SLC11A2;LAMB4;WDR74;ERLIN1;HUWE1;CFLAR;KMO;EML2;CNKSR2;CD44;FGFR1
ChEA_2016,CREB1 26743006 Chip-Seq LNCaP Human,30/2000,0.5286613860311397,0.9408380598859264,0,0,1.0,0.6374071540971311,FAM49A;PHTF2;TOMM40;DDX3X;CBFB;DOCK9;ENO1;ICAM5;ATP2C2;PKMYT1;SOCS2;CNN1;C15ORF39;MTA2;HNRNPA1;TGM4;TNPO2;NADK;SREBF1;SLC11A2;WDR74;HDGFRP3;CFLAR;PTPN12;MTOR;SKI;CDK1;CYP2E1;CLDN16;FGFR2
ChEA_2016,KDM2B 26808549 Chip-Seq K562 Human,30/2000,0.5286613860311397,0.9408380598859264,0,0,1.0,0.6374071540971311,RBPJL;CLIC4;CSF1;CBFB;PTPRJ;SLC3A2;CACNA1G;SOCS2;SAMD14;DSTYK;C15ORF39;CNR1;PACSIN2;CD59;UTP14A;MPZL1;NADK;NUP214;PSD;SORT1;HDGFRP3;SYNJ2;PTPN12;QKI;SKI;NPC1;TLL2;SERINC2;MPHOSPH6;FGFR1
ChEA_2016,SA1 27219007 Chip-Seq ERYTHROID Human,30/2000,0.5286613860311397,0.9408380598859264,0,0,1.0,0.6374071540971311,FAM49A;UBIAD1;TOMM40;SLC35D1;CSF1;SDC2;ISG20L2;ENO1;PTHLH;BEST1;C15ORF39;ATP6V0A2;IDH3B;TCEB2;TNFRSF8;TNPO2;NADK;KLF12;CADM1;ARL15;TPM3;SLC11A2;WDR74;CFLAR;MTOR;SKI;ILF3;ADORA2B;NOVA2;PAFAH1B1
ChEA_2016,VDR 21846776 ChIP-Seq THP-1 Human,12/794,0.5309721967874854,0.9422886872566644,0,0,1.007992327365729,0.6381051270360999,IKBKB;SKI;OSR2;TOMM40;GGA3;HLX;ANAPC5;ENO1;HMGCR;RPP14;AGFG2;NADK
ChEA_2016,AR 21572438 ChIP-Seq LNCaP Human,3/188,0.5376764222778978,0.9436605424718496,0,0,1.0655200655200656,0.6611534375832774,ETS1;EGFR;GPR135
ChEA_2016,MYC 22102868 ChIP-Seq BL Human,12/797,0.5362905529192452,0.9436605424718496,0,0,1.0039808917197452,0.6255595992217711,SREBF1;DIDO1;ILF3;KLF12;C15ORF39;HSP90AB1;CBFB;SPAG4;MYBL2;ETS1;TNPO2;EML2
ChEA_2016,IRF4 20064451 ChIP-Seq CD4+T Mouse,15/1000,0.5377367218212604,0.9436605424718496,0,0,1.0,0.6203862032428059,ALK;SREBF1;CDV3;KLF12;STEAP4;PTPN11;NR2E1;NAPG;CLDN10;TLL2;APBA1;MYH11;MTA2;RPP14;CDKN3
ChEA_2016,CBP 20019798 ChIP-Seq JUKART Human,15/1000,0.5377367218212604,0.9436605424718496,0,0,1.0,0.6203862032428059,ALK;SREBF1;CDV3;KLF12;STEAP4;PTPN11;NR2E1;NAPG;CLDN10;TLL2;APBA1;MYH11;MTA2;RPP14;CDKN3
ChEA_2016,PRDM14 21183938 ChIP-Seq MESCs Mouse,29/1944,0.5415021332314532,0.9476287331550431,0,0,0.9938338808975558,0.6096259245931174,RBM28;VAC14;DOCK9;STMN2;HMGCR;PLCXD1;SOCS2;CSRP2;ADORA1;DACT1;MAGI1;SVIL;OSR2;TRAPPC3;TIPIN;ARL15;GALNT2;NONO;LARP4;MTOR;GALC;NOVA2;NOS1AP;WDFY3;FXN;FGFR2;PAFAH1B1;MPHOSPH6;FGFR1
ChEA_2016,RBPJ 21746931 ChIP-Seq IB4-LCL Human,30/2013,0.543647253875572,0.9487472851568154,0,0,0.9927158626099624,0.6050153212540321,LRRC15;PRPS1;CBFB;ZNF195;GOSR2;SRSF1;PTPRJ;ICAM5;AKAP5;ACTG2;IKBKB;GM2A;HLX;ATP6V0A2;TCEB2;TNFRSF8;IZUMO4;DST;NONO;SPAG4;CFLAR;PTPN12;ACTA2;MED25;CYP2W1;ACTC1;ANAPC5;SERINC2;MATN3;CD44
ChEA_2016,ERA 27197147 Chip-Seq ENDOMETRIOID-ADENOCARCINOMA Human,16/1073,0.5464394747831317,0.950985826280036,0,0,0.9936706330699429,0.6005066908696318,CA12;MAGI1;NOTCH2;UBIAD1;CADM1;DOCK9;SIAH1;FHL2;EGFR;GALC;PARP11;INCENP;ADORA1;CDK1;CD44;FGFR2
ChEA_2016,CNOT3 19339689 ChIP-ChIP MESCs Mouse,23/1547,0.5493857242106747,0.9534793560681132,0,0,0.9902877663757734,0.5931373040486717,PSD;NOTCH2;SREBF1;SVIL;OSR2;VAC14;TOMM40;RING1;CBFB;STAT1;SLC11A2;ENO1;ICAM5;PTPN12;PTHLH;HSPD1;SKI;SOCS2;MED25;GGA3;MYBL2;SNRPA1;NADK
ChEA_2016,CDKN2AIP 20523734 ChIP-Seq CORTICAL Neurons,2/123,0.5530314361033981,0.9571697932558814,0,0,1.0859725997004823,0.6432654794935282,PRKAR1A;BZW1
ChEA_2016,TFEB 21752829 ChIP-Seq HELA Human,12/808,0.55561984478084,0.9574949188005748,0,0,0.9895309882747068,0.5815186169151733,SOCS2;CDV3;TRAPPC3;VAC14;RPS28;HNRNPA3;EIF2B2;TEX10;HMGCR;TNPO2;GLYR1;PICALM
ChEA_2016,EGR1 23403033 ChIP-Seq LIVER Mouse,14/944,0.5562589528270007,0.9574949188005748,0,0,0.9879690202270848,0.5794649241551316,SVIL;DIDO1;CXCL9;SLC35D1;DESI2;ERLIN1;SULT1B1;CLDN10;ADAM28;PSMD4;NOS1AP;CYP2E1;CFB;LLGL1
ChEA_2016,HOXB4 20404135 ChIP-ChIP EML Mouse,27/1824,0.5586580448157857,0.9579968601708428,0,0,0.985323524555578,0.5736728155690869,TMEM87A;PHTF2;POM121;TOMM40;POLDIP3;PTPRJ;ICAM5;HMGCR;BZW1;PSMD4;ARIH2;UTP14A;TNPO2;MPZL1;DDX18;TRAPPC3;EIF2B2;SORT1;CSNK1A1;NONO;HUWE1;SYNJ2;ILF3;RAD51;INCENP;FXN;PICALM
ChEA_2016,RCOR2 21632747 ChIP-Seq MESCs Mouse,6/401,0.5595918167347145,0.9579968601708428,0,0,0.9974166881942652,0.5790479240936195,DIDO1;KLF12;DST;PTPN11;FXN;CRLF2
ChEA_2016,FOXA1 25552417 ChIP-Seq VCAP Human,29/2000,0.6054793457184178,0.9584220799060382,0,0,0.9625567031926028,0.4829482216164448,TMEM87A;PHTF2;PRPS1;STEAP4;SLC35D1;HPGD;CRABP1;FHL2;ENO1;AKAP5;PKMYT1;BZW1;PTHLH;MED17;HSPD1;IKBKB;CDC37L1;HNRNPA1;OSR2;CADM1;SIAH1;WDR74;ERLIN1;HDGFRP3;SYNJ2;CFLAR;LARP4;OVOL2;CHI3L1
ChEA_2016,NEUROD2 26341353 ChIP-Seq CORTEX Mouse,29/2000,0.6054793457184178,0.9584220799060382,0,0,0.9625567031926028,0.4829482216164448,APP;PITPNA;SRRT;PSEN1;HMGCR;PDC;CRKL;RRP7A;LMAN1;SAMD14;GGA3;HLX;ADORA1;DACT1;NUP214;TRAPPC3;CADM4;GALNT2;KMO;AGT;STXBP5L;SLC7A6;NOVA2;NOS1AP;SAG;ANAPC5;CFB;MPHOSPH6;FGFR1
ChEA_2016,NANOG 18555785 ChIP-Seq MESCs Mouse,8/542,0.5683261357836566,0.9584220799060382,0,0,0.9833256374737058,0.5556378296631581,TOX4;PHTF2;STEAP4;GJB3;MCF2;MYBL2;PLCXD1;MTA2
ChEA_2016,P53 22127205 ChIP-Seq FIBROBLAST Human,10/679,0.5685923429436822,0.9584220799060382,0,0,0.9809288181021596,0.5538241182849968,KLF12;HNRNPA3;FUS;NOVA2;PITPNA;SIAH1;NRG1;PTPN12;MET;MED17
ChEA_2016,P63 26484246 Chip-Seq KERATINOCYTES Human,29/2000,0.6054793457184178,0.9584220799060382,0,0,0.9625567031926028,0.4829482216164448,APP;POM121;ZNF230;STEAP4;HSP90AB1;SLC35D1;CSF1;PLCXD1;RNF126P1;CSRP2;CD59;IL13RA1;CA12;SREBF1;TRAPPC3;EIF2B2;CSNK1A1;LAMB4;CFLAR;QKI;OVOL2;MFAP4;NPC1;PRKAR1A;ADORA2B;NOS1AP;SERINC2;FGFR2;PICALM
ChEA_2016,GATA3 27048872 Chip-Seq THYMUS Human,29/2000,0.6054793457184178,0.9584220799060382,0,0,0.9625567031926028,0.4829482216164448,SLC35D1;HPGD;DOCK9;SLC3A2;ICAM5;AKAP5;ETS1;SLC6A3;ACTG2;CRKL;PLN;SPATA5L1;GM2A;ARIH2;DGCR5;TNPO2;CA12;TIPIN;EIF2B2;STAT1;SPAG4;WDR74;PTPN12;MTOR;SQLE;PARP11;SLC7A6;CYP2W1;NPC1
ChEA_2016,BRD4 27068464 Chip-Seq AML-cells Mouse,29/2000,0.6054793457184178,0.9584220799060382,0,0,0.9625567031926028,0.4829482216164448,ALK;HPGD;FASTKD2;DTX3;HMGCR;KRI1;HSPD1;SOCS2;LMAN1;GGA3;GM2A;HLX;UBR5;TNFRSF8;MPZL1;PDLIM7;DDX18;SREBF1;TRAPPC3;STAT1;CFLAR;EML2;MCM3AP;PRKAR1A;ADORA2B;NOS1AP;APBA1;CD44;ATG2B
ChEA_2016,BCL6 27268052 Chip-Seq Bcells Human,29/2000,0.6054793457184178,0.9584220799060382,0,0,0.9625567031926028,0.4829482216164448,CSF1;CBFB;HPGD;PTPRJ;ICAM5;KRI1;LTBP1;SLC6A3;ACTG2;CRKL;JAKMIP2;RRP7A;IKBKB;ATP6V0A2;MYH11;MTA2;RPP14;AGFG2;IL13RA1;TRAPPC3;SLC34A1;NONO;SLC11A2;PTPN12;MED25;CYP2W1;CCKBR;ADORA2B;SERINC2
ChEA_2016,RAC3 21632823 ChIP-Seq H3396 Human,29/2000,0.6054793457184178,0.9584220799060382,0,0,0.9625567031926028,0.4829482216164448,ZNF230;HSP90AB1;FHL2;PTPRJ;ICAM5;NR2E1;BZW1;SLC6A3;RNF126P1;CNN1;SPAST;CSRP2;TCEB2;UTP14A;AGFG2;NADK;CDV3;EMX2;ARL15;SLC34A1;SIAH1;LAMB4;ERLIN1;HDGFRP3;MTOR;CYP2W1;RAD51;YME1L1;CHI3L1
ChEA_2016,FOXH1 21741376 ChIP-Seq EPCs Human,29/2000,0.6054793457184178,0.9584220799060382,0,0,0.9625567031926028,0.4829482216164448,ALK;PRPS1;CRABP1;KLK2;CLDN1;RRP7A;CNN1;SAMD14;ADORA1;UTP14A;DACT1;MAGI1;TIPIN;EMX2;DST;ARL15;STAT1;FUS;KMO;OVOL2;STXBP5L;GIP;SKI;CCKBR;CHI3L1;WDFY3;SERINC2;FGFR2;FGFR1
ChEA_2016,TBL1 22424771 ChIP-Seq 293T Human,29/2000,0.6054793457184178,0.9584220799060382,0,0,0.9625567031926028,0.4829482216164448,NOTCH2;CLIC4;UBIAD1;SLC35D1;CSF1;PTPRJ;ENO1;ETS1;PTHLH;HLX;TNFRSF8;MPZL1;NADK;SVIL;SORT1;API5;GALNT2;SSTR1;USH2A;MTOR;SKI;PARP11;CNTN1;CDK1;TLL2;SERINC2;CD44;FGFR2;PICALM
ChEA_2016,GATA4 25053715 ChIP-Seq YYC3 Human,29/2000,0.6054793457184178,0.9584220799060382,0,0,0.9625567031926028,0.4829482216164448,PHTF2;PRPS1;CBFB;HPGD;PITPNA;CLDN1;ETS1;IKBKB;CDH6;SPATA5L1;CDH2;PACSIN2;CD59;AGFG2;NADK;DACT1;OSR2;OR1D2;TPM3;SLC11A2;WDR74;CFLAR;LARP4;SULT2B1;GALC;ADORA2B;AGBL2;TLL2;CD44
ChEA_2016,EBNA1 20929547 Chip-Seq RAJI-cells Human,29/2000,0.6054793457184178,0.9584220799060382,0,0,0.9625567031926028,0.4829482216164448,APP;DIDO1;VAC14;SDC2;SRRT;KLK2;CLDN1;CRKL;PREX2;HLX;MTA2;TGM4;SREBF1;EMX2;CADM1;DONSON;SYNJ2;CFLAR;SULT2B1;SQLE;MFAP4;SLC7A6;CYP2W1;AGBL2;TLL2;CLDN16;SCRG1;EIF4G2;PAFAH1B1
ChEA_2016,PHF8 20622853 ChIP-Seq HELA Human,29/2000,0.6054793457184178,0.9584220799060382,0,0,0.9625567031926028,0.4829482216164448,NOTCH2;CLIC4;UBIAD1;SLC35D1;CSF1;ZNF195;ENO1;PDC;PTHLH;DSTYK;PSMD4;HLX;TNFRSF8;MPZL1;NADK;SVIL;TRAPPC3;SORT1;GALNT2;KMO;USH2A;MTOR;SKI;GJB3;CDK1;SERINC2;CD44;FGFR2;PICALM
ChEA_2016,NANOG 18555785 Chip-Seq ESCs Mouse,29/2000,0.6054793457184178,0.9584220799060382,0,0,0.9625567031926028,0.4829482216164448,FASTKD2;FHL2;PTPRJ;BZW1;PDC;PTHLH;PREX2;DSTYK;HLX;CNR1;ADAM23;ADORA1;MPZL1;TNS1;DDX18;HNRNPA3;DST;STAT1;API5;CFLAR;KMO;USH2A;RAD51;MYL1;COL4A3;NOS1AP;CHI3L1;PDE5A;CD44
ChEA_2016,MNX1 26342078 ChIP-Seq MIN6-4N Mouse,29/2000,0.6054793457184178,0.9584220799060382,0,0,0.9625567031926028,0.4829482216164448,ALK;LRRC15;STEAP4;DOCK9;PITPNA;STK19;NR2E1;EGFR;CACNA1G;CDH6;SOCS2;CSRP2;HLX;ADAM23;IDH3B;RPP14;MPZL1;TNS1;MAGI1;ARL15;SLC11A2;CFLAR;EML2;ACTA2;SQLE;MYL1;RUFY2;SERINC2;PAFAH1B1
ChEA_2016,POU5F1 18347094 ChIP-ChIP MESCs Mouse,31/2109,0.5759896402831334,0.9584220799060382,0,0,0.977280127088171,0.5391318316533071,PHTF2;DIDO1;HSP90AB1;STMN2;SLC3A2;ENO1;HMGCR;CDH6;SOCS2;CNR1;ADAM23;MYBL2;MPZL1;DACT1;MAGI1;OSR2;TRAPPC3;KLF12;DST;MCF2;PTPN12;KMO;OVOL2;GIP;ACTC1;GJB3;COL4A6;TLL2;MATN3;FGFR2;MPHOSPH6
ChEA_2016,NANOG 18692474 ChIP-Seq MESCs Mouse,45/3052,0.5751462024520949,0.9584220799060382,0,0,0.9796553140710892,0.5418777287888015,LRRC15;PHTF2;DIDO1;PRPS1;TOMM40;WDR1;SDC2;STMN2;SLC3A2;ENO1;NR2E1;HMGCR;PKMYT1;PLCXD1;BZW1;LTBP1;CRKL;CDH6;SOCS2;ADAM23;ARIH2;IDH3B;MYBL2;MTA2;CDV3;OSR2;KLF12;DST;ARL15;STAT1;TPM3;MCF2;HUWE1;SYNJ2;CFLAR;OVOL2;GIP;ACTC1;NPC1;GJB3;CENPI;MATN3;FGFR2;PAFAH1B1;FGFR1
ChEA_2016,SOX9 26525672 Chip-Seq HEART Mouse,25/1702,0.5744397695597488,0.9584220799060382,0,0,0.9770152328291865,0.541618190797982,NOTCH2;APP;CLIC4;UBIAD1;PITPNA;STMN2;ENO1;BZW1;CSRP2;UBR5;HNRNPA1;PSD;KLF12;EMX2;HNRNPA3;ARL15;CMA1;SYNJ2;LARP4;USH2A;MTOR;GALC;INCENP;CNTN1;CD44
ChEA_2016,GATA1 19941827 ChIP-Seq MEL Mouse,27/1834,0.5705393638684829,0.9584220799060382,0,0,0.9793233882885238,0.5495699546033945,NOTCH2;GCDH;DIDO1;PTPRJ;ENO1;ICAM5;AKAP5;KRI1;LTBP1;MED17;HSPD1;SAMD14;PSMD4;PDCD11;PACSIN2;PSD;SVIL;CMA1;SLC11A2;CFLAR;PTPN12;PARP11;ILF3;RAD51;COL4A3;NOS1AP;WDFY3
ChEA_2016,RNF2 18974828 ChIP-Seq MESCs Mouse,19/1302,0.5836078076160198,0.9584220799060382,0,0,0.9705982697359116,0.5226924853906784,APP;OSR2;PHTF2;RGS17;EMX2;LTK;CRABP1;HDGFRP3;GRIK1;HR;NR2E1;SSTR1;ETS1;PTHLH;OVOL2;CACNA1G;CDH2;ADORA1;FGFR2
ChEA_2016,VDR 22108803 ChIP-Seq LS180 Human,2/130,0.5831346262797302,0.9584220799060382,0,0,1.02621644295302,0.5534767023484415,DACT1;CDKN3
ChEA_2016,TAL1 26923725 Chip-Seq MACROPHAGESS Mouse,1/61,0.6028042868087103,0.9584220799060382,0,0,1.0947603121516165,0.5541268362844779,NRG1
ChEA_2016,NOTCH1 17114293 ChIP-ChIP T-ALL Human,2/134,0.599656013975627,0.9584220799060382,0,0,0.9949155989424446,0.5087989400958733,TRAPPC3;SLC3A2
ChEA_2016,MYC 18358816 ChIP-ChIP MESCs Mouse,50/3413,0.5973837660860866,0.9584220799060382,0,0,0.9715730002973536,0.5005500841622778,DIDO1;HSP90AB1;FASTKD2;ENO1;ICAM5;CRKL;IDH3B;MYBL2;UTP14A;TNPO2;GPR135;DDX18;SREBF1;CDV3;OSR2;RING1;DST;ARL15;WDR74;KMO;SLC7A6;MED25;ILF3;INCENP;ADORA2B;YME1L1;SNRPA1;B4GALT7;PRPS1;VAC14;UBIAD1;TOMM40;MVK;SLC3A2;PSEN1;PLCXD1;HSPD1;SOCS2;PDCD11;MTA2;RPP14;NADK;EIF2B2;STAT1;FUS;NONO;HUWE1;PAICS;POLA1;TSR1
ChEA_2016,PADI4 21655091 ChIP-ChIP MCF-7 Human,15/1037,0.5951966755128114,0.9584220799060382,0,0,0.9618910289422186,0.4990900314062911,NOTCH2;DIDO1;CXCL9;TEX10;SLC3A2;HMGCR;TARP;BZW1;NAPG;JAKMIP2;SQLE;PDCD11;NOS1AP;IDH3B;HNRNPA1
ChEA_2016,CIITA 18437201 ChIP-ChIP Raji B and iDC Human,1/59,0.5905776755763663,0.9584220799060382,0,0,1.1326259946949602,0.5965021351453189,ENO1
ChEA_2016,EZH2 18974828 ChIP-Seq MESCs Mouse,19/1302,0.5836078076160198,0.9584220799060382,0,0,0.9705982697359116,0.5226924853906784,APP;OSR2;PHTF2;RGS17;EMX2;LTK;CRABP1;HDGFRP3;GRIK1;HR;NR2E1;SSTR1;ETS1;PTHLH;OVOL2;CACNA1G;CDH2;ADORA1;FGFR2
ChEA_2016,POU5F1 18358816 ChIP-ChIP MESCs Mouse,11/753,0.5788272948070311,0.9584220799060382,0,0,0.9724862197931337,0.5317079374001965,SOCS2;OSR2;DIDO1;DST;GJB3;POLDIP3;MCF2;STMN2;MYBL2;RPP14;FGFR2
ChEA_2016,LYL1 20887958 ChIP-Seq HPC-7 Mouse,11/752,0.5770447243871206,0.9584220799060382,0,0,0.9738499829557924,0.5354572957527183,GGCT;DSTYK;PSMD4;HLX;ADAM23;ATP6V0A2;CHI3L1;GRIK1;AKAP5;KMO;PICALM
ChEA_2016,NANOG 21062744 ChIP-ChIP HESCs Human,12/840,0.6100312349297123,0.9632072130469144,0,0,0.9496779388083736,0.4693736852349869,EML4;OSR2;PRPS1;MED25;CSRP2;FASTKD2;HUWE1;PACSIN2;ENO1;ICAM5;HMGCR;HNRNPA1
ChEA_2016,SIN3A 21632747 ChIP-Seq MESCs Mouse,17/1186,0.6123699762955094,0.9644827126654272,0,0,0.9522408993220022,0.4669966893668058,NOTCH2;SREBF1;IZUMO4;CBFB;STAT1;CSNK1A1;PTPN11;ICAM5;DBH;EML2;SKI;CSRP2;RAD51;PDCD11;NOVA2;WDFY3;NADK
ChEA_2016,ESR2 21235772 ChIP-Seq MCF-7 Human,6/424,0.6140036929661424,0.9646442059069072,0,0,0.9414119714871596,0.4591777712907535,SULT2B1;CA12;SVIL;PRPS1;ADORA1;ATP2C2
ChEA_2016,SOX9 25088423 ChIP-ChIP EMBRYONIC GONADS Mouse,27/1903,0.6492669742375151,0.9667812435900348,0,0,0.9396658778321892,0.4058522962040658,ALK;DCTN5;GOSR2;PITPNA;ICAM5;PLCXD1;SLC6A3;EGFR;CSRP2;MTA2;WNT2;TRAPPC3;CADM4;RING1;HSPA5;WDR74;SYNJ2;PAICS;AGT;SKI;CLDN10;MFAP4;ILF3;COL4A3;TSR1;CHI3L1;FGFR1
ChEA_2016,CTBP1 25329375 ChIP-Seq LNCAP Human,16/1145,0.6514160148944501,0.9667812435900348,0,0,0.92670816751706,0.3971934232291322,CADM1;ARL15;API5;ISG20L2;NRG1;ENO1;SSTR1;CDH6;GALC;LMAN1;ADAM28;CDH2;CNTN1;CYP2E1;MTA2;GPR135
ChEA_2016,POU5F1 18700969 ChIP-ChIP MESCs Mouse,8/567,0.619316098842376,0.9667812435900348,0,0,0.9381233611880314,0.4494919358453476,PHTF2;DIDO1;PRPS1;DST;GJB3;STMN2;ENO1;PDLIM7
ChEA_2016,SETDB1 19884257 ChIP-Seq MESCs Mouse,34/2353,0.6193639205016247,0.9667812435900348,0,0,0.9580127550441432,0.4589477576948451,ALK;RBPJL;UBIAD1;TOMM40;STEAP4;MVK;DOCK9;STMN2;SLC3A2;NR2E1;BZW1;PDC;MALT1;CRKL;PREX2;CSRP2;HLX;TCEB2;RPP14;GPR135;DACT1;CDV3;SVIL;OSR2;RING1;ARL15;API5;SQLE;PARP11;MCM3AP;RUFY2;NOS1AP;APBA1;CRLF2
ChEA_2016,BMI1 23680149 ChIP-Seq NPCS Mouse,15/1056,0.6235160509027441,0.9667812435900348,0,0,0.9433742858587392,0.4456318724627518,OSR2;SLC11A2;CRABP1;STMN2;FHL2;HDGFRP3;ETS1;MALT1;PTHLH;OVOL2;STXBP5L;CDH6;SOCS2;CNR1;MET
ChEA_2016,ETS1 20019798 ChIP-Seq JURKAT Human,23/1607,0.6245224608638124,0.9667812435900348,0,0,0.9496316960215876,0.4470561989914526,NUP214;DDX18;TMEM87A;TRAPPC3;RBM28;DIDO1;DCTN5;ZNF230;TOMM40;API5;WDR74;NAPG;TOX4;DSTYK;PSMD4;PDCD11;INCENP;IDH3B;YME1L1;ANAPC5;SNRPA1;RPP14;TNPO2
ChEA_2016,TEAD4 22529382 ChIP-Seq TROPHECTODERM Mouse,33/2293,0.6276592198304439,0.9667812435900348,0,0,0.9537635477776673,0.4442229103335277,FAM49A;NOTCH2;CLIC4;COPA;SLC35D1;DOCK9;SRSF1;ISG20L2;PTPRJ;NAPG;EGFR;CRKL;SOCS2;DSTYK;CDH2;UBR5;ATP6V0A2;ARIH2;PACSIN2;MTA2;AGFG2;MAGI1;CADM1;ARL15;CSNK1A1;SLC11A2;CYP2W1;GJB3;COL4A3;NOS1AP;APBA1;FGFR2;CRLF2
ChEA_2016,STAT5 23275557 ChIP-Seq MAMMARY-EPITHELIUM Mouse,17/1197,0.6276660063474139,0.9667812435900348,0,0,0.9428040965442894,0.4391082653633051,ANKLE2;CLIC4;STEAP4;STAT1;HR;STK19;LARP4;MED17;SKI;SOCS2;GGCT;PSMD4;GM2A;NOS1AP;ATP6V0A2;MYBL2;PICALM
ChEA_2016,ETS2 20176728 ChIP-ChIP TROPHOBLAST STEM CELLS Mouse,3/215,0.6285638581254903,0.9667812435900348,0,0,0.9285305889079474,0.4311331429400249,EMX2;WDR74;DTX3
ChEA_2016,MYC 20876797 ChIP-ChIP MEDULLOBLASTOMA Human,20/1406,0.6307178232870562,0.9667812435900348,0,0,0.9438260152545866,0.4350063016373329,UNC45A;APP;TRAPPC3;CLIC4;ZNF230;EMX2;SLC35D1;CBFB;GALNT2;ICAM5;KLK2;PTHLH;CDH6;CSRP2;SPATA5L1;SCRG1;WNT2;TNPO2;MET;CDKN3
ChEA_2016,EWS 26573619 Chip-Seq HEK293 Human,12/854,0.6328364583938312,0.9667812435900348,0,0,0.9331947743467932,0.4269769697378988,CDH6;DDX18;CLIC4;HNRNPA3;DDX3X;CADM1;CSNK1A1;COL4A3;FHL2;PDC;MPZL1;CDKN3
ChEA_2016,NR3C1 21868756 ChIP-Seq MCF10A Human,16/1132,0.6333590367927341,0.9667812435900348,0,0,0.9381594224847292,0.4284741252267713,PRPS1;KLF12;DDX3X;GOSR2;PTPRJ;NRG1;PAICS;SYTL2;GALC;SULT1B1;CLDN10;ARIH2;CDK1;SERINC2;CDKN3;DACT1
ChEA_2016,RCOR3 21632747 ChIP-Seq MESCs Mouse,41/2851,0.6406208902016062,0.9667812435900348,0,0,0.9514969977603428,0.4237181995707483,FAM49A;ALK;PHTF2;DIDO1;MVK;SLC35D1;DOCK9;PITPNA;STMN2;ISG20L2;PTPRJ;NR2E1;DBH;BZW1;MALT1;PTHLH;PREX2;SOCS2;ATP6V0A2;TCEB2;DACT1;SVIL;KLF12;HNRNPA3;HSPA5;ARL15;SLC34A1;PTPN11;EML2;GIP;SKI;RAD51;GJB3;RCAN2;NOVA2;CDK1;WDFY3;ANAPC5;SERINC2;FXN;CRLF2
ChEA_2016,NR0B1 18358816 ChIP-ChIP MESCs Mouse,24/1691,0.6426998533095855,0.9667812435900348,0,0,0.9406640411048224,0.4158463651565887,PSD;MAGI1;OSR2;PHTF2;DIDO1;PRPS1;HSP90AB1;HSPA5;DST;ARL15;STMN2;SLC3A2;ENO1;HMGCR;PTPN12;KMO;PAICS;CRKL;SOCS2;GJB3;WDFY3;MYBL2;MPZL1;NADK
ChEA_2016,EGR1 19374776 ChIP-ChIP THP-1 Human,1/68,0.6428014394460059,0.9667812435900348,0,0,0.9800329456396945,0.4330955769858401,RAD51
ChEA_2016,BCAT 22108803 ChIP-Seq LS180 Human,9/650,0.643316187308658,0.9667812435900348,0,0,0.9195844122424692,0.405646099291414,PREX2;ALK;PHTF2;STMN2;GRIK1;ETS1;WNT2;EIF4G2;CDKN3
ChEA_2016,FLI1 21571218 ChIP-Seq MEGAKARYOCYTES Human,85/5834,0.6471903714863796,0.9667812435900348,0,0,0.959386263333967,0.4174431530105386,PHTF2;DIDO1;ANKLE2;CLIC4;HSP90AB1;CSF1;GRIK1;PTPRJ;ENO1;ICAM5;KRI1;BZW1;CRKL;MED17;RNF126P1;PREX2;SAMD14;PSMD4;ARIH2;ZNF207;IDH3B;UTP14A;NUP214;UNC45A;DDX18;CDV3;TPM3;TEX10;WDR74;EML2;TOX4;ACTA2;CLDN10;ILF3;PRKAR1A;RUFY2;SAG;YME1L1;ANAPC5;SNRPA1;NOTCH2;TMEM87A;VAC14;DCTN5;POM121;ZNF230;COPA;GOSR2;SRRT;PSEN1;ATP2C2;PLCXD1;TARP;LTBP1;PTHLH;C15ORF39;SPATA5L1;PDCD11;ATP6V0A2;CDC37L1;MTA2;RPP14;HNRNPA1;PDLIM7;EIF2B2;HSPA5;STAT1;CSNK1A1;GALNT2;NONO;ERLIN1;CFLAR;PTPN12;MTOR;SKI;POLA1;PARP11;SULT1B1;CYP2W1;MCM3AP;RAD51;TSR1;CRLF2;MPHOSPH6;PICALM
ChEA_2016,SOX11 22085726 ChIP-Seq ESNs Mouse,28/2000,0.6791117778664466,0.9667812435900348,0,0,0.9254265600763631,0.3581118936496306,NOTCH2;HSP90AB1;CLDN1;CDH6;LMAN1;SAMD14;ADAM28;SPAST;GPR135;CDV3;TPM3;FUS;CMA1;TEX10;NONO;SYNJ2;USH2A;AGT;MTOR;OVOL2;EML4;SQLE;CCKBR;MYL1;RUFY2;CFB;EIF4G2;CDKN3
ChEA_2016,TBX20 22080862 ChIP-Seq HEART Mouse,28/2000,0.6791117778664466,0.9667812435900348,0,0,0.9254265600763631,0.3581118936496306,FAM49A;LRRC15;CLIC4;SLC35D1;DOCK9;SDC2;PITPNA;SLC3A2;DBH;ETS1;CACNA1G;LMAN1;PLN;CDH2;ADORA1;PACSIN2;MYBL2;MPZL1;SREBF1;OSR2;GALNT2;NRG1;SSTR1;GGCT;ACTC1;PRKAR1A;RCAN2;EIF4G2
ChEA_2016,JUN 21703547 ChIP-Seq K562 Human,22/1585,0.6798160173180722,0.9667812435900348,0,0,0.918299525446821,0.3544021643910858,NOTCH2;ALK;RBM28;FASTKD2;MCF2;STMN2;CLDN1;ETS1;LTBP1;NAPG;AGT;MALT1;PTHLH;JAKMIP2;CNKSR2;CDH6;ACTA2;CSRP2;ADAM23;WDFY3;CD44;PAFAH1B1
ChEA_2016,TBX20 22328084 ChIP-Seq HEART Mouse,28/2000,0.6791117778664466,0.9667812435900348,0,0,0.9254265600763631,0.3581118936496306,FAM49A;LRRC15;CLIC4;SLC35D1;DOCK9;SDC2;PITPNA;SLC3A2;DBH;ETS1;CACNA1G;LMAN1;PLN;CDH2;ADORA1;PACSIN2;MYBL2;MPZL1;SREBF1;OSR2;GALNT2;NRG1;SSTR1;GGCT;ACTC1;PRKAR1A;RCAN2;EIF4G2
ChEA_2016,OCT4 20526341 ChIP-Seq ESCs Human,28/2000,0.6791117778664466,0.9667812435900348,0,0,0.9254265600763631,0.3581118936496306,FAM49A;NOTCH2;LRRC15;COPA;UBIAD1;ZNF195;ENO1;BEST1;C15ORF39;MTA2;TGM4;PDLIM7;MAGI1;SVIL;TRAPPC3;RING1;SLC34A1;MTOR;PARP11;MFAP4;CCKBR;ADORA2B;RCAN2;CHI3L1;SCRG1;CFB;EIF4G2;FGFR2
ChEA_2016,NANOG 19829295 ChIP-Seq ESCs Human,28/2000,0.6791117778664466,0.9667812435900348,0,0,0.9254265600763631,0.3581118936496306,FAM49A;ALK;EDA;SDC2;KRI1;LMAN1;SAMD14;ADAM28;C15ORF39;INE1;GGA3;CNR1;RPP14;AGFG2;MAGI1;SVIL;DST;CSNK1A1;USH2A;GGCT;CCKBR;ADORA2B;NOVA2;COL4A6;MATN3;CD44;FGFR2;MPHOSPH6
ChEA_2016,SOX2 19829295 ChIP-Seq ESCs Human,28/2000,0.6791117778664466,0.9667812435900348,0,0,0.9254265600763631,0.3581118936496306,FAM49A;ALK;EDA;SDC2;KRI1;LMAN1;SAMD14;ADAM28;C15ORF39;INE1;GGA3;CNR1;RPP14;AGFG2;MAGI1;SVIL;DST;CSNK1A1;USH2A;GGCT;CCKBR;ADORA2B;NOVA2;COL4A6;MATN3;CD44;FGFR2;MPHOSPH6
ChEA_2016,STAT1 17558387 ChIP-Seq HELA Human,28/2000,0.6791117778664466,0.9667812435900348,0,0,0.9254265600763631,0.3581118936496306,APP;DCTN5;DDX3X;WDR1;POLDIP3;SDC2;FHL2;GRIK1;DBH;ATP2C2;PKMYT1;ETS1;PDC;BEST1;IKBKB;PLN;PACSIN2;MYH11;WNT2;KLF12;GALNT2;CFLAR;INCENP;ADORA2B;WDFY3;SERINC2;FXN;MPHOSPH6
ChEA_2016,PRDM14 20953172 ChIP-Seq ESCs Human,24/1723,0.6788763969974503,0.9667812435900348,0,0,0.92130921002124,0.3568379866881546,FAM49A;NOTCH2;DDX18;KLF12;WDR1;HPGD;API5;PITPNA;GRIK1;NRG1;SYNJ2;TARP;ETS1;LTBP1;ACTG2;STXBP5L;PREX2;CDH6;PARP11;TNFRSF8;MYBL2;CD44;TNS1;GPR135
ChEA_2016,TCF7L2 21901280 ChIP-Seq H4IIE Rat,14/1023,0.6762212244473944,0.9667812435900348,0,0,0.9067830088642774,0.35476525172052,MAGI1;TOMM40;STAT1;DOCK9;SLC34A1;PTPRJ;ENO1;PSEN1;SLC6A3;EGFR;IKBKB;CDH2;ADORA1;NADK
ChEA_2016,TTF2 22483619 ChIP-Seq HELA Human,21/1512,0.6757910008713801,0.9667812435900348,0,0,0.9192286334494422,0.360219430860395,NUP214;TRAPPC3;COPA;KLF12;EMX2;HNRNPA3;HSP90AB1;DDX3X;CSF1;HSPA5;WDR1;FUS;POLDIP3;SLC3A2;ENO1;LARP4;HSPD1;RPS28;ILF3;C15ORF39;SPAST
ChEA_2016,GLI1 17442700 ChIP-ChIP MESCs Mouse,1/73,0.6688880670783717,0.9667812435900348,0,0,0.9117428465254552,0.3666469432080805,HUWE1
ChEA_2016,TP53 16413492 ChIP-PET HCT116 Human,6/449,0.6686746330875898,0.9667812435900348,0,0,0.8871331828442438,0.3570335673288504,CA12;ADORA2B;ENO1;MS4A12;LTBP1;IL13RA1
ChEA_2016,ESRRB 18555785 ChIP-Seq MESCs Mouse,20/1434,0.6656228024703207,0.9667812435900348,0,0,0.923721964033138,0.3759845199733433,MAGI1;CDV3;TOMM40;CBFB;PITPNA;CRABP1;SLC3A2;PAICS;LTBP1;EGFR;PTHLH;HSPD1;GALC;CSRP2;RAD51;CCKBR;ADORA1;IDH3B;CDC37L1;FXN
ChEA_2016,MYCN 21190229 ChIP-Seq SHEP-21N Human,5/373,0.6611928161162065,0.9667812435900348,0,0,0.8903831982313928,0.3683602352861997,CA12;ALK;CLDN10;DIDO1;NRG1
ChEA_2016,ESR1 17901129 ChIP-ChIP LIVER Mouse,6/444,0.6581397158907125,0.9667812435900348,0,0,0.8974932438728916,0.3754555609795196,CXCL9;RABEP1;SLC35D1;ICAM5;KMO;PICALM
ChEA_2016,SRF 21415370 ChIP-Seq HL-1 Mouse,23/1634,0.6564945978605676,0.9667812435900348,0,0,0.9323244750104762,0.3923601909474838,MAGI1;DDX18;TMEM87A;SREBF1;UBIAD1;HSP90AB1;ARL15;POLDIP3;TEX10;WDR74;SLC3A2;SYNJ2;LARP4;NAPG;RAD51;ACTC1;GM2A;MYL1;NOVA2;ADORA1;RPP14;FXN;FGFR1
ChEA_2016,EBNA2 21746931 ChIP-Seq IB4-LCL Human,21/1492,0.6519264793067413,0.9667812435900348,0,0,0.9327500127921172,0.3990523613052408,LRRC15;IZUMO4;CBFB;ZNF195;NONO;SPAG4;ICAM5;AKAP5;CFLAR;CNKSR2;ACTA2;MED25;CYP2W1;GM2A;ARIH2;ANAPC5;MYH11;RPP14;SERINC2;MATN3;CD44
ChEA_2016,SPI1 20176806 ChIP-Seq THIOMACROPHAGE Mouse,23/1654,0.6792926352184319,0.9667812435900348,0,0,0.919873745813846,0.3557181804941971,APP;TRAPPC3;ANKLE2;POM121;STEAP4;EIF2B2;STAT1;POLDIP3;SPAG4;DONSON;SLC3A2;KRI1;PDC;MALT1;ACTA2;GGA3;PRKAR1A;ARIH2;SERINC2;AGFG2;MATN3;CD44;CDKN3
ChEA_2016,SA1 27219007 Chip-Seq Bcells Human,28/2000,0.6791117778664466,0.9667812435900348,0,0,0.9254265600763631,0.3581118936496306,UBIAD1;CSF1;DOCK9;ISG20L2;ENO1;PTHLH;BEST1;PSMD4;PDCD11;HLX;KIAA1644;ADORA1;TNFRSF8;MPZL1;NADK;TRAPPC3;EMX2;CADM4;CADM1;TPM3;SLC11A2;WDR74;ERLIN1;MTOR;GJB3;ANAPC5;CYP2E1;SERINC2
ChEA_2016,MYCN 27167114 Chip-Seq NEUROBLASTOMA Human,28/2000,0.6791117778664466,0.9667812435900348,0,0,0.9254265600763631,0.3581118936496306,DIDO1;RGS17;CLIC4;LTK;HSP90AB1;CSF1;DOCK9;ENO1;BEST1;SOCS2;C15ORF39;SPATA5L1;CDH2;HLX;ADORA1;MYH11;MTA2;CA12;KLF12;EMX2;GALNT2;WDR74;HDGFRP3;PTPN11;LARP4;RUFY2;YME1L1;PICALM
ChEA_2016,FLI1 26923725 Chip-Seq HEMOGENIC-ENDOTHELIUM Mouse,28/2000,0.6791117778664466,0.9667812435900348,0,0,0.9254265600763631,0.3581118936496306,APP;POM121;CSF1;SRRT;ENO1;HMGCR;KRI1;BZW1;ETS1;CSRP2;ADORA1;TNFRSF8;PSD;SREBF1;SORT1;ERLIN1;DONSON;LARP4;SKI;CYP2W1;ILF3;RABEP1;INCENP;ADORA2B;NOVA2;CD44;MPHOSPH6;FGFR1
ChEA_2016,SMRT 22465074 ChIP-Seq MACROPHAGES Mouse,28/2000,0.6791117778664466,0.9667812435900348,0,0,0.9254265600763631,0.3581118936496306,FAM49A;NOTCH2;CBFB;AKAP5;LTBP1;SOCS2;LMAN1;GGA3;HLX;NADK;PDLIM7;GPR135;TRAPPC3;SORT1;STAT1;CSNK1A1;API5;SLC11A2;ERLIN1;HDGFRP3;CFLAR;GALC;RABEP1;ADORA2B;NOS1AP;B4GALT7;CD44;CRLF2
ChEA_2016,SMC3 22415368 ChIP-Seq MEFs Mouse,28/2000,0.6791117778664466,0.9667812435900348,0,0,0.9254265600763631,0.3581118936496306,APP;LRRC15;TOMM40;STEAP4;CSF1;NAPG;EGFR;BEST1;RRP7A;SOCS2;TCEB2;RPP14;NADK;PDLIM7;GPR135;DACT1;OSR2;SORT1;EML2;SLC7A6;CYP2W1;NPC1;ADORA2B;APBA1;SNRPA1;B4GALT7;LLGL1;FGFR2
ChEA_2016,TCF4 22108803 ChIP-Seq LS180 Human,28/2000,0.6791117778664466,0.9667812435900348,0,0,0.9254265600763631,0.3581118936496306,ALK;PHTF2;PRPS1;CLIC4;EDA;CSF1;WDR1;GRIK1;TARP;ETS1;JAKMIP2;PREX2;PACSIN2;MYBL2;WNT2;OSR2;TEX10;LAMB4;HDGFRP3;LARP4;EML2;AGT;EML4;RABEP1;WDFY3;CD44;CRLF2;CDKN3
ChEA_2016,CEBPB 23403033 ChIP-Seq LIVER Mouse,5/382,0.6815135217667841,0.9670124295339504,0,0,0.8687227442341411,0.333102342654665,UNC45A;ADAM28;STEAP4;HPGD;RPP14
ChEA_2016,MEIS1 20887958 ChIP-Seq HPC-7 Mouse,20/1452,0.6871391764862783,0.972803777946866,0,0,0.9112130885873904,0.3419039366741465,SREBF1;LRRC15;TRAPPC3;DCTN5;SORT1;CSNK1A1;PITPNA;ICAM5;PKMYT1;SAMD14;DSTYK;ILF3;GM2A;PRKAR1A;RUFY2;ATP6V0A2;YME1L1;TNS1;CRLF2;PICALM
ChEA_2016,SPI1 20517297 ChIP-Seq HL60 Human,17/1249,0.6958671392909576,0.9829513402540432,0,0,0.9004749667293837,0.3265090971112149,CLIC4;CBFB;ZNF195;TEX10;PTPRJ;SYNJ2;PTPN12;CLDN1;ACTG2;PTHLH;SYTL2;RRP7A;ACTA2;NPC1;TCEB2;RPP14;CRLF2
ChEA_2016,CTNNB1 24651522 ChIP-Seq LGR5+ INTESTINAL STEM Human,2/162,0.7015794952098878,0.9865961651389048,0,0,0.8196308724832215,0.2904944460003051,SLC7A6;NAPG
ChEA_2016,PBX1 22567123 ChIP-ChIP OVCAR3 Human,32/2299,0.701298438091742,0.9865961651389048,0,0,0.9181968411142348,0.3257962105623957,MTMR1;LRRC15;PHTF2;RGS17;COPA;UBIAD1;EDA;DDX3X;CBFB;GGA3;SPATA5L1;ADAM23;ADORA1;PACSIN2;CDC37L1;TNFRSF8;WNT2;MPZL1;DACT1;CDV3;OR1D2;HSPA5;CMA1;SFTPC;NRG1;USH2A;GIP;COL4A6;CNTN1;SAG;CHI3L1;CDKN3
ChEA_2016,TP53 22127205 ChIP-Seq IMR90 Human,13/975,0.7077805429233378,0.9908927600926728,0,0,0.8822864676523213,0.3049369085413819,UNC45A;VAC14;RING1;FHL2;NRG1;CLDN1;SKI;ACTA2;SQLE;PLN;UBR5;PDLIM7;FGFR1
ChEA_2016,IRF8 21731497 ChIP-ChIP J774 Mouse,4/319,0.7077261328695054,0.9908927600926728,0,0,0.8316173316173316,0.2874885132570203,DIDO1;DCTN5;HSP90AB1;PTPRJ
ChEA_2016,POU3F2 20337985 ChIP-ChIP 501MEL Human,23/1702,0.7305925586121748,0.992807110840576,0,0,0.8912022155185203,0.2797477961549313,PHTF2;KLF12;DST;ARL15;SIAH1;STMN2;FHL2;NRG1;PDC;CRKL;STXBP5L;JAKMIP2;SULT1B1;LMAN1;PLN;MYL1;PRKAR1A;CNTN1;WDFY3;CLDN16;MET;MATN3;EIF4G2
ChEA_2016,SCL 19346495 ChIP-Seq HPC-7 Human,3/252,0.7318798339058126,0.992807110840576,0,0,0.7890552107419577,0.2462948569464608,PTPRJ;PKMYT1;ETS1
ChEA_2016,GATA2 26923725 Chip-Seq HEMANGIOBLAST Mouse,1/88,0.7362938035803304,0.992807110840576,0,0,0.7539691692615231,0.2308096038046445,PLCXD1
ChEA_2016,ETV2 25802403 ChIP-Seq MESCs Mouse,13/1000,0.7406501821597038,0.992807110840576,0,0,0.8587914667683368,0.257832260317098,TRAPPC3;DST;FUS;API5;PTHLH;CACNA1G;CDH6;GGCT;ADAM28;NPC1;CD44;MPZL1;CDKN3
ChEA_2016,TET1 21490601 ChIP-Seq MESCs Mouse,27/1994,0.7414426362891312,0.992807110840576,0,0,0.8916182952786919,0.2667342842193528,NOTCH2;ALK;RBPJL;APP;SLC35D1;DOCK9;PTPRJ;HR;LTBP1;SOCS2;DSTYK;MPZL1;GPR135;MAGI1;OSR2;EIF2B2;CADM1;STAT1;GALNT2;DONSON;PAICS;GJB3;ADORA2B;NOVA2;PDE5A;GLYR1;FGFR1
ChEA_2016,EST1 17652178 ChIP-ChIP JURKAT Human,13/1001,0.7419136776990292,0.992807110840576,0,0,0.8578763983128553,0.2560953040975313,NUP214;DCTN5;TOMM40;ARL15;GOSR2;ILF3;INCENP;ZNF207;IDH3B;YME1L1;ANAPC5;SNRPA1;TNPO2
ChEA_2016,ZFP322A 24550733 ChIP-Seq MESCs Mouse,1/90,0.7441802456350319,0.992807110840576,0,0,0.7369508849723798,0.2177483576712022,PAFAH1B1
ChEA_2016,PU.1 20176806 ChIP-Seq MACROPHAGES Mouse,27/2000,0.7469691595848144,0.992807110840576,0,0,0.8886060720830108,0.2592342760387893,TMEM87A;LRRC15;ANKLE2;POM121;STEAP4;PITPNA;PTPRJ;PDC;CNN1;HLX;ARIH2;ADORA1;AGFG2;TNS1;TRAPPC3;HSPA5;STAT1;SPAG4;PTPN11;PAICS;GGCT;ACTA2;MYL1;SAG;MATN3;CD44;CDKN3
ChEA_2016,CEBPA 26348894 ChIP-Seq LIVER Mouse,27/2000,0.7469691595848144,0.992807110840576,0,0,0.8886060720830108,0.2592342760387893,ALK;RBM28;LTK;DOCK9;ENO1;DTX3;NR2E1;PDC;RNF126P1;JAKMIP2;IKBKB;CDH6;SPAST;MTA2;MPZL1;SREBF1;TRAPPC3;CADM1;TEX10;LAMB4;TOX4;PARP11;RABEP1;ACTC1;NOS1AP;SNRPA1;GLYR1
ChEA_2016,OCT4 19829295 ChIP-Seq ESCs Human,27/2000,0.7469691595848144,0.992807110840576,0,0,0.8886060720830108,0.2592342760387893,FAM49A;GCDH;MTMR1;DIDO1;ZNF230;DOCK9;GOSR2;PTPRJ;ICAM5;DBH;PACSIN2;MYBL2;MPZL1;NADK;TNS1;DDX18;SREBF1;EMX2;CADM1;STXBP5L;SKI;PARP11;CCKBR;NPC1;ADORA2B;RUFY2;MET
ChEA_2016,ETV1 20927104 ChIP-Seq GIST48 Human,27/2000,0.7469691595848144,0.992807110840576,0,0,0.8886060720830108,0.2592342760387893,FAM49A;NOTCH2;ALK;CLIC4;UBIAD1;SLC35D1;CSF1;FASTKD2;ENO1;LTBP1;DSTYK;HLX;TNFRSF8;MPZL1;NADK;TRAPPC3;HNRNPA3;SORT1;GALNT2;USH2A;MTOR;STXBP5L;EML4;SKI;GJB3;COL4A3;SERINC2
ChEA_2016,P68 20966046 ChIP-Seq HELA Human,27/2000,0.7469691595848144,0.992807110840576,0,0,0.8886060720830108,0.2592342760387893,DIDO1;TOMM40;GOSR2;PITPNA;HR;DBH;SLC6A3;DSTYK;C15ORF39;MTA2;RPP14;AGFG2;NADK;PSD;TPM3;API5;SLC34A1;NONO;SPAG4;ERLIN1;PTPN12;SKI;CYP2W1;ADORA2B;AGBL2;TSR1;EIF4G2
ChEA_2016,NFYA 21822215 ChIP-Seq K562 Human,27/2000,0.7469691595848144,0.992807110840576,0,0,0.8886060720830108,0.2592342760387893,NOTCH2;CLIC4;UBIAD1;SLC35D1;CSF1;ZNF195;PTPRJ;ENO1;ETS1;HLX;TNFRSF8;MPZL1;NADK;SVIL;TRAPPC3;SORT1;GALNT2;USH2A;MTOR;SKI;GJB3;CNTN1;CDK1;SERINC2;CD44;FGFR2;PICALM
ChEA_2016,FLI1 21867929 ChIP-Seq TH2 Mouse,27/2000,0.7469691595848144,0.992807110840576,0,0,0.8886060720830108,0.2592342760387893,FAM49A;ALK;APP;RGS17;NR2E1;HMGCR;LTBP1;EGFR;CDH6;SOCS2;ADAM28;CSRP2;PLN;GPR135;DACT1;SREBF1;KLF12;SSTR1;GALC;SQLE;MCM3AP;RABEP1;ADORA2B;RUFY2;CNTN1;CDK1;CDKN3
ChEA_2016,TCF7 22412390 ChIP-Seq EML Mouse,27/2000,0.7469691595848144,0.992807110840576,0,0,0.8886060720830108,0.2592342760387893,NOTCH2;DIDO1;CLIC4;HSP90AB1;MVK;SLC3A2;ICAM5;AKAP5;BEST1;HSPD1;UBR5;PACSIN2;MPZL1;PDLIM7;SREBF1;HSPA5;TPM3;SLC34A1;SLC11A2;HUWE1;PAICS;SULT2B1;SKI;RPS28;CYP2W1;EIF4G2;CRLF2
ChEA_2016,SA1 22415368 ChIP-Seq MEFs Mouse,27/2000,0.7469691595848144,0.992807110840576,0,0,0.8886060720830108,0.2592342760387893,APP;RBM28;POM121;DOCK9;SDC2;CLDN1;LTBP1;EGFR;SOCS2;CDH2;UBR5;TCEB2;DACT1;OSR2;TRAPPC3;EMX2;EIF2B2;SORT1;PTPN12;EML2;RPS28;SLC7A6;TLL2;MET;B4GALT7;LLGL1;FGFR2
ChEA_2016,TOP2B 26459242 ChIP-Seq MCF-7 Human,27/2000,0.7469691595848144,0.992807110840576,0,0,0.8886060720830108,0.2592342760387893,FAM49A;PHTF2;RGS17;NAPG;EGFR;CDH6;ADAM28;CNR1;WNT2;DACT1;MAGI1;SREBF1;OSR2;KLF12;DST;CMA1;GALNT2;LAMB4;DONSON;NRG1;SYNJ2;SSTR1;STXBP5L;GALC;CENPI;ZNF711;MPHOSPH6
ChEA_2016,KDM2B 26808549 Chip-Seq REH Human,27/2000,0.7469691595848144,0.992807110840576,0,0,0.8886060720830108,0.2592342760387893,ALK;APP;STEAP4;GRIK1;LTBP1;JAKMIP2;PREX2;SOCS2;ADAM28;WNT2;MPZL1;MAGI1;KLF12;ARL15;ERLIN1;NRG1;LARP4;SKI;SQLE;SULT1B1;RAD51;INCENP;RCAN2;TLL2;PDE5A;SNRPA1;CRLF2
ChEA_2016,SPI1 26923725 Chip-Seq MACROPHAGESS Mouse,27/2000,0.7469691595848144,0.992807110840576,0,0,0.8886060720830108,0.2592342760387893,FAM49A;DIDO1;CLIC4;HSP90AB1;DDX3X;STMN2;PSEN1;KRI1;BZW1;ETS1;CRKL;JAKMIP2;RRP7A;ADAM23;ADORA1;PACSIN2;TNFRSF8;NADK;GALNT2;GIP;SQLE;SLC7A6;CYP2W1;WDFY3;LLGL1;MPHOSPH6;GLYR1
ChEA_2016,CTCF 27219007 Chip-Seq Bcells Human,27/2000,0.7469691595848144,0.992807110840576,0,0,0.8886060720830108,0.2592342760387893,NOTCH2;DIDO1;ANKLE2;CLIC4;ACTG2;PTHLH;BEST1;SAMD14;PSMD4;SPATA5L1;ADORA1;TCEB2;TNFRSF8;NADK;SVIL;KLF12;EMX2;CADM1;GALNT2;SLC34A1;PTPN11;AGT;GIP;SKI;GJB3;NOVA2;NOS1AP
ChEA_2016,NANOG 16153702 ChIP-ChIP HESCs Human,23/1686,0.7140525439101452,0.992807110840576,0,0,0.9005754899045048,0.3033126798637641,DDX18;MTMR1;OSR2;PHTF2;CLIC4;EMX2;HSPA5;FUS;PTPRJ;NR2E1;PKMYT1;CLDN1;PTHLH;MED25;ADAM28;ILF3;CDH2;COL4A6;UTP14A;EIF4G2;FGFR2;FGFR1;PICALM
ChEA_2016,FOXO3 23340844 ChIP-Seq DLD1 Human,9/695,0.7192372999605676,0.992807110840576,0,0,0.8572330257581677,0.2825130883605211,EML4;MAGI1;INCENP;ERLIN1;PACSIN2;TARP;AGFG2;NADK;ATG2B
ChEA_2016,ZNF274 21170338 ChIP-Seq K562 Hela,4/327,0.7257605536244102,0.992807110840576,0,0,0.8106852983013974,0.2598531211305783,SULT2B1;ZNF195;FHL2;SSTR1
ChEA_2016,ER 23166858 ChIP-Seq MCF-7 Human,12/920,0.7303946649529011,0.992807110840576,0,0,0.8623348017621145,0.2709199437107542,GALC;SQLE;DSTYK;STEAP4;API5;LAMB4;CYP2E1;MTA2;USH2A;GPR135;RNF126P1;DACT1
ChEA_2016,TP63 19390658 ChIP-ChIP HaCaT Human,2/179,0.7523119438671415,0.9957069845300404,0,0,0.740264664619118,0.210682449002527,ENO1;MTA2
ChEA_2016,WT1 25993318 ChIP-Seq PODOCYTE Human,48/3464,0.7507587527203848,0.9957069845300404,0,0,0.9079959852793577,0.2602960386010801,FAM49A;ALK;RBPJL;APP;RBM28;CLIC4;LTK;EDA;HSP90AB1;DOCK9;STMN2;PTPRJ;ENO1;ETS1;LTBP1;CACNA1G;CDH6;LMAN1;ADAM23;ADORA1;PACSIN2;TCEB2;TNPO2;TNS1;MAGI1;SVIL;OSR2;KLF12;HNRNPA3;CADM4;EIF2B2;CADM1;DST;ARL15;CSNK1A1;DESI2;GALNT2;PTPN11;SYNJ2;SSTR1;PTPN12;GALC;CNTN1;APBA1;WDFY3;LLGL1;FGFR2;FGFR1
ChEA_2016,POU5F1 16518401 ChIP-PET MESCs Mouse,13/1550,0.9939916559336968,0.9999945617929702,0,0,0.5352727948694117,0.0032258037238498,DIDO1;RGS17;MVK;FUS;PTPRJ;ENO1;GIP;SOCS2;CDC37L1;TNFRSF8;WDFY3;MYBL2;FGFR1
ChEA_2016,CEBPB 20513432 ChIP-Seq MACROPHAGES Mouse,18/2000,0.9950307918563184,0.9999945617929702,0,0,0.5706035167571978,0.0028425160329661,TRAPPC3;CADM1;PITPNA;PTPRJ;DTX3;PTPN12;PDC;ACTA2;PRKAR1A;ADORA2B;ARIH2;MYH11;MET;MATN3;CD44;TNS1;CDKN3;PICALM
ChEA_2016,THAP11 20581084 ChIP-Seq MESCs Mouse,5/864,0.996827234081005,0.9999945617929702,0,0,0.3717566740987746,0.001181372006753,TRAPPC3;MCM3AP;RAD51;POLDIP3;FGFR1
ChEA_2016,NANOG 16518401 ChIP-PET MESCs Mouse,36/3520,0.997083554610291,0.9999945617929702,0,0,0.6346936645444108,0.0018537539137344,NOTCH2;ALK;DIDO1;CBFB;HPGD;DOCK9;ENO1;HMGCR;MALT1;SOCS2;LMAN1;ADAM23;ARIH2;ADORA1;MYBL2;DACT1;SVIL;DST;FUS;GALNT2;MCF2;NONO;DONSON;PTPN12;GIP;POLA1;SQLE;RABEP1;MYL1;GJB3;ADORA2B;COL4A6;WDFY3;FGFR2;PAFAH1B1;FGFR1
ChEA_2016,REST 18959480 ChIP-ChIP MESCs Mouse,30/2868,0.9902507641122236,0.9999945617929702,0,0,0.6601675671443114,0.0064677084247106,ALK;LRRC15;RGS17;UBIAD1;EDA;WDR1;GOSR2;STMN2;NR2E1;DBH;PTHLH;CACNA1G;IKBKB;CDH6;SAMD14;CDH2;ADAM23;TNFRSF8;PSD;MAGI1;API5;PTPN11;ILF3;RAD51;NPC1;INCENP;SAG;TLL2;PDE5A;CYP2E1
ChEA_2016,TBP 23326641 ChIP-Seq C3H10T1-2 Mouse,8/1057,0.9909548741101664,0.9999945617929702,0,0,0.4871175418206511,0.0044260870599395,PSD;TRAPPC3;INCENP;FUS;ANAPC5;HMGCR;LARP4;NADK
ChEA_2016,TRIM28 17542650 ChIP-ChIP NTERA2 Human,11/3568,0.9999945617929702,0.9999945617929702,0,0,0.172740918292601,9.39403430531532e-07,GALC;SVIL;CLIC4;KLF12;EMX2;CSRP2;STAT1;DTX3;NR2E1;TGM4;CD44
ChEA_2016,STAT3 20064451 ChIP-Seq CD4+T Mouse,13/2204,0.9999858656647248,0.9999945617929702,0,0,0.3619765368938817,5.1163338923269625e-06,NUP214;PRPS1;CSF1;STAT1;DOCK9;ETS1;MALT1;GIP;ACTA2;INCENP;ADORA2B;TNFRSF8;CD44
ChEA_2016,KAP1 22055183 ChIP-Seq ESCs Mouse,14/2000,0.999777679763621,0.9999945617929702,0,0,0.4366157508151466,9.707930867535548e-05,CDV3;HSP90AB1;RING1;SORT1;GALNT2;STK19;AKAP5;CRKL;HSPD1;MCM3AP;CSRP2;MYH11;FXN;LLGL1
ChEA_2016,YY1 21170310 ChIP-Seq MESCs Mouse,1/464,0.999168570665129,0.9999945617929702,0,0,0.1389585154257893,0.00011558224194942753,SOCS2
ChEA_2016,RCOR1 19997604 ChIP-ChIP NEURONS Mouse,21/2378,0.9981706581214828,0.9999945617929702,0,0,0.5538341522164588,0.0010140798408228,MAGI1;PHTF2;TIPIN;COPA;UBIAD1;CXCL9;KLF12;DST;GOSR2;STMN2;DONSON;SYNJ2;EGFR;PDC;PARP11;PLN;PDCD11;CNR1;AGBL2;EIF4G2;PAFAH1B1
ChEA_2016,GATA3 21867929 ChIP-Seq CD8 Mouse,17/2000,0.997493303106048,0.9999945617929702,0,0,0.5366979751919585,0.0013470281492693,FAM49A;TIPIN;SLC34A1;SRRT;WDR74;SYNJ2;DBH;ILF3;GGA3;ADAM23;AGBL2;ADORA1;CDC37L1;MYH11;TNPO2;GPR135;MPHOSPH6
ChEA_2016,MYC 19915707 ChIP-ChIP AK7 Human,40/2979,0.8001177096748862,0.9999945617929702,0,0,0.8773784908524616,0.1956522668707764,PHTF2;DCTN5;CLIC4;CXCL9;DOCK9;SDC2;PLCXD1;BZW1;ETS1;LTBP1;IKBKB;SOCS2;SPATA5L1;IDH3B;CDC37L1;MTA2;RPP14;MPZL1;SREBF1;CDV3;SVIL;OSR2;RING1;STAT1;GALNT2;PTPN11;CFLAR;PTPN12;SYTL2;SULT2B1;MED25;ILF3;CCKBR;MYL1;INCENP;CNTN1;YME1L1;SCRG1;MET;FGFR2
ChEA_2016,TCF4 23295773 ChIP-Seq U87 Human,52/3812,0.7986895366935794,0.9999945617929702,0,0,0.8888984214138641,0.1998092303633675,ALK;PHTF2;ANKLE2;FASTKD2;DOCK9;STMN2;FHL2;GRIK1;PTPRJ;BEST1;PREX2;CDH2;ARIH2;TNFRSF8;TNS1;DACT1;NUP214;MAGI1;KLF12;EMX2;DST;ARL15;WDR74;NRG1;ILF3;PDE5A;FXN;MET;MATN3;NOTCH2;TMEM87A;POM121;COPA;LTBP1;NAPG;EGFR;PTHLH;JAKMIP2;SOCS2;ADAM28;UBR5;PACSIN2;MYH11;SVIL;CSNK1A1;PTPN12;USH2A;STXBP5L;GGCT;PARP11;RAD51;RCAN2
ChEA_2016,IRF1 21803131 ChIP-Seq MONOCYTES Human,4/345,0.7632911232751657,0.9999945617929702,0,0,0.7671792026630736,0.2072272007870638,SDC2;PSEN1;ETS1;CRKL
ChEA_2016,VDR 24787735 ChIP-Seq THP-1 Human,10/805,0.7714934992166398,0.9999945617929702,0,0,0.8199956625460855,0.2127290421152025,ALK;OSR2;ADAM28;GM2A;HLX;GALNT2;RCAN2;PTPRJ;ETS1;SERINC2
ChEA_2016,PPARG 19300518 ChIP-PET 3T3-L1 Mouse,3/272,0.7775865167543184,0.9999945617929702,0,0,0.7296383913484286,0.1835481004477706,MVK;HPGD;AGT
ChEA_2016,AR 25329375 ChIP-Seq VCAP Human,25/1906,0.7885928076146607,0.9999945617929702,0,0,0.8611956889468851,0.2045384354205006,FAM49A;APP;POM121;STEAP4;WDR1;HPGD;PTPRJ;TARP;ETS1;EGFR;PREX2;C15ORF39;PSMD4;ADAM23;PDLIM7;DACT1;CA12;DDX18;KLF12;CADM1;DST;HDGFRP3;LARP4;PAICS;GGCT
ChEA_2016,MYC 18940864 ChIP-ChIP HL60 Human,9/746,0.7915640480034066,0.9999945617929702,0,0,0.7957727762313083,0.1860074962914027,CNN1;ZNF230;CDH2;FASTKD2;MTA2;HNRNPA1;TNPO2;FXN;CD44
ChEA_2016,SRY 22984422 ChIP-ChIP TESTIS Rat,2/197,0.7977749407030886,0.9999945617929702,0,0,0.671313027017725,0.1516689133912834,ADAM23;MPZL1
ChEA_2016,SOX2 18555785 ChIP-Seq MESCs Mouse,6/497,0.7590808346045816,0.9999945617929702,0,0,0.7984122365850618,0.2200799424104083,PHTF2;DIDO1;POLDIP3;ANAPC5;PLCXD1;LLGL1
ChEA_2016,POU5F1 18692474 ChIP-Seq MESCs Mouse,59/4232,0.7588387360994154,0.9999945617929702,0,0,0.9109072052803392,0.2513794114983944,RBM28;PHTF2;DIDO1;WDR1;STMN2;PTPRJ;ENO1;CDH6;ARIH2;MYBL2;TNPO2;PSD;MAGI1;DDX18;SREBF1;KLF12;DST;ARL15;SSTR1;OVOL2;GIP;TOX4;MED25;ILF3;NPC1;ADORA2B;CHI3L1;B4GALT7;CFB;MATN3;PAFAH1B1;LRRC15;PRPS1;TOMM40;POLDIP3;ISG20L2;SLC3A2;PSEN1;HMGCR;PKMYT1;PLCXD1;SOCS2;ADAM23;MTA2;RPP14;MPZL1;HSPA5;SORT1;STAT1;MCF2;CFLAR;PAICS;MCM3AP;RAD51;ACTC1;GJB3;FGFR2;MPHOSPH6;FGFR1
ChEA_2016,KAP1 27257070 Chip-Seq ESCs Mouse,26/2000,0.8070171194342087,0.9999945617929702,0,0,0.8520917918339879,0.1826973395925819,LRRC15;DIDO1;ANKLE2;HSP90AB1;POLDIP3;STMN2;PTPRJ;SOCS2;DSTYK;CSRP2;ADAM23;PACSIN2;MYBL2;GPR135;EIF2B2;RING1;DST;STAT1;FUS;ERLIN1;SYNJ2;PTPN12;SYTL2;GJB3;MATN3;CRLF2
ChEA_2016,GATA3 26560356 Chip-Seq TH1 Human,26/2000,0.8070171194342087,0.9999945617929702,0,0,0.8520917918339879,0.1826973395925819,TMEM87A;RBM28;UBIAD1;TOMM40;HSP90AB1;SLC35D1;PDC;MALT1;LMAN1;CNN1;C15ORF39;NADK;SVIL;EMX2;STAT1;API5;GALNT2;WDR74;HDGFRP3;KMO;EML2;GGCT;POLA1;PARP11;AGBL2;EIF4G2
ChEA_2016,RUNX1 22897851 ChIP-Seq JUKARTE6-1 Human,26/2000,0.8070171194342087,0.9999945617929702,0,0,0.8520917918339879,0.1826973395925819,PRPS1;UBIAD1;HPGD;CLDN1;ACTG2;MED17;PREX2;RRP7A;TNFRSF8;MTA2;UTP14A;SREBF1;KLF12;SLC34A1;SYNJ2;SKI;ACTA2;NOVA2;COL4A3;WDFY3;ANAPC5;SCRG1;MATN3;CD44;EIF4G2;CRLF2
ChEA_2016,PCGF4 22325352 ChIP-Seq 293T-Rex Human,26/2000,0.8070171194342087,0.9999945617929702,0,0,0.8520917918339879,0.1826973395925819,FAM49A;NOTCH2;ALK;CLIC4;UBIAD1;SLC35D1;CSF1;FHL2;ENO1;LTBP1;HLX;TNFRSF8;MPZL1;NADK;TNS1;MAGI1;DDX18;TRAPPC3;SORT1;GALNT2;USH2A;MTOR;EML4;SKI;GJB3;SERINC2
ChEA_2016,FLI1 21867929 ChIP-Seq CD8 Mouse,26/2000,0.8070171194342087,0.9999945617929702,0,0,0.8520917918339879,0.1826973395925819,RBM28;CLIC4;HSP90AB1;HPGD;POLDIP3;DBH;MALT1;BEST1;SAMD14;ADAM28;ATP6V0A2;MYH11;UTP14A;TNS1;SREBF1;TIPIN;STAT1;WDR74;PAICS;MTOR;EML4;GGCT;SQLE;SLC7A6;WDFY3;EIF4G2
ChEA_2016,CDX2 21074721 ChIP-Seq CACO-2 Mouse,26/2000,0.8070171194342087,0.9999945617929702,0,0,0.8520917918339879,0.1826973395925819,CLIC4;UBIAD1;SLC35D1;CSF1;ENO1;PSMD4;HLX;TNFRSF8;MPZL1;NADK;SVIL;TRAPPC3;SORT1;GALNT2;KMO;USH2A;AGT;MTOR;SKI;GJB3;CDK1;YME1L1;SERINC2;CD44;FGFR2;PICALM
ChEA_2016,P63 20808887 ChIP-Seq KERATINOCYTES Human,26/2000,0.8070171194342087,0.9999945617929702,0,0,0.8520917918339879,0.1826973395925819,RGS17;VAC14;FASTKD2;PITPNA;HMGCR;EGFR;MED17;DSTYK;HLX;ATP6V0A2;TCEB2;TNFRSF8;DST;FUS;SLC34A1;SFTPC;SYNJ2;GIP;SQLE;CYP2W1;ACTC1;SAG;CHI3L1;CLDN16;MATN3;FGFR2
ChEA_2016,NANOG 20526341 ChIP-Seq ESCs Human,26/2000,0.8070171194342087,0.9999945617929702,0,0,0.8520917918339879,0.1826973395925819,NOTCH2;MTMR1;LRRC15;ZNF195;PTPRJ;STK19;KRI1;BEST1;SAMD14;C15ORF39;HLX;TNFRSF8;TNPO2;DACT1;TRAPPC3;EMX2;DST;SSTR1;VENTXP1;CCKBR;RCAN2;APBA1;SERINC2;MATN3;CD44;CDKN3
ChEA_2016,TAF2 19829295 ChIP-Seq ESCs Human,26/2000,0.8070171194342087,0.9999945617929702,0,0,0.8520917918339879,0.1826973395925819,GCDH;LRRC15;VAC14;DOCK9;SDC2;SLC6A3;NAPG;JAKMIP2;SOCS2;HLX;KIAA1644;RPP14;NADK;NUP214;SREBF1;CADM4;GALNT2;SKI;PARP11;CLDN10;CYP2W1;MYL1;GJB3;CHI3L1;APBA1;CLDN16
ChEA_2016,RARA 24833708 ChIP-Seq LIVER Mouse,26/2000,0.8070171194342087,0.9999945617929702,0,0,0.8520917918339879,0.1826973395925819,APP;VAC14;LTK;MVK;GOSR2;PITPNA;STK19;PSEN1;HMGCR;KRI1;MALT1;PDCD11;PACSIN2;CDC37L1;SREBF1;SVIL;SORT1;GALNT2;ERLIN1;CFLAR;INCENP;NOVA2;NOS1AP;CHI3L1;CFB;FGFR2
ChEA_2016,RARB 24833708 ChIP-Seq LIVER Mouse,26/2000,0.8070171194342087,0.9999945617929702,0,0,0.8520917918339879,0.1826973395925819,ALK;LRRC15;CBFB;SRRT;STK19;KRI1;BZW1;CRKL;CDC37L1;TNFRSF8;PSD;SREBF1;CADM4;ARL15;SORT1;CSNK1A1;ERLIN1;ACTA2;SQLE;RPS28;CYP2W1;RABEP1;PDE5A;CFB;FGFR2;GLYR1
ChEA_2016,RUNX2 24764292 ChIP-Seq MC3T3 Mouse,26/2000,0.8070171194342087,0.9999945617929702,0,0,0.8520917918339879,0.1826973395925819,NOTCH2;DIDO1;CLIC4;HSP90AB1;CBFB;FHL2;PTPRJ;SLC3A2;PLCXD1;LTBP1;CACNA1G;DSTYK;SPAST;PACSIN2;MTA2;MPZL1;NUP214;TRAPPC3;ARL15;STAT1;TPM3;PTPN12;RPS28;PRKAR1A;CRLF2;FGFR1
ChEA_2016,JARID1B-DAIN 22020125 ChIP-Seq ESCs Mouse,18/2000,0.9950307918563184,0.9999945617929702,0,0,0.5706035167571978,0.0028425160329661,FAM49A;TRAPPC3;HSPA5;CMA1;HR;NR2E1;AGT;MALT1;MTOR;CACNA1G;CNN1;DSTYK;SLC7A6;RABEP1;ARIH2;MTA2;CRLF2;FGFR1
ChEA_2016,SOX2 27498859 Chip-Seq STOMACH Mouse,18/2000,0.9950307918563184,0.9999945617929702,0,0,0.5706035167571978,0.0028425160329661,APP;PRPS1;HNRNPA3;HSPA5;HPGD;SORT1;FHL2;HR;STXBP5L;SOCS2;ADAM28;SPAST;INCENP;PACSIN2;SERINC2;MET;AGFG2;LLGL1
ChEA_2016,TP53 20018659 ChIP-ChIP R1E Mouse,8/1122,0.9951825765321776,0.9999945617929702,0,0,0.4570964806571407,0.0022073484583559,RBPJL;SREBF1;OSR2;EMX2;NR2E1;SSTR1;PTHLH;OVOL2
ChEA_2016,TET1 21451524 ChIP-Seq MESCs Mouse,16/1839,0.9953376520148738,0.9999945617929702,0,0,0.5524711626864864,0.0025818362094374,SVIL;RGS17;STAT1;DTX3;EGFR;MTOR;BEST1;ADAM28;MYL1;ARIH2;TSR1;FXN;MET;B4GALT7;MPZL1;PDLIM7
ChEA_2016,STAT3 19079543 ChIP-ChIP MESCs Mouse,11/948,0.8467342186388296,0.9999945617929702,0,0,0.7621799677244242,0.1268026808170522,OSR2;DIDO1;EMX2;CSRP2;STAT1;MCF2;COL4A3;NOS1AP;ADORA1;WDFY3;FGFR1
ChEA_2016,SREBP2 21459322 ChIP-Seq LIVER Mouse,13/1095,0.8427926743423526,0.9999945617929702,0,0,0.7794122382734258,0.1333062181180822,SREBF1;SLC11A2;STK19;SLC3A2;ICAM5;SQLE;RAD51;PDCD11;CEACAM5;AGBL2;MET;B4GALT7;GLYR1
ChEA_2016,RXR 22108803 ChIP-Seq LS180 Human,6/555,0.8425263572271654,0.9999945617929702,0,0,0.7119066205717259,0.121985436287965,DST;NOVA2;LAMB4;APBA1;PAICS;FGFR2
ChEA_2016,ZFP57 27257070 Chip-Seq ESCs Mouse,13/1088,0.8364833336093668,0.9999945617929702,0,0,0.7847824325419334,0.1401218695454602,DDX18;HNRNPA3;HPGD;API5;NRG1;CLDN1;PDC;PREX2;CDH6;CSRP2;PLN;CDH2;DACT1
ChEA_2016,ELK4 26923725 Chip-Seq MESODERM Mouse,5/466,0.8313635849436503,0.9999945617929702,0,0,0.7073421816978566,0.1306376502051255,RGS17;NOVA2;ANAPC5;LTBP1;CFB
ChEA_2016,SALL4 18804426 ChIP-ChIP XEN Mouse,12/1005,0.8289442038982425,0.9999945617929702,0,0,0.7849530043638805,0.1472590921704052,EML4;SREBF1;SLC7A6;EDA;DDX3X;RABEP1;PLN;WDR74;MYBL2;PTPN12;PAICS;NADK
ChEA_2016,ELK1 22589737 ChIP-Seq MCF10A Human,11/928,0.827231470828451,0.9999945617929702,0,0,0.7796334519438669,0.1478736467003681,CA12;GALC;DCTN5;ZNF230;KLF12;EIF2B2;PDCD11;TSR1;MET;CD44;MED17
ChEA_2016,GABP 17652178 ChIP-ChIP JURKAT Human,12/1001,0.8250018927939022,0.9999945617929702,0,0,0.7882962588473206,0.1516442346987737,NUP214;DDX18;PARP11;DCTN5;COPA;EIF2B2;PDCD11;GOSR2;IDH3B;CDC37L1;YME1L1;LARP4
ChEA_2016,PHC1 16625203 ChIP-ChIP MESCs Mouse,11/922,0.8210307241414778,0.9999945617929702,0,0,0.7850189342864414,0.15480161045264,OSR2;CDH2;CNR1;CRABP1;HDGFRP3;WDFY3;NR2E1;SSTR1;PAICS;CD44;FGFR2
ChEA_2016,RNF2 16625203 ChIP-ChIP MESCs Mouse,15/1219,0.8202002736610651,0.9999945617929702,0,0,0.8085329603077461,0.1602566760781484,ALK;APP;OSR2;HSPA5;CRABP1;HDGFRP3;GRIK1;NR2E1;SSTR1;CDH2;ADORA2B;CNR1;AGBL2;FGFR2;DACT1
ChEA_2016,KLF1 20508144 ChIP-Seq FETAL-LIVER-ERYTHROID Mouse,14/1144,0.8191766481622317,0.9999945617929702,0,0,0.8044433442663531,0.1604506742006358,VAC14;HSP90AB1;WDR1;ARL15;FHL2;MALT1;SAMD14;HLX;COL4A3;COL4A6;PACSIN2;CYP2E1;FXN;AGFG2
ChEA_2016,VDR 24763502 ChIP-Seq THP-1 Human,16/1288,0.8159821304851677,0.9999945617929702,0,0,0.8161927540083267,0.1659832627085204,SREBF1;CDV3;OSR2;PRPS1;TOMM40;FUS;HMGCR;CFLAR;IKBKB;SKI;ADAM28;HLX;RPP14;SERINC2;AGFG2;NADK
ChEA_2016,ERG 20517297 ChIP-Seq VCAP Human,13/1062,0.8113852031780501,0.9999945617929702,0,0,0.8053563539857106,0.1683294358424154,APP;CDV3;TIPIN;MVK;KLK2;MED17;PARP11;MFAP4;SAMD14;C15ORF39;UBR5;RPP14;MATN3
ChEA_2016,IRF8 22096565 ChIP-ChIP GC-B Human,2/203,0.8112064984779439,0.9999945617929702,0,0,0.6510734916023907,0.1362258223783804,TMEM87A;KLF12
ChEA_2016,E2F1 18555785 ChIP-Seq MESCs Mouse,57/4172,0.8071049462973611,0.9999945617929702,0,0,0.8883938616623914,0.190384203054238,PHTF2;DIDO1;CLIC4;HSP90AB1;DDX3X;FASTKD2;PITPNA;STMN2;ENO1;CSRP2;MYBL2;GPR135;DDX18;SREBF1;TIPIN;RING1;TPM3;SLC11A2;WDR74;SLC7A6;ILF3;PRKAR1A;ANAPC5;SNRPA1;FXN;LLGL1;PAFAH1B1;NOTCH2;GCDH;PRPS1;UBIAD1;SLC3A2;DTX3;HMGCR;PKMYT1;PLCXD1;HSPD1;SOCS2;LMAN1;ADAM23;MTA2;RPP14;PDLIM7;TRAPPC3;EIF2B2;HSPA5;FUS;API5;NONO;SPAG4;HUWE1;GALC;POLA1;RPS28;TSR1;MPHOSPH6;PICALM
ChEA_2016,GATA3 20176728 ChIP-ChIP TSCs Mouse,10/834,0.8070305426217621,0.9999945617929702,0,0,0.789922999665216,0.1693545654159783,SQLE;HSP90AB1;WDR1;CMA1;GOSR2;CRABP1;MYBL2;PTPN12;PLCXD1;PICALM
ChEA_2016,IGF1R 20145208 ChIP-Seq DFB Human,1/129,0.8585718934075237,0.9999945617929702,0,0,0.5113921404682275,0.0779795584851218,GALC
ChEA_2016,PBX 27287812 Chip-Seq EMBYONIC-LIMB Mouse,25/2000,0.8579715976871193,0.9999945617929702,0,0,0.8158803222094362,0.1249800421476819,TMEM87A;LRRC15;POM121;SLC35D1;CRABP1;DBH;PKMYT1;PLCXD1;ACTG2;CACNA1G;RRP7A;CNN1;PACSIN2;DST;SFTPC;NONO;DONSON;EML2;AGT;SYTL2;SLC7A6;ACTC1;INCENP;SCRG1;FGFR2
ChEA_2016,OCT1 27270436 Chip-Seq PROSTATE Human,25/2000,0.8579715976871193,0.9999945617929702,0,0,0.8158803222094362,0.1249800421476819,MTMR1;HPGD;PTPRJ;ENO1;TARP;MED17;PREX2;ADAM28;C15ORF39;ADAM23;ADORA1;MTA2;WNT2;NUP214;API5;DONSON;SSTR1;USH2A;AGT;SKI;GALC;NOVA2;CNTN1;ANAPC5;CDKN3
ChEA_2016,TAL1 26923725 Chip-Seq HPCs Mouse,25/2000,0.8579715976871193,0.9999945617929702,0,0,0.8158803222094362,0.1249800421476819,FAM49A;HPGD;GRIK1;JAKMIP2;DSTYK;CDC37L1;TNFRSF8;NADK;SVIL;KLF12;HNRNPA3;STAT1;CSNK1A1;SYNJ2;STXBP5L;SULT1B1;MFAP4;INCENP;NOS1AP;CNTN1;CLDN16;SCRG1;CD44;PAFAH1B1;MPHOSPH6
ChEA_2016,ETS1 22383799 ChIP-Seq G1ME Mouse,25/2000,0.8579715976871193,0.9999945617929702,0,0,0.8158803222094362,0.1249800421476819,HSP90AB1;FASTKD2;PTPRJ;ICAM5;EGFR;SOCS2;AGFG2;MPZL1;DDX18;CADM1;STAT1;CSNK1A1;TPM3;CFLAR;SKI;SQLE;RPS28;ILF3;RAD51;MYL1;CDK1;PDE5A;SCRG1;MET;CRLF2
ChEA_2016,RXR 22158963 ChIP-Seq LIVER Mouse,25/2000,0.8579715976871193,0.9999945617929702,0,0,0.8158803222094362,0.1249800421476819,NOTCH2;TMEM87A;CXCL9;SLC35D1;CSF1;PTPRJ;ENO1;HMGCR;CLDN1;CRKL;SOCS2;LMAN1;MPZL1;NADK;SREBF1;EIF2B2;ERLIN1;KMO;AGT;SKI;CYP2W1;RABEP1;SAG;CYP2E1;CFB
ChEA_2016,SOX3 22085726 ChIP-Seq MUSCLE Mouse,25/2000,0.8579715976871193,0.9999945617929702,0,0,0.8158803222094362,0.1249800421476819,MTMR1;HSP90AB1;WDR1;PSEN1;NR2E1;BZW1;ACTG2;MED17;CACNA1G;CDH6;SOCS2;ARIH2;TNFRSF8;NUP214;SREBF1;HSPA5;SORT1;API5;SLC34A1;PTPN12;INCENP;RCAN2;NOVA2;CDK1;PDE5A
ChEA_2016,SOX2 22085726 ChIP-Seq NPCs Mouse,25/2000,0.8579715976871193,0.9999945617929702,0,0,0.8158803222094362,0.1249800421476819,NOTCH2;RBM28;UBIAD1;ATP2C2;BZW1;CDH6;UBR5;ADORA1;IDH3B;DDX18;CADM1;HSPA5;STAT1;API5;NONO;ERLIN1;PTPN12;EML4;NOVA2;YME1L1;TLL2;MET;MATN3;CRLF2;MPHOSPH6
ChEA_2016,HNFA 21074721 ChIP-Seq CACO-2 Human,25/2000,0.8579715976871193,0.9999945617929702,0,0,0.8158803222094362,0.1249800421476819,NOTCH2;CLIC4;UBIAD1;SLC35D1;CSF1;ENO1;PDC;DSTYK;PSMD4;HLX;TNFRSF8;MPZL1;NADK;SVIL;TRAPPC3;EMX2;SORT1;GALNT2;KMO;USH2A;MTOR;SYTL2;SKI;CDK1;SERINC2
ChEA_2016,GATA6 21074721 ChIP-Seq CACO-2 Mouse,25/2000,0.8579715976871193,0.9999945617929702,0,0,0.8158803222094362,0.1249800421476819,CLIC4;UBIAD1;SLC35D1;CSF1;ENO1;PDC;DSTYK;PSMD4;HLX;TNFRSF8;MPZL1;NADK;SVIL;TRAPPC3;SORT1;TPM3;KMO;USH2A;AGT;MTOR;SKI;GJB3;RUFY2;CHI3L1;SERINC2
ChEA_2016,PHF8 20622854 ChIP-Seq HELA Human,25/2000,0.8579715976871193,0.9999945617929702,0,0,0.8158803222094362,0.1249800421476819,POM121;HSP90AB1;ICAM5;ATP2C2;KRI1;SLC6A3;C15ORF39;HLX;CD59;MTA2;AGFG2;NADK;PSD;API5;NONO;ERLIN1;PTPN12;USH2A;MFAP4;ADORA2B;AGBL2;CYP2E1;SCRG1;SERINC2;EIF4G2
ChEA_2016,PPARG 20176806 ChIP-Seq MACROPHAGES Mouse,17/1408,0.8544642201655493,0.9999945617929702,0,0,0.7906785925675659,0.1243584426238666,SVIL;UBIAD1;HNRNPA3;EIF2B2;ARL15;SPAG4;CNKSR2;SKI;GGA3;PLN;ADORA2B;HLX;COL4A6;FXN;CD44;MPZL1;PICALM
ChEA_2016,VDR 20736230 ChIP-Seq LYMPHOBLASTOID Human,5/483,0.8534306260606577,0.9999945617929702,0,0,0.6815828664633714,0.108024764920579,IKBKB;API5;ADAM23;KRI1;TARP
ChEA_2016,ZFP42 18358816 ChIP-ChIP MESCs Mouse,18/1480,0.8529118471159552,0.9999945617929702,0,0,0.7962569490933434,0.1266837491279192,DIDO1;COPA;FASTKD2;CSNK1A1;SLC11A2;DONSON;ENO1;KMO;ETS1;CRKL;POLA1;PARP11;MED25;GGA3;ARIH2;YME1L1;MPZL1;EIF4G2
ChEA_2016,KLF4 18358816 ChIP-ChIP MESCs Mouse,21/1700,0.8524204539677712,0.9999945617929702,0,0,0.8078733501123941,0.1289974868425022,OSR2;DIDO1;LTK;DST;ARL15;CSNK1A1;STMN2;SLC3A2;ENO1;PTPN12;CRKL;SKI;SOCS2;CSRP2;INCENP;ADORA1;CDC37L1;WDFY3;MYBL2;MPZL1;GPR135
ChEA_2016,ESR1 22446102 ChIP-Seq UTERUS Mouse,24/1916,0.8505439957592682,0.9999945617929702,0,0,0.8184575788215829,0.132491208328359,MAGI1;SREBF1;SVIL;CLIC4;CXCL9;DST;HPGD;FHL2;NRG1;ENO1;SYNJ2;LTBP1;EGFR;SYTL2;EML4;CLDN10;ILF3;RABEP1;CNR1;RCAN2;COL4A6;FXN;TNS1;CDKN3
ChEA_2016,TAL1 22897851 ChIP-Seq JUKARTE6-1 Human,24/2000,0.8993727400212127,0.9999945617929702,0,0,0.779968315437423,0.0827216566651747,NOTCH2;DDX18;SREBF1;PRPS1;STEAP4;HDGFRP3;GRIK1;SYNJ2;DBH;SLC6A3;ACTG2;IKBKB;SKI;ACTA2;DSTYK;KIAA1644;TNFRSF8;CHI3L1;ANAPC5;MYBL2;CYP2E1;MTA2;UTP14A;CRLF2
ChEA_2016,TAL1 20887958 ChIP-Seq HPC-7 Mouse,25/2067,0.8959817734165613,0.9999945617929702,0,0,0.7861276823078978,0.0863444978020332,NOTCH2;COPA;HSP90AB1;DDX3X;POLDIP3;PITPNA;PSEN1;PKMYT1;BZW1;SAMD14;PDCD11;ATP6V0A2;CDC37L1;MTA2;NADK;TIPIN;HSPA5;ARL15;FUS;CFLAR;LARP4;EML4;TOX4;SLC7A6;MCM3AP
ChEA_2016,FOXP2 21765815 ChIP-ChIP NEURO2A Mouse,13/1164,0.8954361854454259,0.9999945617929702,0,0,0.7299727248234379,0.0806213422249159,NOTCH2;TRAPPC3;CLIC4;CRABP1;PTPRJ;PSEN1;PDC;MALT1;SYTL2;OVOL2;CNKSR2;GALC;PDE5A
ChEA_2016,E2F4 17652178 ChIP-ChIP JURKAT Human,11/1002,0.8909201784874822,0.9999945617929702,0,0,0.7185744363632555,0.082995664979845,LMAN1;KLF12;ARL15;INCENP;FUS;NONO;SLC11A2;ZNF207;SNRPA1;SLC3A2;LARP4
ChEA_2016,TRP63 18441228 ChIP-ChIP KERATINOCYTES Mouse,1/143,0.885708839029268,0.9999945617929702,0,0,0.4606434594187197,0.0559069177363379,CLDN1
ChEA_2016,SPI1 22096565 ChIP-ChIP GC-B Mouse,20/1676,0.8845716098302829,0.9999945617929702,0,0,0.778295376121463,0.0954593349275841,DIDO1;DCTN5;COPA;EIF2B2;CBFB;FUS;GOSR2;ISG20L2;PTPRJ;PSEN1;KMO;MALT1;POLA1;PARP11;CLDN10;PDCD11;INCENP;UTP14A;CFB;PICALM
ChEA_2016,TAF7L 23326641 ChIP-Seq C3H10T1-2 Mouse,10/912,0.8821245290704439,0.9999945617929702,0,0,0.7186329230063461,0.0901324097437483,CLIC4;TOMM40;HSPA5;STAT1;UBR5;HR;ENO1;NADK;FGFR1;HSPD1
ChEA_2016,LMO2 20887958 ChIP-Seq HPC-7 Mouse,21/1741,0.8790908939254821,0.9999945617929702,0,0,0.7868217054263565,0.1013953374365856,TMEM87A;CLIC4;RING1;GRIK1;STK19;AKAP5;CFLAR;KMO;GIP;GGCT;GALC;SAMD14;PSMD4;GM2A;PRKAR1A;HLX;ADAM23;ATP6V0A2;TLL2;TGM4;PICALM
ChEA_2016,VDR 23401126 ChIP-Seq LCL-AND-THP1 Human,2/239,0.8762883392340409,0.9999945617929702,0,0,0.5511567977798545,0.0727858151220296,TRAPPC3;SERINC2
ChEA_2016,CTBP2 25329375 ChIP-Seq LNCAP Human,12/1053,0.8711751701073146,0.9999945617929702,0,0,0.7468379763048351,0.1029980747521424,CDH6;GALC;LMAN1;DCTN5;CDH2;GALNT2;CEACAM5;NRG1;ENO1;CYP2E1;HMGCR;MTA2
ChEA_2016,BMI1 19503595 ChIP-Seq MEFsC Mouse,7/661,0.8705690642539863,0.9999945617929702,0,0,0.6957551846865182,0.0964373628791968,TIPIN;LTK;CMA1;ARIH2;TNFRSF8;STK19;NADK
ChEA_2016,DMRT1 21621532 ChIP-ChIP FETAL Ovary,1/132,0.8648814878231913,0.9999945617929702,0,0,0.4996042788940233,0.0725239508871201,ADAM23
ChEA_2016,TDRD3 21172665 ChIP-Seq MCF-7 Human,7/655,0.8646330029369892,0.9999945617929702,0,0,0.7024185732945687,0.1021668771138356,MFAP4;PDE5A;HMGCR;MTA2;SLC6A3;OVOL2;RNF126P1
ChEA_2016,NFIB 24661679 ChIP-Seq LUNG Mouse,6/573,0.8631076252302838,0.9999945617929702,0,0,0.6886585321959472,0.1013814753452597,TMEM87A;SPAST;CSF1;WNT2;CFB;MED17
ChEA_2016,ERG 21242973 ChIP-ChIP JURKAT Human,3/321,0.8629864150769395,0.9999945617929702,0,0,0.6156533892382949,0.0907204237024155,FAM49A;RBPJL;WNT2
ChEA_2016,CTCF 18555785 ChIP-Seq MESCs Mouse,19/1568,0.8629592559225183,0.9999945617929702,0,0,0.792312340185035,0.1167771736470555,UNC45A;RBPJL;APP;DDX18;LRRC15;TRAPPC3;CADM1;API5;CLDN1;LTBP1;TOX4;NPC1;TCEB2;APBA1;MYH11;PDE5A;RPP14;FGFR2;PDLIM7
ChEA_2016,REST 19997604 ChIP-ChIP NEURONS Mouse,25/2118,0.9191727784138198,0.9999945617929702,0,0,0.7647569821482865,0.0644546111703681,NOTCH2;CXCL9;WDR1;STMN2;ICAM5;NR2E1;EGFR;LMAN1;PLN;CDH2;CNR1;ADAM23;UNC45A;RING1;MCF2;HUWE1;PTPN11;EML4;SQLE;PRKAR1A;CNTN1;SAG;CYP2E1;SCRG1;PAFAH1B1
ChEA_2016,EWS-ERG 20517297 ChIP-Seq CADO-ES1 Human,11/1038,0.9141677729385131,0.9999945617929702,0,0,0.6920516302058941,0.0621055197834047,CA12;UNC45A;SQLE;SULT1B1;HLX;SDC2;CNTN1;UTP14A;ETS1;MTOR;ATG2B
ChEA_2016,MYBL1 21750041 ChIP-ChIP SPERMATOCYTES Mouse,1/161,0.913112289370632,0.9999945617929702,0,0,0.4084448160535117,0.0371261701159197,ILF3
ChEA_2016,FUS 26573619 Chip-Seq HEK293 Human,5/543,0.913011636168702,0.9999945617929702,0,0,0.6036796673177494,0.0549388663002727,RGS17;KLF12;HNRNPA3;DDX3X;AKAP5
ChEA_2016,TAL1 20566737 ChIP-Seq PRIMARY FETAL LIVER ERYTHROID Mouse,22/1875,0.9107765384978006,0.9999945617929702,0,0,0.7621977970780418,0.071233256375086,FAM49A;NOTCH2;CLIC4;KLF12;HSPA5;FUS;GALNT2;PTPRJ;PSEN1;SYNJ2;LARP4;BZW1;LTBP1;CLDN10;INCENP;HLX;CNR1;COL4A3;NOS1AP;MTA2;CD44;EIF4G2
ChEA_2016,IKZF1 21737484 ChIP-ChIP HCT116 Human,1/155,0.9047960162244522,0.9999945617929702,0,0,0.4244885549233375,0.0424682788681493,IKBKB
ChEA_2016,RUNX1 26923725 Chip-Seq HPCs Mouse,9/859,0.901647912264012,0.9999945617929702,0,0,0.6858702243784112,0.0710089511143624,SQLE;CDV3;POM121;ILF3;CADM4;INCENP;UBR5;NOS1AP;MPHOSPH6
ChEA_2016,FOXP3 17237761 ChIP-ChIP TREG Mouse,2/257,0.9004396918230302,0.9999945617929702,0,0,0.5117778655086196,0.0536712135976996,ETS1;CD44
ChEA_2016,RARB 27405468 Chip-Seq BRAIN Mouse,24/2000,0.8993727400212127,0.9999945617929702,0,0,0.779968315437423,0.0827216566651747,FAM49A;TMEM87A;SREBF1;CADM4;SLC35D1;DST;FASTKD2;SLC34A1;TEX10;HDGFRP3;PTPN11;AKAP5;DTX3;PLCXD1;SOCS2;DSTYK;CNR1;ADORA1;PACSIN2;CDK1;AGFG2;MPZL1;CRLF2;PICALM
ChEA_2016,MYC 27129775 Chip-Seq CORNEA Mouse,24/2000,0.8993727400212127,0.9999945617929702,0,0,0.779968315437423,0.0827216566651747,VAC14;NRG1;SSTR1;HMGCR;CFLAR;PKMYT1;MALT1;CACNA1G;GIP;RRP7A;MFAP4;SPAST;AGBL2;ARIH2;IDH3B;FXN;AGFG2;LLGL1;CD44;MPZL1;CDKN3;IL13RA1;FGFR1;DACT1
ChEA_2016,CEBPB 26923725 Chip-Seq MACROPHAGESS Mouse,24/2000,0.8993727400212127,0.9999945617929702,0,0,0.779968315437423,0.0827216566651747,SREBF1;DIDO1;ANKLE2;STEAP4;DDX3X;GALNT2;FHL2;KRI1;PLCXD1;CLDN1;ETS1;MALT1;SLC7A6;GJB3;ADORA1;PACSIN2;TCEB2;TNFRSF8;PDE5A;CFB;NADK;FGFR2;MPHOSPH6;GLYR1
ChEA_2016,GATA3 22897851 ChIP-Seq JUKARTE6-1 Human,24/2000,0.8993727400212127,0.9999945617929702,0,0,0.779968315437423,0.0827216566651747,KLF12;STEAP4;SLC35D1;DST;GALNT2;ICAM5;NR2E1;KMO;PDC;ACTG2;JAKMIP2;IKBKB;MFAP4;TSR1;TNFRSF8;ANAPC5;MYH11;MS4A12;CYP2E1;UTP14A;EIF4G2;TNS1;CRLF2;PICALM
ChEA_2016,WDR5 24793694 ChIP-Seq LNCAP Human,9/757,0.8052216258580834,0.9999945617929702,0,0,0.783615414300678,0.1697606628465973,CLDN10;RBM28;ARL15;CYP2E1;MTA2;ETS1;SLC6A3;EGFR;MPZL1
ChEA_2016,TP53 22573176 ChIP-Seq HFKS Human,17/1348,0.8038439912850237,0.9999945617929702,0,0,0.8290294233990756,0.1810186320689752,RING1;ARL15;FASTKD2;SRSF1;WDR74;SLC3A2;PTPN12;HSPD1;PREX2;SQLE;DSTYK;PLN;COL4A3;NOS1AP;ANAPC5;PDLIM7;FGFR1
ChEA_2016,CUX1 19635798 ChIP-ChIP MULTIPLE HUMAN CANCER TYPES Human,41/3052,0.8021553188116325,0.9999945617929702,0,0,0.8774121656884859,0.1934281665474895,PHTF2;PRPS1;TOMM40;MVK;STMN2;SLC3A2;HMGCR;BZW1;LTBP1;ACTG2;PTHLH;CRKL;IKBKB;CDH2;CNR1;PACSIN2;TNFRSF8;CD59;IL13RA1;DACT1;DDX18;SVIL;RING1;HSPA5;SORT1;SYNJ2;SSTR1;KMO;PAICS;AGT;SYTL2;EML4;SKI;ACTA2;RPS28;SLC7A6;RAD51;PRKAR1A;CEACAM5;CHI3L1;PDE5A
ChEA_2016,RNF2 27304074 Chip-Seq NSC Mouse,13/1052,0.8010215813494932,0.9999945617929702,0,0,0.8135435774816981,0.1804987895921239,SVIL;RBM28;POM121;CADM1;GOSR2;NRG1;NR2E1;PLCXD1;ETS1;STXBP5L;SOCS2;GALC;YME1L1
ChEA_2016,MYC 19829295 ChIP-Seq ESCs Human,24/2000,0.8993727400212127,0.9999945617929702,0,0,0.779968315437423,0.0827216566651747,NUP214;DDX3X;DST;ARL15;FASTKD2;DOCK9;SIAH1;ATP2C2;AGT;PTHLH;SYTL2;CACNA1G;GIP;PREX2;IKBKB;GALC;CYP2W1;GGA3;MYL1;RCAN2;TNFRSF8;ZNF711;CLDN16;CDKN3
ChEA_2016,ERA 21632823 ChIP-Seq H3396 Human,24/2000,0.8993727400212127,0.9999945617929702,0,0,0.779968315437423,0.0827216566651747,NUP214;SVIL;RBM28;VAC14;CADM4;TPM3;FUS;GOSR2;SLC11A2;FHL2;PTPRJ;STK19;NAPG;PDC;ACTG2;SKI;DSTYK;SLC7A6;CSRP2;ATP6V0A2;ADORA1;CNTN1;APBA1;UTP14A
ChEA_2016,SMAD4 21741376 ChIP-Seq ESCs Human,24/2000,0.8993727400212127,0.9999945617929702,0,0,0.779968315437423,0.0827216566651747,CA12;MTMR1;OSR2;TRAPPC3;PHTF2;CADM1;STAT1;SIAH1;SSTR1;KRI1;KMO;AGT;OVOL2;IKBKB;PARP11;MED25;CCKBR;NPC1;CHI3L1;MYBL2;RPP14;AGFG2;FGFR2;PDLIM7
ChEA_2016,PPARA 22158963 ChIP-Seq LIVER Mouse,24/2000,0.8993727400212127,0.9999945617929702,0,0,0.779968315437423,0.0827216566651747,NOTCH2;SREBF1;HSP90AB1;CADM1;HSPA5;ARL15;STAT1;ERLIN1;ENO1;KMO;CLDN1;AGT;MTOR;BEST1;SOCS2;LMAN1;UBR5;ADORA1;TCEB2;SERINC2;CFB;LLGL1;MPZL1;PICALM
ChEA_2016,BCL6 25482012 ChIP-Seq CML-JURL-MK1 Human,22/2000,0.9553706643220428,0.9999945617929702,0,0,0.7090295407758728,0.0323713701998479,RBPJL;TRAPPC3;DST;HPGD;ARL15;PTPN11;SYNJ2;SSTR1;HMGCR;SQLE;RPS28;NOVA2;COL4A3;TCEB2;TNFRSF8;CD59;MYBL2;CD24;RPP14;AGFG2;TNS1;DACT1
ChEA_2016,CEBPB 20176806 ChIP-Seq MACROPHAGES Mouse,22/2000,0.9553706643220428,0.9999945617929702,0,0,0.7090295407758728,0.0323713701998479,TMEM87A;SVIL;RBM28;ANKLE2;POM121;EIF2B2;HSPA5;POLDIP3;SPAG4;PTPRJ;PTPN11;PTPN12;PDC;RRP7A;HLX;PACSIN2;SAG;ANAPC5;MET;CD44;TNS1;PICALM
ChEA_2016,CREB1 15753290 ChIP-ChIP HEK293T Human,9/957,0.9531088503557236,0.9999945617929702,0,0,0.6117708469267911,0.0293810065471238,PRPS1;RPS28;ZNF230;RAD51;HSPA5;STK19;PSEN1;NR2E1;HMGCR
ChEA_2016,EOMES 20176728 ChIP-ChIP TSCs Mouse,19/1744,0.948322464617658,0.9999945617929702,0,0,0.7045747588839032,0.0373852172373611,NOTCH2;CLIC4;COPA;ARL15;CSNK1A1;API5;CMA1;GOSR2;FHL2;SLC3A2;ENO1;PLCXD1;PAICS;SYTL2;GJB3;ADORA1;ANAPC5;FGFR2;PICALM
ChEA_2016,CBX2 27304074 Chip-Seq ESCs Mouse,8/840,0.9389742003282312,0.9999945617929702,0,0,0.6213119072708114,0.0391223182478736,DDX18;OSR2;EMX2;CDH2;HLX;MCF2;NR2E1;LLGL1
ChEA_2016,PPARG 23326641 ChIP-Seq C3H10T1-2 Mouse,8/838,0.9379901990537076,0.9999945617929702,0,0,0.6228750618914012,0.0398738321824099,DCTN5;RABEP1;HSPA5;CSNK1A1;PKMYT1;HNRNPA1;B4GALT7;NADK
ChEA_2016,THRA 23701648 ChIP-Seq CEREBELLUM Mouse,1/179,0.9339616732998496,0.9999945617929702,0,0,0.3668032016835143,0.0250599494777478,ADORA2B
ChEA_2016,E2F1 20622854 ChIP-Seq HELA Human,23/2000,0.9315314428578748,0.9999945617929702,0,0,0.7443524722028965,0.0527934480242414,PSD;PRPS1;POM121;TOMM40;HPGD;ZNF195;TPM3;API5;SLC34A1;KRI1;IKBKB;MFAP4;C15ORF39;ADORA2B;HLX;CYP2E1;MTA2;SERINC2;AGFG2;CFB;NADK;EIF4G2;GPR135
ChEA_2016,HCFC1 20581084 ChIP-Seq MESCs Mouse,2/306,0.9457615185683064,0.9999945617929702,0,0,0.4282055810667609,0.0238788141087112,TIPIN;RPS28
ChEA_2016,SIN3B 21632747 ChIP-Seq MESCs Mouse,54/4302,0.943230215806512,0.9999945617929702,0,0,0.798470442331542,0.0466665210459574,FAM49A;ALK;ANKLE2;CXCL9;FASTKD2;DOCK9;PITPNA;STMN2;ENO1;NR2E1;DBH;CSRP2;CDH2;ARIH2;TNFRSF8;TNPO2;NUP214;PSD;OSR2;KLF12;DST;TPM3;TEX10;SLC11A2;WDR74;SSTR1;ILF3;PRKAR1A;NOTCH2;VAC14;MVK;SRSF1;NAPG;MALT1;PTHLH;SOCS2;PDCD11;MTA2;RPP14;TRAPPC3;EIF2B2;HSPA5;CSNK1A1;FUS;API5;GALNT2;PTPN11;MTOR;SKI;RAD51;NOVA2;CDK1;SUGP2;FGFR2
ChEA_2016,CEBPA 23403033 ChIP-Seq LIVER Mouse,5/589,0.943147668032998,0.9999945617929702,0,0,0.5547945205479452,0.0324734629632111,GCDH;ADAM28;IZUMO4;STEAP4;INCENP
ChEA_2016,GATA2 19941826 ChIP-Seq K562 Human,28/2410,0.9430678901104184,0.9999945617929702,0,0,0.7484195189410777,0.0438701108228371,PHTF2;CLIC4;CSF1;HPGD;DOCK9;FHL2;PTPRJ;SLC3A2;ICAM5;LTBP1;HLX;CNR1;UBR5;ATP6V0A2;PACSIN2;CD59;MYBL2;MAGI1;ARL15;GALNT2;WDR74;SYNJ2;CFLAR;SULT2B1;GALC;ADORA2B;CFB;PICALM
ChEA_2016,GATA2 21186366 ChIP-Seq BM-HSCs Mouse,21/2000,0.9722042611030228,0.9999945617929702,0,0,0.6739963161583726,0.0189995190196451,FAM49A;SREBF1;RGS17;PITPNA;NR2E1;SSTR1;HMGCR;EGFR;CACNA1G;SOCS2;MCM3AP;CSRP2;RABEP1;PLN;ADORA2B;RUFY2;CDK1;LLGL1;PAFAH1B1;CDKN3;DACT1
ChEA_2016,TAL1 21186366 ChIP-Seq BM-HSCs Mouse,21/2000,0.9722042611030228,0.9999945617929702,0,0,0.6739963161583726,0.0189995190196451,FAM49A;SREBF1;RGS17;ARL15;NR2E1;SSTR1;HMGCR;EGFR;SOCS2;GALC;ADAM28;MCM3AP;CSRP2;RABEP1;PLN;ADORA2B;RUFY2;CDK1;LLGL1;GPR135;DACT1
ChEA_2016,ELF1 20517297 ChIP-Seq JURKAT Human,9/1020,0.9719693055868488,0.9999945617929702,0,0,0.5717213741625623,0.0162546410529006,PSD;C15ORF39;API5;NONO;MTA2;SERINC2;AGFG2;SLC6A3;NAPG
ChEA_2016,STAT1 20625510 ChIP-Seq HELA Human,5/656,0.970424850889694,0.9999945617929702,0,0,0.4959514697076206,0.0148891141891795,COL4A3;PTPRJ;SYNJ2;CFLAR;CFB
ChEA_2016,CEBPB 20176806 ChIP-Seq THIOMACROPHAGE Mouse,16/1588,0.9692224628721884,0.9999945617929702,0,0,0.6496792459592159,0.0203096967071611,APP;POM121;POLDIP3;PITPNA;SPAG4;SLC3A2;PDC;OVOL2;BEST1;SKI;ACTA2;GGA3;ADORA2B;MET;MATN3;CDKN3
ChEA_2016,CEBPB 26923725 Chip-Seq HEMANGIOBLAST Mouse,5/652,0.969216185503436,0.9999945617929702,0,0,0.4991224163675896,0.0156063552345657,NUP214;PARP11;KLF12;NR2E1;MPHOSPH6
ChEA_2016,GATA1 26923725 Chip-Seq HPCs Mouse,1/226,0.9677787704971634,0.9999945617929702,0,0,0.2894834633965069,0.0094810931198546,MPHOSPH6
ChEA_2016,REST 21632747 ChIP-Seq MESCs Mouse,26/2339,0.9631115364041378,0.9999945617929702,0,0,0.7132993142536157,0.026810105173943,FAM49A;ALK;LRRC15;ANKLE2;WDR1;STMN2;NR2E1;DBH;ETS1;PTHLH;CDH6;CDH2;HLX;UBR5;TGM4;NADK;DDX18;HNRNPA3;API5;NRG1;PTPN11;GALC;RAD51;NOVA2;TLL2;SUGP2
ChEA_2016,DNAJC2 21179169 ChIP-ChIP NT2 Human,8/899,0.9624674878903168,0.9999945617929702,0,0,0.5783558568946697,0.0221249987977828,SLC7A6;C15ORF39;STAT1;SLC11A2;CNTN1;APBA1;SERINC2;MALT1
ChEA_2016,STAT4 19710469 ChIP-ChIP TH1  Mouse,21/1939,0.9594512291846348,0.9999945617929702,0,0,0.6978259163330979,0.0288856623908411,PSD;SREBF1;PRPS1;CBFB;WDR1;STAT1;HUWE1;ISG20L2;STK19;PSEN1;KMO;OVOL2;GIP;EML4;PARP11;MYL1;ARIH2;TNFRSF8;TNS1;IL13RA1;PICALM
ChEA_2016,RUNX 20019798 ChIP-Seq JUKART Human,5/616,0.9561106157631788,0.9999945617929702,0,0,0.5295292518516463,0.0237661548912236,KLF12;API5;DOCK9;CD44;SYTL2
ChEA_2016,CTCF 26484167 Chip-Seq Bcells Mouse,22/2000,0.9553706643220428,0.9999945617929702,0,0,0.7090295407758728,0.0323713701998479,ALK;UNC45A;DDX18;LRRC15;OSR2;TRAPPC3;RBM28;POM121;TOMM40;DOCK9;GOSR2;HUWE1;SYNJ2;EML2;CNN1;ILF3;UBR5;TCEB2;APBA1;B4GALT7;LLGL1;PDLIM7
ChEA_2016,RXRA 24833708 ChIP-Seq LIVER Mouse,23/2000,0.9315314428578748,0.9999945617929702,0,0,0.7443524722028965,0.0527934480242414,NOTCH2;SREBF1;SVIL;TRAPPC3;VAC14;CADM4;STEAP4;SORT1;PITPNA;SPAG4;PSEN1;CLDN1;PDC;CRKL;JAKMIP2;ACTA2;MFAP4;RABEP1;PACSIN2;CDC37L1;TNFRSF8;CHI3L1;CFB
ChEA_2016,HTT 18923047 ChIP-ChIP STHdh Human,5/566,0.9294958541247376,0.9999945617929702,0,0,0.5782349919937159,0.0422764557415972,MFAP4;PSMD4;CYP2E1;LTBP1;PDC
ChEA_2016,YY1 22570637 ChIP-Seq MALME-3M Human,11/1049,0.920387471363475,0.9999945617929702,0,0,0.6843143921968652,0.0567710867698865,IKBKB;DIDO1;RPS28;API5;HLX;NONO;GOSR2;TSR1;STK19;MTA2;NADK
ChEA_2016,GATA1 19941826 ChIP-Seq K562 Human,10/967,0.919292322538364,0.9999945617929702,0,0,0.6753504125680106,0.0568314933187406,ARL15;DOCK9;HLX;GALNT2;UBR5;PTPRJ;CD59;LTBP1;MPZL1;PICALM
ChEA_2016,LUZP1 20508642 ChIP-Seq ESCs Mouse,22/2000,0.9553706643220428,0.9999945617929702,0,0,0.7090295407758728,0.0323713701998479,FAM49A;SREBF1;RGS17;GOSR2;PITPNA;PSEN1;DTX3;NR2E1;SLC6A3;EGFR;CACNA1G;SOCS2;GALC;MCM3AP;CSRP2;RABEP1;PLN;ADORA2B;RUFY2;CDK1;PAFAH1B1;DACT1
ChEA_2016,PU.1 20513432 ChIP-Seq MACROPHAGES Mouse,22/2000,0.9553706643220428,0.9999945617929702,0,0,0.7090295407758728,0.0323713701998479,LRRC15;ANKLE2;EIF2B2;HSP90AB1;STAT1;WDR74;CFLAR;EGFR;PDC;MALT1;GGCT;ACTA2;PRKAR1A;ADORA2B;HLX;ADORA1;SAG;TSR1;B4GALT7;TNS1;PAFAH1B1;CDKN3
ChEA_2016,GATA3 21867929 ChIP-Seq TH1 Mouse,22/2000,0.9553706643220428,0.9999945617929702,0,0,0.7090295407758728,0.0323713701998479,TRAPPC3;VAC14;EMX2;EIF2B2;SRRT;WDR74;PTPN11;NR2E1;PKMYT1;PLCXD1;MALT1;CDH6;SQLE;CNN1;DSTYK;MED25;RABEP1;GJB3;HLX;CNTN1;MYBL2;PDLIM7
ChEA_2016,RUNX1 22412390 ChIP-Seq EML Mouse,22/2000,0.9553706643220428,0.9999945617929702,0,0,0.7090295407758728,0.0323713701998479,TRAPPC3;CLIC4;HNRNPA3;STAT1;SLC34A1;SLC11A2;PSEN1;PTPN12;KRI1;OVOL2;SKI;GALC;PRKAR1A;ADORA2B;PACSIN2;CDC37L1;TNFRSF8;B4GALT7;AGFG2;CFB;ATG2B;GLYR1
ChEA_2016,RUNX1 20887958 ChIP-Seq HPC-7 Mouse,9/1120,0.9882718717383864,0.9999945617929702,0,0,0.5174775209479711,0.0061049127284051,GGCT;DDX18;TMEM87A;CLIC4;ADAM23;ATP6V0A2;AKAP5;B4GALT7;CRLF2
ChEA_2016,CTNNB1 20615089 ChIP-ChIP FETAL BRAIN Human,4/637,0.9872524193046722,0.9999945617929702,0,0,0.4070492293241108,0.0052222495945724,MTMR1;PRPS1;POM121;FGFR1
ChEA_2016,RAD21 21589869 ChIP-Seq MESCs Mouse,20/2036,0.987138517831715,0.9999945617929702,0,0,0.6265589569160998,0.0081107474989362,ALK;APP;SREBF1;OSR2;TRAPPC3;EMX2;SORT1;GOSR2;EML2;STXBP5L;ACTA2;GJB3;TLL2;WDFY3;PDE5A;RPP14;FXN;CFB;ATG2B;DACT1
ChEA_2016,SETDB1 19884255 ChIP-Seq MESCs Mouse,20/2020,0.9856233089790656,0.9999945617929702,0,0,0.6321428571428571,0.0091540840720884,PSD;APP;SVIL;OSR2;DIDO1;FUS;POLDIP3;STMN2;WDR74;HR;ICAM5;PSEN1;PLCXD1;OVOL2;HSPD1;SKI;SOCS2;SLC7A6;MYBL2;PDLIM7
ChEA_2016,CEBPA 20513432 ChIP-Seq MACROPHAGES Mouse,20/2000,0.983503794542309,0.9999945617929702,0,0,0.6392496392496393,0.010633139755139,TMEM87A;ANKLE2;CADM1;HSPA5;POLDIP3;PITPNA;PTPRJ;PDC;AGT;GGCT;PRKAR1A;ADORA2B;SAG;MYH11;MTA2;FXN;MATN3;MPZL1;TNS1;CDKN3
ChEA_2016,CEBPB 24764292 ChIP-Seq MC3T3 Mouse,20/2000,0.983503794542309,0.9999945617929702,0,0,0.6392496392496393,0.010633139755139,GCDH;EIF2B2;RING1;WDR1;DST;ARL15;PTPN11;PTPN12;BZW1;RRP7A;TOX4;MCM3AP;SPAST;CSRP2;INCENP;HLX;MTA2;EIF4G2;CRLF2;PICALM
ChEA_2016,HSF1 23293686 ChIP-Seq STHDH STRIATAL Mouse,10/1156,0.981500561324226,0.9999945617929702,0,0,0.5582836853824397,0.0104246600657775,DCTN5;GGA3;HSP90AB1;WDR1;API5;DBH;CFLAR;MPZL1;NADK;HSPD1
ChEA_2016,NR1H3 23393188 ChIP-Seq ATHEROSCLEROTIC-FOAM Human,4/599,0.9805383126278816,0.9999945617929702,0,0,0.433908698614581,0.008527850437458,SREBF1;TOMM40;SORT1;AGT
ChEA_2016,HOXC9 25013753 ChIP-Seq NEUROBLASTOMA BE2-C Human,20/2014,0.9850147983406612,0.9999945617929702,0,0,0.634259922625018,0.0095764458912351,NUP214;RBM28;TIPIN;ZNF230;KLF12;HSP90AB1;ARL15;LARP4;SAMD14;RPS28;DSTYK;PSMD4;SPATA5L1;PDCD11;HLX;IDH3B;YME1L1;ANAPC5;FXN;AGFG2
ChEA_2016,PAX6 23342162 ChIP-ChIP BETA-FORBRAIN-LENS Mouse,8/1001,0.9847407778242934,0.9999945617929702,0,0,0.5161334823214556,0.0079365030946608,CLDN10;CENPI;GOSR2;COL4A6;GRIK1;SYNJ2;SSTR1;PICALM
ChEA_2016,GATA2 22383799 ChIP-Seq G1ME Mouse,20/2000,0.983503794542309,0.9999945617929702,0,0,0.6392496392496393,0.010633139755139,NOTCH2;POM121;WDR1;DONSON;PSEN1;DTX3;CFLAR;KRI1;KMO;GIP;SAMD14;CSRP2;RABEP1;RAD51;PRKAR1A;HLX;PACSIN2;SAG;MTA2;AGFG2
ChEA_2016,ETS1 21867929 ChIP-Seq TH2 Mouse,20/2000,0.983503794542309,0.9999945617929702,0,0,0.6392496392496393,0.010633139755139,ALK;TRAPPC3;TIPIN;KLF12;HSP90AB1;CADM1;SORT1;STAT1;MCF2;PSEN1;BZW1;HSPD1;MFAP4;SLC7A6;ADAM28;RABEP1;MYL1;B4GALT7;TNS1;PAFAH1B1
ChEA_2016,TCF12/HEB 22897851 ChIP-Seq JUKARTE6-1 Human,21/2000,0.9722042611030228,0.9999945617929702,0,0,0.6739963161583726,0.0189995190196451,SREBF1;KLF12;STEAP4;DOCK9;GRIK1;SYNJ2;DBH;TARP;ACTG2;RRP7A;C15ORF39;CSRP2;ADORA2B;HLX;KIAA1644;TNFRSF8;CYP2E1;MTA2;SCRG1;CD44;GPR135
ChEA_2016,ZIC3 20872845 ChIP-ChIP MESCs Mouse,2/365,0.974549523539177,0.9999945617929702,0,0,0.3575165936361787,0.0092167570090167,SOCS2;CHI3L1
ChEA_2016,NOTCH1 21737748 ChIP-Seq TLL Human,1/245,0.9759038908038232,0.9999945617929702,0,0,0.2666812873512802,0.0065046686035631,UTP14A
ChEA_2016,FLI1 20887958 ChIP-Seq HPC-7 Mouse,21/2030,0.97706969005901,0.9999945617929702,0,0,0.6628076879847139,0.0153753479976963,NUP214;DCTN5;COPA;FASTKD2;ICAM5;CFLAR;PAICS;NAPG;MTOR;BEST1;EML4;MCM3AP;RAD51;PDCD11;PRKAR1A;RPP14;B4GALT7;NADK;TNS1;CRLF2;PICALM
